seed,borrower_id,group_id,split
42,0,0,train
42,1,0,train
42,2,0,train
42,3,0,train
42,4,0,train
42,5,0,train
42,6,0,train
42,7,0,train
42,8,0,train
42,9,0,train
42,10,1,train
42,11,1,train
42,12,1,train
42,13,1,train
42,14,1,train
42,15,1,train
42,16,1,train
42,17,1,train
42,18,1,train
42,19,1,train
42,20,2,train
42,21,2,train
42,22,2,train
42,23,2,train
42,24,2,train
42,25,2,train
42,26,2,train
42,27,2,train
42,28,2,train
42,29,2,train
42,30,3,train
42,31,3,train
42,32,3,train
42,33,3,train
42,34,3,train
42,35,3,train
42,36,3,train
42,37,3,train
42,38,3,train
42,39,3,train
42,40,4,train
42,41,4,train
42,42,4,train
42,43,4,train
42,44,4,train
42,45,4,train
42,46,4,train
42,47,4,train
42,48,4,train
42,49,4,train
42,50,5,train
42,51,5,train
42,52,5,train
42,53,5,train
42,54,5,train
42,55,5,train
42,56,5,train
42,57,5,train
42,58,5,train
42,59,5,train
42,60,6,train
42,61,6,train
42,62,6,train
42,63,6,train
42,64,6,train
42,65,6,train
42,66,6,train
42,67,6,train
42,68,6,train
42,69,6,train
42,70,7,train
42,71,7,train
42,72,7,train
42,73,7,train
42,74,7,train
42,75,7,train
42,76,7,train
42,77,7,train
42,78,7,train
42,79,7,train
42,80,8,train
42,81,8,train
42,82,8,train
42,83,8,train
42,84,8,train
42,85,8,train
42,86,8,train
42,87,8,train
42,88,8,train
42,89,8,train
42,90,9,train
42,91,9,train
42,92,9,train
42,93,9,train
42,94,9,train
42,95,9,train
42,96,9,train
42,97,9,train
42,98,9,train
42,99,9,train
42,100,10,train
42,101,10,train
42,102,10,train
42,103,10,train
42,104,10,train
42,105,10,train
42,106,10,train
42,107,10,train
42,108,10,train
42,109,10,train
42,110,11,train
42,111,11,train
42,112,11,train
42,113,11,train
42,114,11,train
42,115,11,train
42,116,11,train
42,117,11,train
42,118,11,train
42,119,11,train
42,120,12,train
42,121,12,train
42,122,12,train
42,123,12,train
42,124,12,train
42,125,12,train
42,126,12,train
42,127,12,train
42,128,12,train
42,129,12,train
42,130,13,train
42,131,13,train
42,132,13,train
42,133,13,train
42,134,13,train
42,135,13,train
42,136,13,train
42,137,13,train
42,138,13,train
42,139,13,train
42,150,15,train
42,151,15,train
42,152,15,train
42,153,15,train
42,154,15,train
42,155,15,train
42,156,15,train
42,157,15,train
42,158,15,train
42,159,15,train
42,160,16,train
42,161,16,train
42,162,16,train
42,163,16,train
42,164,16,train
42,165,16,train
42,166,16,train
42,167,16,train
42,168,16,train
42,169,16,train
42,210,21,train
42,211,21,train
42,212,21,train
42,213,21,train
42,214,21,train
42,215,21,train
42,216,21,train
42,217,21,train
42,218,21,train
42,219,21,train
42,220,22,train
42,221,22,train
42,222,22,train
42,223,22,train
42,224,22,train
42,225,22,train
42,226,22,train
42,227,22,train
42,228,22,train
42,229,22,train
42,230,23,train
42,231,23,train
42,232,23,train
42,233,23,train
42,234,23,train
42,235,23,train
42,236,23,train
42,237,23,train
42,238,23,train
42,239,23,train
42,240,24,train
42,241,24,train
42,242,24,train
42,243,24,train
42,244,24,train
42,245,24,train
42,246,24,train
42,247,24,train
42,248,24,train
42,249,24,train
42,260,26,train
42,261,26,train
42,262,26,train
42,263,26,train
42,264,26,train
42,265,26,train
42,266,26,train
42,267,26,train
42,268,26,train
42,269,26,train
42,290,29,train
42,291,29,train
42,292,29,train
42,293,29,train
42,294,29,train
42,295,29,train
42,296,29,train
42,297,29,train
42,298,29,train
42,299,29,train
42,300,30,train
42,301,30,train
42,302,30,train
42,303,30,train
42,304,30,train
42,305,30,train
42,306,30,train
42,307,30,train
42,308,30,train
42,309,30,train
42,310,31,train
42,311,31,train
42,312,31,train
42,313,31,train
42,314,31,train
42,315,31,train
42,316,31,train
42,317,31,train
42,318,31,train
42,319,31,train
42,330,33,train
42,331,33,train
42,332,33,train
42,333,33,train
42,334,33,train
42,335,33,train
42,336,33,train
42,337,33,train
42,338,33,train
42,339,33,train
42,360,36,train
42,361,36,train
42,362,36,train
42,363,36,train
42,364,36,train
42,365,36,train
42,366,36,train
42,367,36,train
42,368,36,train
42,369,36,train
42,380,38,train
42,381,38,train
42,382,38,train
42,383,38,train
42,384,38,train
42,385,38,train
42,386,38,train
42,387,38,train
42,388,38,train
42,389,38,train
42,390,39,train
42,391,39,train
42,392,39,train
42,393,39,train
42,394,39,train
42,395,39,train
42,396,39,train
42,397,39,train
42,398,39,train
42,399,39,train
42,410,41,train
42,411,41,train
42,412,41,train
42,413,41,train
42,414,41,train
42,415,41,train
42,416,41,train
42,417,41,train
42,418,41,train
42,419,41,train
42,420,42,train
42,421,42,train
42,422,42,train
42,423,42,train
42,424,42,train
42,425,42,train
42,426,42,train
42,427,42,train
42,428,42,train
42,429,42,train
42,440,44,train
42,441,44,train
42,442,44,train
42,443,44,train
42,444,44,train
42,445,44,train
42,446,44,train
42,447,44,train
42,448,44,train
42,449,44,train
42,450,45,train
42,451,45,train
42,452,45,train
42,453,45,train
42,454,45,train
42,455,45,train
42,456,45,train
42,457,45,train
42,458,45,train
42,459,45,train
42,470,47,train
42,471,47,train
42,472,47,train
42,473,47,train
42,474,47,train
42,475,47,train
42,476,47,train
42,477,47,train
42,478,47,train
42,479,47,train
42,480,48,train
42,481,48,train
42,482,48,train
42,483,48,train
42,484,48,train
42,485,48,train
42,486,48,train
42,487,48,train
42,488,48,train
42,489,48,train
42,490,49,train
42,491,49,train
42,492,49,train
42,493,49,train
42,494,49,train
42,495,49,train
42,496,49,train
42,497,49,train
42,498,49,train
42,499,49,train
42,500,50,train
42,501,50,train
42,502,50,train
42,503,50,train
42,504,50,train
42,505,50,train
42,506,50,train
42,507,50,train
42,508,50,train
42,509,50,train
42,510,51,train
42,511,51,train
42,512,51,train
42,513,51,train
42,514,51,train
42,515,51,train
42,516,51,train
42,517,51,train
42,518,51,train
42,519,51,train
42,530,53,train
42,531,53,train
42,532,53,train
42,533,53,train
42,534,53,train
42,535,53,train
42,536,53,train
42,537,53,train
42,538,53,train
42,539,53,train
42,540,54,train
42,541,54,train
42,542,54,train
42,543,54,train
42,544,54,train
42,545,54,train
42,546,54,train
42,547,54,train
42,548,54,train
42,549,54,train
42,580,58,train
42,581,58,train
42,582,58,train
42,583,58,train
42,584,58,train
42,585,58,train
42,586,58,train
42,587,58,train
42,588,58,train
42,589,58,train
42,600,60,train
42,601,60,train
42,602,60,train
42,603,60,train
42,604,60,train
42,605,60,train
42,606,60,train
42,607,60,train
42,608,60,train
42,609,60,train
42,610,61,train
42,611,61,train
42,612,61,train
42,613,61,train
42,614,61,train
42,615,61,train
42,616,61,train
42,617,61,train
42,618,61,train
42,619,61,train
42,620,62,train
42,621,62,train
42,622,62,train
42,623,62,train
42,624,62,train
42,625,62,train
42,626,62,train
42,627,62,train
42,628,62,train
42,629,62,train
42,630,63,train
42,631,63,train
42,632,63,train
42,633,63,train
42,634,63,train
42,635,63,train
42,636,63,train
42,637,63,train
42,638,63,train
42,639,63,train
42,640,64,train
42,641,64,train
42,642,64,train
42,643,64,train
42,644,64,train
42,645,64,train
42,646,64,train
42,647,64,train
42,648,64,train
42,649,64,train
42,650,65,train
42,651,65,train
42,652,65,train
42,653,65,train
42,654,65,train
42,655,65,train
42,656,65,train
42,657,65,train
42,658,65,train
42,659,65,train
42,660,66,train
42,661,66,train
42,662,66,train
42,663,66,train
42,664,66,train
42,665,66,train
42,666,66,train
42,667,66,train
42,668,66,train
42,669,66,train
42,670,67,train
42,671,67,train
42,672,67,train
42,673,67,train
42,674,67,train
42,675,67,train
42,676,67,train
42,677,67,train
42,678,67,train
42,679,67,train
42,690,69,train
42,691,69,train
42,692,69,train
42,693,69,train
42,694,69,train
42,695,69,train
42,696,69,train
42,697,69,train
42,698,69,train
42,699,69,train
42,720,72,train
42,721,72,train
42,722,72,train
42,723,72,train
42,724,72,train
42,725,72,train
42,726,72,train
42,727,72,train
42,728,72,train
42,729,72,train
42,730,73,train
42,731,73,train
42,732,73,train
42,733,73,train
42,734,73,train
42,735,73,train
42,736,73,train
42,737,73,train
42,738,73,train
42,739,73,train
42,750,75,train
42,751,75,train
42,752,75,train
42,753,75,train
42,754,75,train
42,755,75,train
42,756,75,train
42,757,75,train
42,758,75,train
42,759,75,train
42,760,76,train
42,761,76,train
42,762,76,train
42,763,76,train
42,764,76,train
42,765,76,train
42,766,76,train
42,767,76,train
42,768,76,train
42,769,76,train
42,770,77,train
42,771,77,train
42,772,77,train
42,773,77,train
42,774,77,train
42,775,77,train
42,776,77,train
42,777,77,train
42,778,77,train
42,779,77,train
42,780,78,train
42,781,78,train
42,782,78,train
42,783,78,train
42,784,78,train
42,785,78,train
42,786,78,train
42,787,78,train
42,788,78,train
42,789,78,train
42,810,81,train
42,811,81,train
42,812,81,train
42,813,81,train
42,814,81,train
42,815,81,train
42,816,81,train
42,817,81,train
42,818,81,train
42,819,81,train
42,850,85,train
42,851,85,train
42,852,85,train
42,853,85,train
42,854,85,train
42,855,85,train
42,856,85,train
42,857,85,train
42,858,85,train
42,859,85,train
42,860,86,train
42,861,86,train
42,862,86,train
42,863,86,train
42,864,86,train
42,865,86,train
42,866,86,train
42,867,86,train
42,868,86,train
42,869,86,train
42,880,88,train
42,881,88,train
42,882,88,train
42,883,88,train
42,884,88,train
42,885,88,train
42,886,88,train
42,887,88,train
42,888,88,train
42,889,88,train
42,890,89,train
42,891,89,train
42,892,89,train
42,893,89,train
42,894,89,train
42,895,89,train
42,896,89,train
42,897,89,train
42,898,89,train
42,899,89,train
42,910,91,train
42,911,91,train
42,912,91,train
42,913,91,train
42,914,91,train
42,915,91,train
42,916,91,train
42,917,91,train
42,918,91,train
42,919,91,train
42,920,92,train
42,921,92,train
42,922,92,train
42,923,92,train
42,924,92,train
42,925,92,train
42,926,92,train
42,927,92,train
42,928,92,train
42,929,92,train
42,950,95,train
42,951,95,train
42,952,95,train
42,953,95,train
42,954,95,train
42,955,95,train
42,956,95,train
42,957,95,train
42,958,95,train
42,959,95,train
42,970,97,train
42,971,97,train
42,972,97,train
42,973,97,train
42,974,97,train
42,975,97,train
42,976,97,train
42,977,97,train
42,978,97,train
42,979,97,train
42,980,98,train
42,981,98,train
42,982,98,train
42,983,98,train
42,984,98,train
42,985,98,train
42,986,98,train
42,987,98,train
42,988,98,train
42,989,98,train
42,990,99,train
42,991,99,train
42,992,99,train
42,993,99,train
42,994,99,train
42,995,99,train
42,996,99,train
42,997,99,train
42,998,99,train
42,999,99,train
42,1020,102,train
42,1021,102,train
42,1022,102,train
42,1023,102,train
42,1024,102,train
42,1025,102,train
42,1026,102,train
42,1027,102,train
42,1028,102,train
42,1029,102,train
42,1030,103,train
42,1031,103,train
42,1032,103,train
42,1033,103,train
42,1034,103,train
42,1035,103,train
42,1036,103,train
42,1037,103,train
42,1038,103,train
42,1039,103,train
42,1040,104,train
42,1041,104,train
42,1042,104,train
42,1043,104,train
42,1044,104,train
42,1045,104,train
42,1046,104,train
42,1047,104,train
42,1048,104,train
42,1049,104,train
42,1070,107,train
42,1071,107,train
42,1072,107,train
42,1073,107,train
42,1074,107,train
42,1075,107,train
42,1076,107,train
42,1077,107,train
42,1078,107,train
42,1079,107,train
42,1080,108,train
42,1081,108,train
42,1082,108,train
42,1083,108,train
42,1084,108,train
42,1085,108,train
42,1086,108,train
42,1087,108,train
42,1088,108,train
42,1089,108,train
42,1090,109,train
42,1091,109,train
42,1092,109,train
42,1093,109,train
42,1094,109,train
42,1095,109,train
42,1096,109,train
42,1097,109,train
42,1098,109,train
42,1099,109,train
42,1100,110,train
42,1101,110,train
42,1102,110,train
42,1103,110,train
42,1104,110,train
42,1105,110,train
42,1106,110,train
42,1107,110,train
42,1108,110,train
42,1109,110,train
42,1110,111,train
42,1111,111,train
42,1112,111,train
42,1113,111,train
42,1114,111,train
42,1115,111,train
42,1116,111,train
42,1117,111,train
42,1118,111,train
42,1119,111,train
42,1140,114,train
42,1141,114,train
42,1142,114,train
42,1143,114,train
42,1144,114,train
42,1145,114,train
42,1146,114,train
42,1147,114,train
42,1148,114,train
42,1149,114,train
42,1150,115,train
42,1151,115,train
42,1152,115,train
42,1153,115,train
42,1154,115,train
42,1155,115,train
42,1156,115,train
42,1157,115,train
42,1158,115,train
42,1159,115,train
42,1160,116,train
42,1161,116,train
42,1162,116,train
42,1163,116,train
42,1164,116,train
42,1165,116,train
42,1166,116,train
42,1167,116,train
42,1168,116,train
42,1169,116,train
42,1180,118,train
42,1181,118,train
42,1182,118,train
42,1183,118,train
42,1184,118,train
42,1185,118,train
42,1186,118,train
42,1187,118,train
42,1188,118,train
42,1189,118,train
42,1190,119,train
42,1191,119,train
42,1192,119,train
42,1193,119,train
42,1194,119,train
42,1195,119,train
42,1196,119,train
42,1197,119,train
42,1198,119,train
42,1199,119,train
42,1200,120,train
42,1201,120,train
42,1202,120,train
42,1203,120,train
42,1204,120,train
42,1205,120,train
42,1206,120,train
42,1207,120,train
42,1208,120,train
42,1209,120,train
42,1220,122,train
42,1221,122,train
42,1222,122,train
42,1223,122,train
42,1224,122,train
42,1225,122,train
42,1226,122,train
42,1227,122,train
42,1228,122,train
42,1229,122,train
42,1250,125,train
42,1251,125,train
42,1252,125,train
42,1253,125,train
42,1254,125,train
42,1255,125,train
42,1256,125,train
42,1257,125,train
42,1258,125,train
42,1259,125,train
42,1270,127,train
42,1271,127,train
42,1272,127,train
42,1273,127,train
42,1274,127,train
42,1275,127,train
42,1276,127,train
42,1277,127,train
42,1278,127,train
42,1279,127,train
42,1280,128,train
42,1281,128,train
42,1282,128,train
42,1283,128,train
42,1284,128,train
42,1285,128,train
42,1286,128,train
42,1287,128,train
42,1288,128,train
42,1289,128,train
42,1290,129,train
42,1291,129,train
42,1292,129,train
42,1293,129,train
42,1294,129,train
42,1295,129,train
42,1296,129,train
42,1297,129,train
42,1298,129,train
42,1299,129,train
42,1300,130,train
42,1301,130,train
42,1302,130,train
42,1303,130,train
42,1304,130,train
42,1305,130,train
42,1306,130,train
42,1307,130,train
42,1308,130,train
42,1309,130,train
42,1310,131,train
42,1311,131,train
42,1312,131,train
42,1313,131,train
42,1314,131,train
42,1315,131,train
42,1316,131,train
42,1317,131,train
42,1318,131,train
42,1319,131,train
42,1320,132,train
42,1321,132,train
42,1322,132,train
42,1323,132,train
42,1324,132,train
42,1325,132,train
42,1326,132,train
42,1327,132,train
42,1328,132,train
42,1329,132,train
42,1330,133,train
42,1331,133,train
42,1332,133,train
42,1333,133,train
42,1334,133,train
42,1335,133,train
42,1336,133,train
42,1337,133,train
42,1338,133,train
42,1339,133,train
42,1340,134,train
42,1341,134,train
42,1342,134,train
42,1343,134,train
42,1344,134,train
42,1345,134,train
42,1346,134,train
42,1347,134,train
42,1348,134,train
42,1349,134,train
42,1350,135,train
42,1351,135,train
42,1352,135,train
42,1353,135,train
42,1354,135,train
42,1355,135,train
42,1356,135,train
42,1357,135,train
42,1358,135,train
42,1359,135,train
42,1360,136,train
42,1361,136,train
42,1362,136,train
42,1363,136,train
42,1364,136,train
42,1365,136,train
42,1366,136,train
42,1367,136,train
42,1368,136,train
42,1369,136,train
42,1370,137,train
42,1371,137,train
42,1372,137,train
42,1373,137,train
42,1374,137,train
42,1375,137,train
42,1376,137,train
42,1377,137,train
42,1378,137,train
42,1379,137,train
42,1380,138,train
42,1381,138,train
42,1382,138,train
42,1383,138,train
42,1384,138,train
42,1385,138,train
42,1386,138,train
42,1387,138,train
42,1388,138,train
42,1389,138,train
42,1420,142,train
42,1421,142,train
42,1422,142,train
42,1423,142,train
42,1424,142,train
42,1425,142,train
42,1426,142,train
42,1427,142,train
42,1428,142,train
42,1429,142,train
42,1430,143,train
42,1431,143,train
42,1432,143,train
42,1433,143,train
42,1434,143,train
42,1435,143,train
42,1436,143,train
42,1437,143,train
42,1438,143,train
42,1439,143,train
42,1460,146,train
42,1461,146,train
42,1462,146,train
42,1463,146,train
42,1464,146,train
42,1465,146,train
42,1466,146,train
42,1467,146,train
42,1468,146,train
42,1469,146,train
42,1470,147,train
42,1471,147,train
42,1472,147,train
42,1473,147,train
42,1474,147,train
42,1475,147,train
42,1476,147,train
42,1477,147,train
42,1478,147,train
42,1479,147,train
42,1490,149,train
42,1491,149,train
42,1492,149,train
42,1493,149,train
42,1494,149,train
42,1495,149,train
42,1496,149,train
42,1497,149,train
42,1498,149,train
42,1499,149,train
42,1520,152,train
42,1521,152,train
42,1522,152,train
42,1523,152,train
42,1524,152,train
42,1525,152,train
42,1526,152,train
42,1527,152,train
42,1528,152,train
42,1529,152,train
42,1540,154,train
42,1541,154,train
42,1542,154,train
42,1543,154,train
42,1544,154,train
42,1545,154,train
42,1546,154,train
42,1547,154,train
42,1548,154,train
42,1549,154,train
42,1560,156,train
42,1561,156,train
42,1562,156,train
42,1563,156,train
42,1564,156,train
42,1565,156,train
42,1566,156,train
42,1567,156,train
42,1568,156,train
42,1569,156,train
42,1570,157,train
42,1571,157,train
42,1572,157,train
42,1573,157,train
42,1574,157,train
42,1575,157,train
42,1576,157,train
42,1577,157,train
42,1578,157,train
42,1579,157,train
42,1600,160,train
42,1601,160,train
42,1602,160,train
42,1603,160,train
42,1604,160,train
42,1605,160,train
42,1606,160,train
42,1607,160,train
42,1608,160,train
42,1609,160,train
42,1620,162,train
42,1621,162,train
42,1622,162,train
42,1623,162,train
42,1624,162,train
42,1625,162,train
42,1626,162,train
42,1627,162,train
42,1628,162,train
42,1629,162,train
42,1630,163,train
42,1631,163,train
42,1632,163,train
42,1633,163,train
42,1634,163,train
42,1635,163,train
42,1636,163,train
42,1637,163,train
42,1638,163,train
42,1639,163,train
42,1640,164,train
42,1641,164,train
42,1642,164,train
42,1643,164,train
42,1644,164,train
42,1645,164,train
42,1646,164,train
42,1647,164,train
42,1648,164,train
42,1649,164,train
42,1650,165,train
42,1651,165,train
42,1652,165,train
42,1653,165,train
42,1654,165,train
42,1655,165,train
42,1656,165,train
42,1657,165,train
42,1658,165,train
42,1659,165,train
42,1670,167,train
42,1671,167,train
42,1672,167,train
42,1673,167,train
42,1674,167,train
42,1675,167,train
42,1676,167,train
42,1677,167,train
42,1678,167,train
42,1679,167,train
42,1710,171,train
42,1711,171,train
42,1712,171,train
42,1713,171,train
42,1714,171,train
42,1715,171,train
42,1716,171,train
42,1717,171,train
42,1718,171,train
42,1719,171,train
42,1720,172,train
42,1721,172,train
42,1722,172,train
42,1723,172,train
42,1724,172,train
42,1725,172,train
42,1726,172,train
42,1727,172,train
42,1728,172,train
42,1729,172,train
42,1730,173,train
42,1731,173,train
42,1732,173,train
42,1733,173,train
42,1734,173,train
42,1735,173,train
42,1736,173,train
42,1737,173,train
42,1738,173,train
42,1739,173,train
42,1740,174,train
42,1741,174,train
42,1742,174,train
42,1743,174,train
42,1744,174,train
42,1745,174,train
42,1746,174,train
42,1747,174,train
42,1748,174,train
42,1749,174,train
42,1760,176,train
42,1761,176,train
42,1762,176,train
42,1763,176,train
42,1764,176,train
42,1765,176,train
42,1766,176,train
42,1767,176,train
42,1768,176,train
42,1769,176,train
42,1770,177,train
42,1771,177,train
42,1772,177,train
42,1773,177,train
42,1774,177,train
42,1775,177,train
42,1776,177,train
42,1777,177,train
42,1778,177,train
42,1779,177,train
42,1800,180,train
42,1801,180,train
42,1802,180,train
42,1803,180,train
42,1804,180,train
42,1805,180,train
42,1806,180,train
42,1807,180,train
42,1808,180,train
42,1809,180,train
42,1810,181,train
42,1811,181,train
42,1812,181,train
42,1813,181,train
42,1814,181,train
42,1815,181,train
42,1816,181,train
42,1817,181,train
42,1818,181,train
42,1819,181,train
42,1830,183,train
42,1831,183,train
42,1832,183,train
42,1833,183,train
42,1834,183,train
42,1835,183,train
42,1836,183,train
42,1837,183,train
42,1838,183,train
42,1839,183,train
42,1850,185,train
42,1851,185,train
42,1852,185,train
42,1853,185,train
42,1854,185,train
42,1855,185,train
42,1856,185,train
42,1857,185,train
42,1858,185,train
42,1859,185,train
42,1860,186,train
42,1861,186,train
42,1862,186,train
42,1863,186,train
42,1864,186,train
42,1865,186,train
42,1866,186,train
42,1867,186,train
42,1868,186,train
42,1869,186,train
42,1870,187,train
42,1871,187,train
42,1872,187,train
42,1873,187,train
42,1874,187,train
42,1875,187,train
42,1876,187,train
42,1877,187,train
42,1878,187,train
42,1879,187,train
42,1890,189,train
42,1891,189,train
42,1892,189,train
42,1893,189,train
42,1894,189,train
42,1895,189,train
42,1896,189,train
42,1897,189,train
42,1898,189,train
42,1899,189,train
42,1900,190,train
42,1901,190,train
42,1902,190,train
42,1903,190,train
42,1904,190,train
42,1905,190,train
42,1906,190,train
42,1907,190,train
42,1908,190,train
42,1909,190,train
42,1930,193,train
42,1931,193,train
42,1932,193,train
42,1933,193,train
42,1934,193,train
42,1935,193,train
42,1936,193,train
42,1937,193,train
42,1938,193,train
42,1939,193,train
42,1970,197,train
42,1971,197,train
42,1972,197,train
42,1973,197,train
42,1974,197,train
42,1975,197,train
42,1976,197,train
42,1977,197,train
42,1978,197,train
42,1979,197,train
42,1980,198,train
42,1981,198,train
42,1982,198,train
42,1983,198,train
42,1984,198,train
42,1985,198,train
42,1986,198,train
42,1987,198,train
42,1988,198,train
42,1989,198,train
42,2000,200,train
42,2001,200,train
42,2002,200,train
42,2003,200,train
42,2004,200,train
42,2005,200,train
42,2006,200,train
42,2007,200,train
42,2008,200,train
42,2009,200,train
42,2010,201,train
42,2011,201,train
42,2012,201,train
42,2013,201,train
42,2014,201,train
42,2015,201,train
42,2016,201,train
42,2017,201,train
42,2018,201,train
42,2019,201,train
42,2020,202,train
42,2021,202,train
42,2022,202,train
42,2023,202,train
42,2024,202,train
42,2025,202,train
42,2026,202,train
42,2027,202,train
42,2028,202,train
42,2029,202,train
42,2030,203,train
42,2031,203,train
42,2032,203,train
42,2033,203,train
42,2034,203,train
42,2035,203,train
42,2036,203,train
42,2037,203,train
42,2038,203,train
42,2039,203,train
42,2060,206,train
42,2061,206,train
42,2062,206,train
42,2063,206,train
42,2064,206,train
42,2065,206,train
42,2066,206,train
42,2067,206,train
42,2068,206,train
42,2069,206,train
42,2070,207,train
42,2071,207,train
42,2072,207,train
42,2073,207,train
42,2074,207,train
42,2075,207,train
42,2076,207,train
42,2077,207,train
42,2078,207,train
42,2079,207,train
42,2100,210,train
42,2101,210,train
42,2102,210,train
42,2103,210,train
42,2104,210,train
42,2105,210,train
42,2106,210,train
42,2107,210,train
42,2108,210,train
42,2109,210,train
42,2120,212,train
42,2121,212,train
42,2122,212,train
42,2123,212,train
42,2124,212,train
42,2125,212,train
42,2126,212,train
42,2127,212,train
42,2128,212,train
42,2129,212,train
42,2130,213,train
42,2131,213,train
42,2132,213,train
42,2133,213,train
42,2134,213,train
42,2135,213,train
42,2136,213,train
42,2137,213,train
42,2138,213,train
42,2139,213,train
42,2150,215,train
42,2151,215,train
42,2152,215,train
42,2153,215,train
42,2154,215,train
42,2155,215,train
42,2156,215,train
42,2157,215,train
42,2158,215,train
42,2159,215,train
42,2160,216,train
42,2161,216,train
42,2162,216,train
42,2163,216,train
42,2164,216,train
42,2165,216,train
42,2166,216,train
42,2167,216,train
42,2168,216,train
42,2169,216,train
42,2170,217,train
42,2171,217,train
42,2172,217,train
42,2173,217,train
42,2174,217,train
42,2175,217,train
42,2176,217,train
42,2177,217,train
42,2178,217,train
42,2179,217,train
42,2190,219,train
42,2191,219,train
42,2192,219,train
42,2193,219,train
42,2194,219,train
42,2195,219,train
42,2196,219,train
42,2197,219,train
42,2198,219,train
42,2199,219,train
42,2220,222,train
42,2221,222,train
42,2222,222,train
42,2223,222,train
42,2224,222,train
42,2225,222,train
42,2226,222,train
42,2227,222,train
42,2228,222,train
42,2229,222,train
42,2230,223,train
42,2231,223,train
42,2232,223,train
42,2233,223,train
42,2234,223,train
42,2235,223,train
42,2236,223,train
42,2237,223,train
42,2238,223,train
42,2239,223,train
42,2240,224,train
42,2241,224,train
42,2242,224,train
42,2243,224,train
42,2244,224,train
42,2245,224,train
42,2246,224,train
42,2247,224,train
42,2248,224,train
42,2249,224,train
42,2250,225,train
42,2251,225,train
42,2252,225,train
42,2253,225,train
42,2254,225,train
42,2255,225,train
42,2256,225,train
42,2257,225,train
42,2258,225,train
42,2259,225,train
42,2260,226,train
42,2261,226,train
42,2262,226,train
42,2263,226,train
42,2264,226,train
42,2265,226,train
42,2266,226,train
42,2267,226,train
42,2268,226,train
42,2269,226,train
42,2270,227,train
42,2271,227,train
42,2272,227,train
42,2273,227,train
42,2274,227,train
42,2275,227,train
42,2276,227,train
42,2277,227,train
42,2278,227,train
42,2279,227,train
42,2280,228,train
42,2281,228,train
42,2282,228,train
42,2283,228,train
42,2284,228,train
42,2285,228,train
42,2286,228,train
42,2287,228,train
42,2288,228,train
42,2289,228,train
42,2310,231,train
42,2311,231,train
42,2312,231,train
42,2313,231,train
42,2314,231,train
42,2315,231,train
42,2316,231,train
42,2317,231,train
42,2318,231,train
42,2319,231,train
42,2320,232,train
42,2321,232,train
42,2322,232,train
42,2323,232,train
42,2324,232,train
42,2325,232,train
42,2326,232,train
42,2327,232,train
42,2328,232,train
42,2329,232,train
42,2340,234,train
42,2341,234,train
42,2342,234,train
42,2343,234,train
42,2344,234,train
42,2345,234,train
42,2346,234,train
42,2347,234,train
42,2348,234,train
42,2349,234,train
42,2370,237,train
42,2371,237,train
42,2372,237,train
42,2373,237,train
42,2374,237,train
42,2375,237,train
42,2376,237,train
42,2377,237,train
42,2378,237,train
42,2379,237,train
42,2380,238,train
42,2381,238,train
42,2382,238,train
42,2383,238,train
42,2384,238,train
42,2385,238,train
42,2386,238,train
42,2387,238,train
42,2388,238,train
42,2389,238,train
42,2400,240,train
42,2401,240,train
42,2402,240,train
42,2403,240,train
42,2404,240,train
42,2405,240,train
42,2406,240,train
42,2407,240,train
42,2408,240,train
42,2409,240,train
42,2410,241,train
42,2411,241,train
42,2412,241,train
42,2413,241,train
42,2414,241,train
42,2415,241,train
42,2416,241,train
42,2417,241,train
42,2418,241,train
42,2419,241,train
42,2420,242,train
42,2421,242,train
42,2422,242,train
42,2423,242,train
42,2424,242,train
42,2425,242,train
42,2426,242,train
42,2427,242,train
42,2428,242,train
42,2429,242,train
42,2430,243,train
42,2431,243,train
42,2432,243,train
42,2433,243,train
42,2434,243,train
42,2435,243,train
42,2436,243,train
42,2437,243,train
42,2438,243,train
42,2439,243,train
42,2460,246,train
42,2461,246,train
42,2462,246,train
42,2463,246,train
42,2464,246,train
42,2465,246,train
42,2466,246,train
42,2467,246,train
42,2468,246,train
42,2469,246,train
42,2500,250,train
42,2501,250,train
42,2502,250,train
42,2503,250,train
42,2504,250,train
42,2505,250,train
42,2506,250,train
42,2507,250,train
42,2508,250,train
42,2509,250,train
42,2510,251,train
42,2511,251,train
42,2512,251,train
42,2513,251,train
42,2514,251,train
42,2515,251,train
42,2516,251,train
42,2517,251,train
42,2518,251,train
42,2519,251,train
42,2520,252,train
42,2521,252,train
42,2522,252,train
42,2523,252,train
42,2524,252,train
42,2525,252,train
42,2526,252,train
42,2527,252,train
42,2528,252,train
42,2529,252,train
42,2560,256,train
42,2561,256,train
42,2562,256,train
42,2563,256,train
42,2564,256,train
42,2565,256,train
42,2566,256,train
42,2567,256,train
42,2568,256,train
42,2569,256,train
42,2570,257,train
42,2571,257,train
42,2572,257,train
42,2573,257,train
42,2574,257,train
42,2575,257,train
42,2576,257,train
42,2577,257,train
42,2578,257,train
42,2579,257,train
42,2620,262,train
42,2621,262,train
42,2622,262,train
42,2623,262,train
42,2624,262,train
42,2625,262,train
42,2626,262,train
42,2627,262,train
42,2628,262,train
42,2629,262,train
42,2640,264,train
42,2641,264,train
42,2642,264,train
42,2643,264,train
42,2644,264,train
42,2645,264,train
42,2646,264,train
42,2647,264,train
42,2648,264,train
42,2649,264,train
42,2660,266,train
42,2661,266,train
42,2662,266,train
42,2663,266,train
42,2664,266,train
42,2665,266,train
42,2666,266,train
42,2667,266,train
42,2668,266,train
42,2669,266,train
42,2670,267,train
42,2671,267,train
42,2672,267,train
42,2673,267,train
42,2674,267,train
42,2675,267,train
42,2676,267,train
42,2677,267,train
42,2678,267,train
42,2679,267,train
42,2680,268,train
42,2681,268,train
42,2682,268,train
42,2683,268,train
42,2684,268,train
42,2685,268,train
42,2686,268,train
42,2687,268,train
42,2688,268,train
42,2689,268,train
42,2690,269,train
42,2691,269,train
42,2692,269,train
42,2693,269,train
42,2694,269,train
42,2695,269,train
42,2696,269,train
42,2697,269,train
42,2698,269,train
42,2699,269,train
42,2710,271,train
42,2711,271,train
42,2712,271,train
42,2713,271,train
42,2714,271,train
42,2715,271,train
42,2716,271,train
42,2717,271,train
42,2718,271,train
42,2719,271,train
42,2720,272,train
42,2721,272,train
42,2722,272,train
42,2723,272,train
42,2724,272,train
42,2725,272,train
42,2726,272,train
42,2727,272,train
42,2728,272,train
42,2729,272,train
42,2750,275,train
42,2751,275,train
42,2752,275,train
42,2753,275,train
42,2754,275,train
42,2755,275,train
42,2756,275,train
42,2757,275,train
42,2758,275,train
42,2759,275,train
42,2760,276,train
42,2761,276,train
42,2762,276,train
42,2763,276,train
42,2764,276,train
42,2765,276,train
42,2766,276,train
42,2767,276,train
42,2768,276,train
42,2769,276,train
42,2790,279,train
42,2791,279,train
42,2792,279,train
42,2793,279,train
42,2794,279,train
42,2795,279,train
42,2796,279,train
42,2797,279,train
42,2798,279,train
42,2799,279,train
42,2800,280,train
42,2801,280,train
42,2802,280,train
42,2803,280,train
42,2804,280,train
42,2805,280,train
42,2806,280,train
42,2807,280,train
42,2808,280,train
42,2809,280,train
42,2810,281,train
42,2811,281,train
42,2812,281,train
42,2813,281,train
42,2814,281,train
42,2815,281,train
42,2816,281,train
42,2817,281,train
42,2818,281,train
42,2819,281,train
42,2820,282,train
42,2821,282,train
42,2822,282,train
42,2823,282,train
42,2824,282,train
42,2825,282,train
42,2826,282,train
42,2827,282,train
42,2828,282,train
42,2829,282,train
42,2840,284,train
42,2841,284,train
42,2842,284,train
42,2843,284,train
42,2844,284,train
42,2845,284,train
42,2846,284,train
42,2847,284,train
42,2848,284,train
42,2849,284,train
42,2850,285,train
42,2851,285,train
42,2852,285,train
42,2853,285,train
42,2854,285,train
42,2855,285,train
42,2856,285,train
42,2857,285,train
42,2858,285,train
42,2859,285,train
42,2880,288,train
42,2881,288,train
42,2882,288,train
42,2883,288,train
42,2884,288,train
42,2885,288,train
42,2886,288,train
42,2887,288,train
42,2888,288,train
42,2889,288,train
42,2900,290,train
42,2901,290,train
42,2902,290,train
42,2903,290,train
42,2904,290,train
42,2905,290,train
42,2906,290,train
42,2907,290,train
42,2908,290,train
42,2909,290,train
42,2920,292,train
42,2921,292,train
42,2922,292,train
42,2923,292,train
42,2924,292,train
42,2925,292,train
42,2926,292,train
42,2927,292,train
42,2928,292,train
42,2929,292,train
42,2930,293,train
42,2931,293,train
42,2932,293,train
42,2933,293,train
42,2934,293,train
42,2935,293,train
42,2936,293,train
42,2937,293,train
42,2938,293,train
42,2939,293,train
42,2960,296,train
42,2961,296,train
42,2962,296,train
42,2963,296,train
42,2964,296,train
42,2965,296,train
42,2966,296,train
42,2967,296,train
42,2968,296,train
42,2969,296,train
42,2970,297,train
42,2971,297,train
42,2972,297,train
42,2973,297,train
42,2974,297,train
42,2975,297,train
42,2976,297,train
42,2977,297,train
42,2978,297,train
42,2979,297,train
42,2980,298,train
42,2981,298,train
42,2982,298,train
42,2983,298,train
42,2984,298,train
42,2985,298,train
42,2986,298,train
42,2987,298,train
42,2988,298,train
42,2989,298,train
42,3000,300,train
42,3001,300,train
42,3002,300,train
42,3003,300,train
42,3004,300,train
42,3005,300,train
42,3006,300,train
42,3007,300,train
42,3008,300,train
42,3009,300,train
42,3010,301,train
42,3011,301,train
42,3012,301,train
42,3013,301,train
42,3014,301,train
42,3015,301,train
42,3016,301,train
42,3017,301,train
42,3018,301,train
42,3019,301,train
42,3020,302,train
42,3021,302,train
42,3022,302,train
42,3023,302,train
42,3024,302,train
42,3025,302,train
42,3026,302,train
42,3027,302,train
42,3028,302,train
42,3029,302,train
42,3030,303,train
42,3031,303,train
42,3032,303,train
42,3033,303,train
42,3034,303,train
42,3035,303,train
42,3036,303,train
42,3037,303,train
42,3038,303,train
42,3039,303,train
42,3040,304,train
42,3041,304,train
42,3042,304,train
42,3043,304,train
42,3044,304,train
42,3045,304,train
42,3046,304,train
42,3047,304,train
42,3048,304,train
42,3049,304,train
42,3050,305,train
42,3051,305,train
42,3052,305,train
42,3053,305,train
42,3054,305,train
42,3055,305,train
42,3056,305,train
42,3057,305,train
42,3058,305,train
42,3059,305,train
42,3060,306,train
42,3061,306,train
42,3062,306,train
42,3063,306,train
42,3064,306,train
42,3065,306,train
42,3066,306,train
42,3067,306,train
42,3068,306,train
42,3069,306,train
42,3070,307,train
42,3071,307,train
42,3072,307,train
42,3073,307,train
42,3074,307,train
42,3075,307,train
42,3076,307,train
42,3077,307,train
42,3078,307,train
42,3079,307,train
42,3090,309,train
42,3091,309,train
42,3092,309,train
42,3093,309,train
42,3094,309,train
42,3095,309,train
42,3096,309,train
42,3097,309,train
42,3098,309,train
42,3099,309,train
42,3100,310,train
42,3101,310,train
42,3102,310,train
42,3103,310,train
42,3104,310,train
42,3105,310,train
42,3106,310,train
42,3107,310,train
42,3108,310,train
42,3109,310,train
42,3140,314,train
42,3141,314,train
42,3142,314,train
42,3143,314,train
42,3144,314,train
42,3145,314,train
42,3146,314,train
42,3147,314,train
42,3148,314,train
42,3149,314,train
42,3150,315,train
42,3151,315,train
42,3152,315,train
42,3153,315,train
42,3154,315,train
42,3155,315,train
42,3156,315,train
42,3157,315,train
42,3158,315,train
42,3159,315,train
42,3170,317,train
42,3171,317,train
42,3172,317,train
42,3173,317,train
42,3174,317,train
42,3175,317,train
42,3176,317,train
42,3177,317,train
42,3178,317,train
42,3179,317,train
42,3180,318,train
42,3181,318,train
42,3182,318,train
42,3183,318,train
42,3184,318,train
42,3185,318,train
42,3186,318,train
42,3187,318,train
42,3188,318,train
42,3189,318,train
42,3230,323,train
42,3231,323,train
42,3232,323,train
42,3233,323,train
42,3234,323,train
42,3235,323,train
42,3236,323,train
42,3237,323,train
42,3238,323,train
42,3239,323,train
42,3280,328,train
42,3281,328,train
42,3282,328,train
42,3283,328,train
42,3284,328,train
42,3285,328,train
42,3286,328,train
42,3287,328,train
42,3288,328,train
42,3289,328,train
42,3310,331,train
42,3311,331,train
42,3312,331,train
42,3313,331,train
42,3314,331,train
42,3315,331,train
42,3316,331,train
42,3317,331,train
42,3318,331,train
42,3319,331,train
42,3360,336,train
42,3361,336,train
42,3362,336,train
42,3363,336,train
42,3364,336,train
42,3365,336,train
42,3366,336,train
42,3367,336,train
42,3368,336,train
42,3369,336,train
42,3370,337,train
42,3371,337,train
42,3372,337,train
42,3373,337,train
42,3374,337,train
42,3375,337,train
42,3376,337,train
42,3377,337,train
42,3378,337,train
42,3379,337,train
42,3390,339,train
42,3391,339,train
42,3392,339,train
42,3393,339,train
42,3394,339,train
42,3395,339,train
42,3396,339,train
42,3397,339,train
42,3398,339,train
42,3399,339,train
42,3400,340,train
42,3401,340,train
42,3402,340,train
42,3403,340,train
42,3404,340,train
42,3405,340,train
42,3406,340,train
42,3407,340,train
42,3408,340,train
42,3409,340,train
42,3430,343,train
42,3431,343,train
42,3432,343,train
42,3433,343,train
42,3434,343,train
42,3435,343,train
42,3436,343,train
42,3437,343,train
42,3438,343,train
42,3439,343,train
42,3440,344,train
42,3441,344,train
42,3442,344,train
42,3443,344,train
42,3444,344,train
42,3445,344,train
42,3446,344,train
42,3447,344,train
42,3448,344,train
42,3449,344,train
42,3500,350,train
42,3501,350,train
42,3502,350,train
42,3503,350,train
42,3504,350,train
42,3505,350,train
42,3506,350,train
42,3507,350,train
42,3508,350,train
42,3509,350,train
42,3510,351,train
42,3511,351,train
42,3512,351,train
42,3513,351,train
42,3514,351,train
42,3515,351,train
42,3516,351,train
42,3517,351,train
42,3518,351,train
42,3519,351,train
42,3540,354,train
42,3541,354,train
42,3542,354,train
42,3543,354,train
42,3544,354,train
42,3545,354,train
42,3546,354,train
42,3547,354,train
42,3548,354,train
42,3549,354,train
42,3580,358,train
42,3581,358,train
42,3582,358,train
42,3583,358,train
42,3584,358,train
42,3585,358,train
42,3586,358,train
42,3587,358,train
42,3588,358,train
42,3589,358,train
42,3590,359,train
42,3591,359,train
42,3592,359,train
42,3593,359,train
42,3594,359,train
42,3595,359,train
42,3596,359,train
42,3597,359,train
42,3598,359,train
42,3599,359,train
42,3620,362,train
42,3621,362,train
42,3622,362,train
42,3623,362,train
42,3624,362,train
42,3625,362,train
42,3626,362,train
42,3627,362,train
42,3628,362,train
42,3629,362,train
42,3650,365,train
42,3651,365,train
42,3652,365,train
42,3653,365,train
42,3654,365,train
42,3655,365,train
42,3656,365,train
42,3657,365,train
42,3658,365,train
42,3659,365,train
42,3660,366,train
42,3661,366,train
42,3662,366,train
42,3663,366,train
42,3664,366,train
42,3665,366,train
42,3666,366,train
42,3667,366,train
42,3668,366,train
42,3669,366,train
42,3670,367,train
42,3671,367,train
42,3672,367,train
42,3673,367,train
42,3674,367,train
42,3675,367,train
42,3676,367,train
42,3677,367,train
42,3678,367,train
42,3679,367,train
42,3690,369,train
42,3691,369,train
42,3692,369,train
42,3693,369,train
42,3694,369,train
42,3695,369,train
42,3696,369,train
42,3697,369,train
42,3698,369,train
42,3699,369,train
42,3700,370,train
42,3701,370,train
42,3702,370,train
42,3703,370,train
42,3704,370,train
42,3705,370,train
42,3706,370,train
42,3707,370,train
42,3708,370,train
42,3709,370,train
42,3710,371,train
42,3711,371,train
42,3712,371,train
42,3713,371,train
42,3714,371,train
42,3715,371,train
42,3716,371,train
42,3717,371,train
42,3718,371,train
42,3719,371,train
42,3730,373,train
42,3731,373,train
42,3732,373,train
42,3733,373,train
42,3734,373,train
42,3735,373,train
42,3736,373,train
42,3737,373,train
42,3738,373,train
42,3739,373,train
42,3740,374,train
42,3741,374,train
42,3742,374,train
42,3743,374,train
42,3744,374,train
42,3745,374,train
42,3746,374,train
42,3747,374,train
42,3748,374,train
42,3749,374,train
42,3750,375,train
42,3751,375,train
42,3752,375,train
42,3753,375,train
42,3754,375,train
42,3755,375,train
42,3756,375,train
42,3757,375,train
42,3758,375,train
42,3759,375,train
42,3760,376,train
42,3761,376,train
42,3762,376,train
42,3763,376,train
42,3764,376,train
42,3765,376,train
42,3766,376,train
42,3767,376,train
42,3768,376,train
42,3769,376,train
42,3770,377,train
42,3771,377,train
42,3772,377,train
42,3773,377,train
42,3774,377,train
42,3775,377,train
42,3776,377,train
42,3777,377,train
42,3778,377,train
42,3779,377,train
42,3780,378,train
42,3781,378,train
42,3782,378,train
42,3783,378,train
42,3784,378,train
42,3785,378,train
42,3786,378,train
42,3787,378,train
42,3788,378,train
42,3789,378,train
42,3800,380,train
42,3801,380,train
42,3802,380,train
42,3803,380,train
42,3804,380,train
42,3805,380,train
42,3806,380,train
42,3807,380,train
42,3808,380,train
42,3809,380,train
42,3810,381,train
42,3811,381,train
42,3812,381,train
42,3813,381,train
42,3814,381,train
42,3815,381,train
42,3816,381,train
42,3817,381,train
42,3818,381,train
42,3819,381,train
42,3820,382,train
42,3821,382,train
42,3822,382,train
42,3823,382,train
42,3824,382,train
42,3825,382,train
42,3826,382,train
42,3827,382,train
42,3828,382,train
42,3829,382,train
42,3830,383,train
42,3831,383,train
42,3832,383,train
42,3833,383,train
42,3834,383,train
42,3835,383,train
42,3836,383,train
42,3837,383,train
42,3838,383,train
42,3839,383,train
42,3840,384,train
42,3841,384,train
42,3842,384,train
42,3843,384,train
42,3844,384,train
42,3845,384,train
42,3846,384,train
42,3847,384,train
42,3848,384,train
42,3849,384,train
42,3850,385,train
42,3851,385,train
42,3852,385,train
42,3853,385,train
42,3854,385,train
42,3855,385,train
42,3856,385,train
42,3857,385,train
42,3858,385,train
42,3859,385,train
42,3880,388,train
42,3881,388,train
42,3882,388,train
42,3883,388,train
42,3884,388,train
42,3885,388,train
42,3886,388,train
42,3887,388,train
42,3888,388,train
42,3889,388,train
42,3900,390,train
42,3901,390,train
42,3902,390,train
42,3903,390,train
42,3904,390,train
42,3905,390,train
42,3906,390,train
42,3907,390,train
42,3908,390,train
42,3909,390,train
42,3910,391,train
42,3911,391,train
42,3912,391,train
42,3913,391,train
42,3914,391,train
42,3915,391,train
42,3916,391,train
42,3917,391,train
42,3918,391,train
42,3919,391,train
42,3940,394,train
42,3941,394,train
42,3942,394,train
42,3943,394,train
42,3944,394,train
42,3945,394,train
42,3946,394,train
42,3947,394,train
42,3948,394,train
42,3949,394,train
42,3950,395,train
42,3951,395,train
42,3952,395,train
42,3953,395,train
42,3954,395,train
42,3955,395,train
42,3956,395,train
42,3957,395,train
42,3958,395,train
42,3959,395,train
42,3980,398,train
42,3981,398,train
42,3982,398,train
42,3983,398,train
42,3984,398,train
42,3985,398,train
42,3986,398,train
42,3987,398,train
42,3988,398,train
42,3989,398,train
42,4010,401,train
42,4011,401,train
42,4012,401,train
42,4013,401,train
42,4014,401,train
42,4015,401,train
42,4016,401,train
42,4017,401,train
42,4018,401,train
42,4019,401,train
42,4030,403,train
42,4031,403,train
42,4032,403,train
42,4033,403,train
42,4034,403,train
42,4035,403,train
42,4036,403,train
42,4037,403,train
42,4038,403,train
42,4039,403,train
42,4040,404,train
42,4041,404,train
42,4042,404,train
42,4043,404,train
42,4044,404,train
42,4045,404,train
42,4046,404,train
42,4047,404,train
42,4048,404,train
42,4049,404,train
42,4060,406,train
42,4061,406,train
42,4062,406,train
42,4063,406,train
42,4064,406,train
42,4065,406,train
42,4066,406,train
42,4067,406,train
42,4068,406,train
42,4069,406,train
42,4070,407,train
42,4071,407,train
42,4072,407,train
42,4073,407,train
42,4074,407,train
42,4075,407,train
42,4076,407,train
42,4077,407,train
42,4078,407,train
42,4079,407,train
42,4080,408,train
42,4081,408,train
42,4082,408,train
42,4083,408,train
42,4084,408,train
42,4085,408,train
42,4086,408,train
42,4087,408,train
42,4088,408,train
42,4089,408,train
42,4090,409,train
42,4091,409,train
42,4092,409,train
42,4093,409,train
42,4094,409,train
42,4095,409,train
42,4096,409,train
42,4097,409,train
42,4098,409,train
42,4099,409,train
42,4100,410,train
42,4101,410,train
42,4102,410,train
42,4103,410,train
42,4104,410,train
42,4105,410,train
42,4106,410,train
42,4107,410,train
42,4108,410,train
42,4109,410,train
42,4110,411,train
42,4111,411,train
42,4112,411,train
42,4113,411,train
42,4114,411,train
42,4115,411,train
42,4116,411,train
42,4117,411,train
42,4118,411,train
42,4119,411,train
42,4140,414,train
42,4141,414,train
42,4142,414,train
42,4143,414,train
42,4144,414,train
42,4145,414,train
42,4146,414,train
42,4147,414,train
42,4148,414,train
42,4149,414,train
42,4150,415,train
42,4151,415,train
42,4152,415,train
42,4153,415,train
42,4154,415,train
42,4155,415,train
42,4156,415,train
42,4157,415,train
42,4158,415,train
42,4159,415,train
42,4160,416,train
42,4161,416,train
42,4162,416,train
42,4163,416,train
42,4164,416,train
42,4165,416,train
42,4166,416,train
42,4167,416,train
42,4168,416,train
42,4169,416,train
42,4180,418,train
42,4181,418,train
42,4182,418,train
42,4183,418,train
42,4184,418,train
42,4185,418,train
42,4186,418,train
42,4187,418,train
42,4188,418,train
42,4189,418,train
42,4210,421,train
42,4211,421,train
42,4212,421,train
42,4213,421,train
42,4214,421,train
42,4215,421,train
42,4216,421,train
42,4217,421,train
42,4218,421,train
42,4219,421,train
42,4220,422,train
42,4221,422,train
42,4222,422,train
42,4223,422,train
42,4224,422,train
42,4225,422,train
42,4226,422,train
42,4227,422,train
42,4228,422,train
42,4229,422,train
42,4240,424,train
42,4241,424,train
42,4242,424,train
42,4243,424,train
42,4244,424,train
42,4245,424,train
42,4246,424,train
42,4247,424,train
42,4248,424,train
42,4249,424,train
42,4250,425,train
42,4251,425,train
42,4252,425,train
42,4253,425,train
42,4254,425,train
42,4255,425,train
42,4256,425,train
42,4257,425,train
42,4258,425,train
42,4259,425,train
42,4260,426,train
42,4261,426,train
42,4262,426,train
42,4263,426,train
42,4264,426,train
42,4265,426,train
42,4266,426,train
42,4267,426,train
42,4268,426,train
42,4269,426,train
42,4280,428,train
42,4281,428,train
42,4282,428,train
42,4283,428,train
42,4284,428,train
42,4285,428,train
42,4286,428,train
42,4287,428,train
42,4288,428,train
42,4289,428,train
42,4310,431,train
42,4311,431,train
42,4312,431,train
42,4313,431,train
42,4314,431,train
42,4315,431,train
42,4316,431,train
42,4317,431,train
42,4318,431,train
42,4319,431,train
42,4320,432,train
42,4321,432,train
42,4322,432,train
42,4323,432,train
42,4324,432,train
42,4325,432,train
42,4326,432,train
42,4327,432,train
42,4328,432,train
42,4329,432,train
42,4330,433,train
42,4331,433,train
42,4332,433,train
42,4333,433,train
42,4334,433,train
42,4335,433,train
42,4336,433,train
42,4337,433,train
42,4338,433,train
42,4339,433,train
42,4340,434,train
42,4341,434,train
42,4342,434,train
42,4343,434,train
42,4344,434,train
42,4345,434,train
42,4346,434,train
42,4347,434,train
42,4348,434,train
42,4349,434,train
42,4350,435,train
42,4351,435,train
42,4352,435,train
42,4353,435,train
42,4354,435,train
42,4355,435,train
42,4356,435,train
42,4357,435,train
42,4358,435,train
42,4359,435,train
42,4360,436,train
42,4361,436,train
42,4362,436,train
42,4363,436,train
42,4364,436,train
42,4365,436,train
42,4366,436,train
42,4367,436,train
42,4368,436,train
42,4369,436,train
42,4380,438,train
42,4381,438,train
42,4382,438,train
42,4383,438,train
42,4384,438,train
42,4385,438,train
42,4386,438,train
42,4387,438,train
42,4388,438,train
42,4389,438,train
42,4390,439,train
42,4391,439,train
42,4392,439,train
42,4393,439,train
42,4394,439,train
42,4395,439,train
42,4396,439,train
42,4397,439,train
42,4398,439,train
42,4399,439,train
42,4400,440,train
42,4401,440,train
42,4402,440,train
42,4403,440,train
42,4404,440,train
42,4405,440,train
42,4406,440,train
42,4407,440,train
42,4408,440,train
42,4409,440,train
42,4450,445,train
42,4451,445,train
42,4452,445,train
42,4453,445,train
42,4454,445,train
42,4455,445,train
42,4456,445,train
42,4457,445,train
42,4458,445,train
42,4459,445,train
42,4460,446,train
42,4461,446,train
42,4462,446,train
42,4463,446,train
42,4464,446,train
42,4465,446,train
42,4466,446,train
42,4467,446,train
42,4468,446,train
42,4469,446,train
42,4500,450,train
42,4501,450,train
42,4502,450,train
42,4503,450,train
42,4504,450,train
42,4505,450,train
42,4506,450,train
42,4507,450,train
42,4508,450,train
42,4509,450,train
42,4510,451,train
42,4511,451,train
42,4512,451,train
42,4513,451,train
42,4514,451,train
42,4515,451,train
42,4516,451,train
42,4517,451,train
42,4518,451,train
42,4519,451,train
42,4520,452,train
42,4521,452,train
42,4522,452,train
42,4523,452,train
42,4524,452,train
42,4525,452,train
42,4526,452,train
42,4527,452,train
42,4528,452,train
42,4529,452,train
42,4540,454,train
42,4541,454,train
42,4542,454,train
42,4543,454,train
42,4544,454,train
42,4545,454,train
42,4546,454,train
42,4547,454,train
42,4548,454,train
42,4549,454,train
42,4560,456,train
42,4561,456,train
42,4562,456,train
42,4563,456,train
42,4564,456,train
42,4565,456,train
42,4566,456,train
42,4567,456,train
42,4568,456,train
42,4569,456,train
42,4570,457,train
42,4571,457,train
42,4572,457,train
42,4573,457,train
42,4574,457,train
42,4575,457,train
42,4576,457,train
42,4577,457,train
42,4578,457,train
42,4579,457,train
42,4590,459,train
42,4591,459,train
42,4592,459,train
42,4593,459,train
42,4594,459,train
42,4595,459,train
42,4596,459,train
42,4597,459,train
42,4598,459,train
42,4599,459,train
42,4610,461,train
42,4611,461,train
42,4612,461,train
42,4613,461,train
42,4614,461,train
42,4615,461,train
42,4616,461,train
42,4617,461,train
42,4618,461,train
42,4619,461,train
42,4620,462,train
42,4621,462,train
42,4622,462,train
42,4623,462,train
42,4624,462,train
42,4625,462,train
42,4626,462,train
42,4627,462,train
42,4628,462,train
42,4629,462,train
42,4650,465,train
42,4651,465,train
42,4652,465,train
42,4653,465,train
42,4654,465,train
42,4655,465,train
42,4656,465,train
42,4657,465,train
42,4658,465,train
42,4659,465,train
42,4680,468,train
42,4681,468,train
42,4682,468,train
42,4683,468,train
42,4684,468,train
42,4685,468,train
42,4686,468,train
42,4687,468,train
42,4688,468,train
42,4689,468,train
42,4700,470,train
42,4701,470,train
42,4702,470,train
42,4703,470,train
42,4704,470,train
42,4705,470,train
42,4706,470,train
42,4707,470,train
42,4708,470,train
42,4709,470,train
42,4710,471,train
42,4711,471,train
42,4712,471,train
42,4713,471,train
42,4714,471,train
42,4715,471,train
42,4716,471,train
42,4717,471,train
42,4718,471,train
42,4719,471,train
42,4730,473,train
42,4731,473,train
42,4732,473,train
42,4733,473,train
42,4734,473,train
42,4735,473,train
42,4736,473,train
42,4737,473,train
42,4738,473,train
42,4739,473,train
42,4740,474,train
42,4741,474,train
42,4742,474,train
42,4743,474,train
42,4744,474,train
42,4745,474,train
42,4746,474,train
42,4747,474,train
42,4748,474,train
42,4749,474,train
42,4770,477,train
42,4771,477,train
42,4772,477,train
42,4773,477,train
42,4774,477,train
42,4775,477,train
42,4776,477,train
42,4777,477,train
42,4778,477,train
42,4779,477,train
42,4790,479,train
42,4791,479,train
42,4792,479,train
42,4793,479,train
42,4794,479,train
42,4795,479,train
42,4796,479,train
42,4797,479,train
42,4798,479,train
42,4799,479,train
42,4800,480,train
42,4801,480,train
42,4802,480,train
42,4803,480,train
42,4804,480,train
42,4805,480,train
42,4806,480,train
42,4807,480,train
42,4808,480,train
42,4809,480,train
42,4820,482,train
42,4821,482,train
42,4822,482,train
42,4823,482,train
42,4824,482,train
42,4825,482,train
42,4826,482,train
42,4827,482,train
42,4828,482,train
42,4829,482,train
42,4830,483,train
42,4831,483,train
42,4832,483,train
42,4833,483,train
42,4834,483,train
42,4835,483,train
42,4836,483,train
42,4837,483,train
42,4838,483,train
42,4839,483,train
42,4840,484,train
42,4841,484,train
42,4842,484,train
42,4843,484,train
42,4844,484,train
42,4845,484,train
42,4846,484,train
42,4847,484,train
42,4848,484,train
42,4849,484,train
42,4850,485,train
42,4851,485,train
42,4852,485,train
42,4853,485,train
42,4854,485,train
42,4855,485,train
42,4856,485,train
42,4857,485,train
42,4858,485,train
42,4859,485,train
42,4860,486,train
42,4861,486,train
42,4862,486,train
42,4863,486,train
42,4864,486,train
42,4865,486,train
42,4866,486,train
42,4867,486,train
42,4868,486,train
42,4869,486,train
42,4880,488,train
42,4881,488,train
42,4882,488,train
42,4883,488,train
42,4884,488,train
42,4885,488,train
42,4886,488,train
42,4887,488,train
42,4888,488,train
42,4889,488,train
42,4900,490,train
42,4901,490,train
42,4902,490,train
42,4903,490,train
42,4904,490,train
42,4905,490,train
42,4906,490,train
42,4907,490,train
42,4908,490,train
42,4909,490,train
42,4910,491,train
42,4911,491,train
42,4912,491,train
42,4913,491,train
42,4914,491,train
42,4915,491,train
42,4916,491,train
42,4917,491,train
42,4918,491,train
42,4919,491,train
42,4930,493,train
42,4931,493,train
42,4932,493,train
42,4933,493,train
42,4934,493,train
42,4935,493,train
42,4936,493,train
42,4937,493,train
42,4938,493,train
42,4939,493,train
42,4950,495,train
42,4951,495,train
42,4952,495,train
42,4953,495,train
42,4954,495,train
42,4955,495,train
42,4956,495,train
42,4957,495,train
42,4958,495,train
42,4959,495,train
42,4970,497,train
42,4971,497,train
42,4972,497,train
42,4973,497,train
42,4974,497,train
42,4975,497,train
42,4976,497,train
42,4977,497,train
42,4978,497,train
42,4979,497,train
42,5010,501,train
42,5011,501,train
42,5012,501,train
42,5013,501,train
42,5014,501,train
42,5015,501,train
42,5016,501,train
42,5017,501,train
42,5018,501,train
42,5019,501,train
42,5030,503,train
42,5031,503,train
42,5032,503,train
42,5033,503,train
42,5034,503,train
42,5035,503,train
42,5036,503,train
42,5037,503,train
42,5038,503,train
42,5039,503,train
42,5040,504,train
42,5041,504,train
42,5042,504,train
42,5043,504,train
42,5044,504,train
42,5045,504,train
42,5046,504,train
42,5047,504,train
42,5048,504,train
42,5049,504,train
42,5050,505,train
42,5051,505,train
42,5052,505,train
42,5053,505,train
42,5054,505,train
42,5055,505,train
42,5056,505,train
42,5057,505,train
42,5058,505,train
42,5059,505,train
42,5070,507,train
42,5071,507,train
42,5072,507,train
42,5073,507,train
42,5074,507,train
42,5075,507,train
42,5076,507,train
42,5077,507,train
42,5078,507,train
42,5079,507,train
42,5080,508,train
42,5081,508,train
42,5082,508,train
42,5083,508,train
42,5084,508,train
42,5085,508,train
42,5086,508,train
42,5087,508,train
42,5088,508,train
42,5089,508,train
42,5100,510,train
42,5101,510,train
42,5102,510,train
42,5103,510,train
42,5104,510,train
42,5105,510,train
42,5106,510,train
42,5107,510,train
42,5108,510,train
42,5109,510,train
42,5110,511,train
42,5111,511,train
42,5112,511,train
42,5113,511,train
42,5114,511,train
42,5115,511,train
42,5116,511,train
42,5117,511,train
42,5118,511,train
42,5119,511,train
42,5120,512,train
42,5121,512,train
42,5122,512,train
42,5123,512,train
42,5124,512,train
42,5125,512,train
42,5126,512,train
42,5127,512,train
42,5128,512,train
42,5129,512,train
42,5140,514,train
42,5141,514,train
42,5142,514,train
42,5143,514,train
42,5144,514,train
42,5145,514,train
42,5146,514,train
42,5147,514,train
42,5148,514,train
42,5149,514,train
42,5150,515,train
42,5151,515,train
42,5152,515,train
42,5153,515,train
42,5154,515,train
42,5155,515,train
42,5156,515,train
42,5157,515,train
42,5158,515,train
42,5159,515,train
42,5160,516,train
42,5161,516,train
42,5162,516,train
42,5163,516,train
42,5164,516,train
42,5165,516,train
42,5166,516,train
42,5167,516,train
42,5168,516,train
42,5169,516,train
42,5170,517,train
42,5171,517,train
42,5172,517,train
42,5173,517,train
42,5174,517,train
42,5175,517,train
42,5176,517,train
42,5177,517,train
42,5178,517,train
42,5179,517,train
42,5180,518,train
42,5181,518,train
42,5182,518,train
42,5183,518,train
42,5184,518,train
42,5185,518,train
42,5186,518,train
42,5187,518,train
42,5188,518,train
42,5189,518,train
42,5200,520,train
42,5201,520,train
42,5202,520,train
42,5203,520,train
42,5204,520,train
42,5205,520,train
42,5206,520,train
42,5207,520,train
42,5208,520,train
42,5209,520,train
42,5210,521,train
42,5211,521,train
42,5212,521,train
42,5213,521,train
42,5214,521,train
42,5215,521,train
42,5216,521,train
42,5217,521,train
42,5218,521,train
42,5219,521,train
42,5220,522,train
42,5221,522,train
42,5222,522,train
42,5223,522,train
42,5224,522,train
42,5225,522,train
42,5226,522,train
42,5227,522,train
42,5228,522,train
42,5229,522,train
42,5230,523,train
42,5231,523,train
42,5232,523,train
42,5233,523,train
42,5234,523,train
42,5235,523,train
42,5236,523,train
42,5237,523,train
42,5238,523,train
42,5239,523,train
42,5280,528,train
42,5281,528,train
42,5282,528,train
42,5283,528,train
42,5284,528,train
42,5285,528,train
42,5286,528,train
42,5287,528,train
42,5288,528,train
42,5289,528,train
42,5320,532,train
42,5321,532,train
42,5322,532,train
42,5323,532,train
42,5324,532,train
42,5325,532,train
42,5326,532,train
42,5327,532,train
42,5328,532,train
42,5329,532,train
42,5330,533,train
42,5331,533,train
42,5332,533,train
42,5333,533,train
42,5334,533,train
42,5335,533,train
42,5336,533,train
42,5337,533,train
42,5338,533,train
42,5339,533,train
42,5350,535,train
42,5351,535,train
42,5352,535,train
42,5353,535,train
42,5354,535,train
42,5355,535,train
42,5356,535,train
42,5357,535,train
42,5358,535,train
42,5359,535,train
42,5360,536,train
42,5361,536,train
42,5362,536,train
42,5363,536,train
42,5364,536,train
42,5365,536,train
42,5366,536,train
42,5367,536,train
42,5368,536,train
42,5369,536,train
42,5380,538,train
42,5381,538,train
42,5382,538,train
42,5383,538,train
42,5384,538,train
42,5385,538,train
42,5386,538,train
42,5387,538,train
42,5388,538,train
42,5389,538,train
42,5390,539,train
42,5391,539,train
42,5392,539,train
42,5393,539,train
42,5394,539,train
42,5395,539,train
42,5396,539,train
42,5397,539,train
42,5398,539,train
42,5399,539,train
42,5410,541,train
42,5411,541,train
42,5412,541,train
42,5413,541,train
42,5414,541,train
42,5415,541,train
42,5416,541,train
42,5417,541,train
42,5418,541,train
42,5419,541,train
42,5420,542,train
42,5421,542,train
42,5422,542,train
42,5423,542,train
42,5424,542,train
42,5425,542,train
42,5426,542,train
42,5427,542,train
42,5428,542,train
42,5429,542,train
42,5470,547,train
42,5471,547,train
42,5472,547,train
42,5473,547,train
42,5474,547,train
42,5475,547,train
42,5476,547,train
42,5477,547,train
42,5478,547,train
42,5479,547,train
42,5480,548,train
42,5481,548,train
42,5482,548,train
42,5483,548,train
42,5484,548,train
42,5485,548,train
42,5486,548,train
42,5487,548,train
42,5488,548,train
42,5489,548,train
42,5490,549,train
42,5491,549,train
42,5492,549,train
42,5493,549,train
42,5494,549,train
42,5495,549,train
42,5496,549,train
42,5497,549,train
42,5498,549,train
42,5499,549,train
42,5500,550,train
42,5501,550,train
42,5502,550,train
42,5503,550,train
42,5504,550,train
42,5505,550,train
42,5506,550,train
42,5507,550,train
42,5508,550,train
42,5509,550,train
42,5510,551,train
42,5511,551,train
42,5512,551,train
42,5513,551,train
42,5514,551,train
42,5515,551,train
42,5516,551,train
42,5517,551,train
42,5518,551,train
42,5519,551,train
42,5530,553,train
42,5531,553,train
42,5532,553,train
42,5533,553,train
42,5534,553,train
42,5535,553,train
42,5536,553,train
42,5537,553,train
42,5538,553,train
42,5539,553,train
42,5570,557,train
42,5571,557,train
42,5572,557,train
42,5573,557,train
42,5574,557,train
42,5575,557,train
42,5576,557,train
42,5577,557,train
42,5578,557,train
42,5579,557,train
42,5600,560,train
42,5601,560,train
42,5602,560,train
42,5603,560,train
42,5604,560,train
42,5605,560,train
42,5606,560,train
42,5607,560,train
42,5608,560,train
42,5609,560,train
42,5610,561,train
42,5611,561,train
42,5612,561,train
42,5613,561,train
42,5614,561,train
42,5615,561,train
42,5616,561,train
42,5617,561,train
42,5618,561,train
42,5619,561,train
42,5630,563,train
42,5631,563,train
42,5632,563,train
42,5633,563,train
42,5634,563,train
42,5635,563,train
42,5636,563,train
42,5637,563,train
42,5638,563,train
42,5639,563,train
42,5650,565,train
42,5651,565,train
42,5652,565,train
42,5653,565,train
42,5654,565,train
42,5655,565,train
42,5656,565,train
42,5657,565,train
42,5658,565,train
42,5659,565,train
42,5660,566,train
42,5661,566,train
42,5662,566,train
42,5663,566,train
42,5664,566,train
42,5665,566,train
42,5666,566,train
42,5667,566,train
42,5668,566,train
42,5669,566,train
42,5690,569,train
42,5691,569,train
42,5692,569,train
42,5693,569,train
42,5694,569,train
42,5695,569,train
42,5696,569,train
42,5697,569,train
42,5698,569,train
42,5699,569,train
42,5720,572,train
42,5721,572,train
42,5722,572,train
42,5723,572,train
42,5724,572,train
42,5725,572,train
42,5726,572,train
42,5727,572,train
42,5728,572,train
42,5729,572,train
42,5750,575,train
42,5751,575,train
42,5752,575,train
42,5753,575,train
42,5754,575,train
42,5755,575,train
42,5756,575,train
42,5757,575,train
42,5758,575,train
42,5759,575,train
42,5760,576,train
42,5761,576,train
42,5762,576,train
42,5763,576,train
42,5764,576,train
42,5765,576,train
42,5766,576,train
42,5767,576,train
42,5768,576,train
42,5769,576,train
42,5780,578,train
42,5781,578,train
42,5782,578,train
42,5783,578,train
42,5784,578,train
42,5785,578,train
42,5786,578,train
42,5787,578,train
42,5788,578,train
42,5789,578,train
42,5790,579,train
42,5791,579,train
42,5792,579,train
42,5793,579,train
42,5794,579,train
42,5795,579,train
42,5796,579,train
42,5797,579,train
42,5798,579,train
42,5799,579,train
42,5800,580,train
42,5801,580,train
42,5802,580,train
42,5803,580,train
42,5804,580,train
42,5805,580,train
42,5806,580,train
42,5807,580,train
42,5808,580,train
42,5809,580,train
42,5820,582,train
42,5821,582,train
42,5822,582,train
42,5823,582,train
42,5824,582,train
42,5825,582,train
42,5826,582,train
42,5827,582,train
42,5828,582,train
42,5829,582,train
42,5830,583,train
42,5831,583,train
42,5832,583,train
42,5833,583,train
42,5834,583,train
42,5835,583,train
42,5836,583,train
42,5837,583,train
42,5838,583,train
42,5839,583,train
42,5860,586,train
42,5861,586,train
42,5862,586,train
42,5863,586,train
42,5864,586,train
42,5865,586,train
42,5866,586,train
42,5867,586,train
42,5868,586,train
42,5869,586,train
42,5870,587,train
42,5871,587,train
42,5872,587,train
42,5873,587,train
42,5874,587,train
42,5875,587,train
42,5876,587,train
42,5877,587,train
42,5878,587,train
42,5879,587,train
42,5880,588,train
42,5881,588,train
42,5882,588,train
42,5883,588,train
42,5884,588,train
42,5885,588,train
42,5886,588,train
42,5887,588,train
42,5888,588,train
42,5889,588,train
42,5890,589,train
42,5891,589,train
42,5892,589,train
42,5893,589,train
42,5894,589,train
42,5895,589,train
42,5896,589,train
42,5897,589,train
42,5898,589,train
42,5899,589,train
42,5930,593,train
42,5931,593,train
42,5932,593,train
42,5933,593,train
42,5934,593,train
42,5935,593,train
42,5936,593,train
42,5937,593,train
42,5938,593,train
42,5939,593,train
42,5940,594,train
42,5941,594,train
42,5942,594,train
42,5943,594,train
42,5944,594,train
42,5945,594,train
42,5946,594,train
42,5947,594,train
42,5948,594,train
42,5949,594,train
42,5960,596,train
42,5961,596,train
42,5962,596,train
42,5963,596,train
42,5964,596,train
42,5965,596,train
42,5966,596,train
42,5967,596,train
42,5968,596,train
42,5969,596,train
42,5980,598,train
42,5981,598,train
42,5982,598,train
42,5983,598,train
42,5984,598,train
42,5985,598,train
42,5986,598,train
42,5987,598,train
42,5988,598,train
42,5989,598,train
42,5990,599,train
42,5991,599,train
42,5992,599,train
42,5993,599,train
42,5994,599,train
42,5995,599,train
42,5996,599,train
42,5997,599,train
42,5998,599,train
42,5999,599,train
42,6000,600,train
42,6001,600,train
42,6002,600,train
42,6003,600,train
42,6004,600,train
42,6005,600,train
42,6006,600,train
42,6007,600,train
42,6008,600,train
42,6009,600,train
42,6010,601,train
42,6011,601,train
42,6012,601,train
42,6013,601,train
42,6014,601,train
42,6015,601,train
42,6016,601,train
42,6017,601,train
42,6018,601,train
42,6019,601,train
42,6050,605,train
42,6051,605,train
42,6052,605,train
42,6053,605,train
42,6054,605,train
42,6055,605,train
42,6056,605,train
42,6057,605,train
42,6058,605,train
42,6059,605,train
42,6070,607,train
42,6071,607,train
42,6072,607,train
42,6073,607,train
42,6074,607,train
42,6075,607,train
42,6076,607,train
42,6077,607,train
42,6078,607,train
42,6079,607,train
42,6080,608,train
42,6081,608,train
42,6082,608,train
42,6083,608,train
42,6084,608,train
42,6085,608,train
42,6086,608,train
42,6087,608,train
42,6088,608,train
42,6089,608,train
42,6100,610,train
42,6101,610,train
42,6102,610,train
42,6103,610,train
42,6104,610,train
42,6105,610,train
42,6106,610,train
42,6107,610,train
42,6108,610,train
42,6109,610,train
42,6110,611,train
42,6111,611,train
42,6112,611,train
42,6113,611,train
42,6114,611,train
42,6115,611,train
42,6116,611,train
42,6117,611,train
42,6118,611,train
42,6119,611,train
42,6120,612,train
42,6121,612,train
42,6122,612,train
42,6123,612,train
42,6124,612,train
42,6125,612,train
42,6126,612,train
42,6127,612,train
42,6128,612,train
42,6129,612,train
42,6130,613,train
42,6131,613,train
42,6132,613,train
42,6133,613,train
42,6134,613,train
42,6135,613,train
42,6136,613,train
42,6137,613,train
42,6138,613,train
42,6139,613,train
42,6140,614,train
42,6141,614,train
42,6142,614,train
42,6143,614,train
42,6144,614,train
42,6145,614,train
42,6146,614,train
42,6147,614,train
42,6148,614,train
42,6149,614,train
42,6150,615,train
42,6151,615,train
42,6152,615,train
42,6153,615,train
42,6154,615,train
42,6155,615,train
42,6156,615,train
42,6157,615,train
42,6158,615,train
42,6159,615,train
42,6160,616,train
42,6161,616,train
42,6162,616,train
42,6163,616,train
42,6164,616,train
42,6165,616,train
42,6166,616,train
42,6167,616,train
42,6168,616,train
42,6169,616,train
42,6170,617,train
42,6171,617,train
42,6172,617,train
42,6173,617,train
42,6174,617,train
42,6175,617,train
42,6176,617,train
42,6177,617,train
42,6178,617,train
42,6179,617,train
42,6190,619,train
42,6191,619,train
42,6192,619,train
42,6193,619,train
42,6194,619,train
42,6195,619,train
42,6196,619,train
42,6197,619,train
42,6198,619,train
42,6199,619,train
42,6200,620,train
42,6201,620,train
42,6202,620,train
42,6203,620,train
42,6204,620,train
42,6205,620,train
42,6206,620,train
42,6207,620,train
42,6208,620,train
42,6209,620,train
42,6230,623,train
42,6231,623,train
42,6232,623,train
42,6233,623,train
42,6234,623,train
42,6235,623,train
42,6236,623,train
42,6237,623,train
42,6238,623,train
42,6239,623,train
42,6250,625,train
42,6251,625,train
42,6252,625,train
42,6253,625,train
42,6254,625,train
42,6255,625,train
42,6256,625,train
42,6257,625,train
42,6258,625,train
42,6259,625,train
42,6280,628,train
42,6281,628,train
42,6282,628,train
42,6283,628,train
42,6284,628,train
42,6285,628,train
42,6286,628,train
42,6287,628,train
42,6288,628,train
42,6289,628,train
42,6290,629,train
42,6291,629,train
42,6292,629,train
42,6293,629,train
42,6294,629,train
42,6295,629,train
42,6296,629,train
42,6297,629,train
42,6298,629,train
42,6299,629,train
42,6300,630,train
42,6301,630,train
42,6302,630,train
42,6303,630,train
42,6304,630,train
42,6305,630,train
42,6306,630,train
42,6307,630,train
42,6308,630,train
42,6309,630,train
42,6310,631,train
42,6311,631,train
42,6312,631,train
42,6313,631,train
42,6314,631,train
42,6315,631,train
42,6316,631,train
42,6317,631,train
42,6318,631,train
42,6319,631,train
42,6320,632,train
42,6321,632,train
42,6322,632,train
42,6323,632,train
42,6324,632,train
42,6325,632,train
42,6326,632,train
42,6327,632,train
42,6328,632,train
42,6329,632,train
42,6350,635,train
42,6351,635,train
42,6352,635,train
42,6353,635,train
42,6354,635,train
42,6355,635,train
42,6356,635,train
42,6357,635,train
42,6358,635,train
42,6359,635,train
42,6360,636,train
42,6361,636,train
42,6362,636,train
42,6363,636,train
42,6364,636,train
42,6365,636,train
42,6366,636,train
42,6367,636,train
42,6368,636,train
42,6369,636,train
42,6390,639,train
42,6391,639,train
42,6392,639,train
42,6393,639,train
42,6394,639,train
42,6395,639,train
42,6396,639,train
42,6397,639,train
42,6398,639,train
42,6399,639,train
42,6400,640,train
42,6401,640,train
42,6402,640,train
42,6403,640,train
42,6404,640,train
42,6405,640,train
42,6406,640,train
42,6407,640,train
42,6408,640,train
42,6409,640,train
42,6410,641,train
42,6411,641,train
42,6412,641,train
42,6413,641,train
42,6414,641,train
42,6415,641,train
42,6416,641,train
42,6417,641,train
42,6418,641,train
42,6419,641,train
42,6420,642,train
42,6421,642,train
42,6422,642,train
42,6423,642,train
42,6424,642,train
42,6425,642,train
42,6426,642,train
42,6427,642,train
42,6428,642,train
42,6429,642,train
42,6430,643,train
42,6431,643,train
42,6432,643,train
42,6433,643,train
42,6434,643,train
42,6435,643,train
42,6436,643,train
42,6437,643,train
42,6438,643,train
42,6439,643,train
42,6460,646,train
42,6461,646,train
42,6462,646,train
42,6463,646,train
42,6464,646,train
42,6465,646,train
42,6466,646,train
42,6467,646,train
42,6468,646,train
42,6469,646,train
42,6470,647,train
42,6471,647,train
42,6472,647,train
42,6473,647,train
42,6474,647,train
42,6475,647,train
42,6476,647,train
42,6477,647,train
42,6478,647,train
42,6479,647,train
42,6490,649,train
42,6491,649,train
42,6492,649,train
42,6493,649,train
42,6494,649,train
42,6495,649,train
42,6496,649,train
42,6497,649,train
42,6498,649,train
42,6499,649,train
42,6500,650,train
42,6501,650,train
42,6502,650,train
42,6503,650,train
42,6504,650,train
42,6505,650,train
42,6506,650,train
42,6507,650,train
42,6508,650,train
42,6509,650,train
42,6510,651,train
42,6511,651,train
42,6512,651,train
42,6513,651,train
42,6514,651,train
42,6515,651,train
42,6516,651,train
42,6517,651,train
42,6518,651,train
42,6519,651,train
42,6520,652,train
42,6521,652,train
42,6522,652,train
42,6523,652,train
42,6524,652,train
42,6525,652,train
42,6526,652,train
42,6527,652,train
42,6528,652,train
42,6529,652,train
42,6530,653,train
42,6531,653,train
42,6532,653,train
42,6533,653,train
42,6534,653,train
42,6535,653,train
42,6536,653,train
42,6537,653,train
42,6538,653,train
42,6539,653,train
42,6540,654,train
42,6541,654,train
42,6542,654,train
42,6543,654,train
42,6544,654,train
42,6545,654,train
42,6546,654,train
42,6547,654,train
42,6548,654,train
42,6549,654,train
42,6550,655,train
42,6551,655,train
42,6552,655,train
42,6553,655,train
42,6554,655,train
42,6555,655,train
42,6556,655,train
42,6557,655,train
42,6558,655,train
42,6559,655,train
42,6560,656,train
42,6561,656,train
42,6562,656,train
42,6563,656,train
42,6564,656,train
42,6565,656,train
42,6566,656,train
42,6567,656,train
42,6568,656,train
42,6569,656,train
42,6570,657,train
42,6571,657,train
42,6572,657,train
42,6573,657,train
42,6574,657,train
42,6575,657,train
42,6576,657,train
42,6577,657,train
42,6578,657,train
42,6579,657,train
42,6580,658,train
42,6581,658,train
42,6582,658,train
42,6583,658,train
42,6584,658,train
42,6585,658,train
42,6586,658,train
42,6587,658,train
42,6588,658,train
42,6589,658,train
42,6590,659,train
42,6591,659,train
42,6592,659,train
42,6593,659,train
42,6594,659,train
42,6595,659,train
42,6596,659,train
42,6597,659,train
42,6598,659,train
42,6599,659,train
42,6600,660,train
42,6601,660,train
42,6602,660,train
42,6603,660,train
42,6604,660,train
42,6605,660,train
42,6606,660,train
42,6607,660,train
42,6608,660,train
42,6609,660,train
42,6610,661,train
42,6611,661,train
42,6612,661,train
42,6613,661,train
42,6614,661,train
42,6615,661,train
42,6616,661,train
42,6617,661,train
42,6618,661,train
42,6619,661,train
42,6620,662,train
42,6621,662,train
42,6622,662,train
42,6623,662,train
42,6624,662,train
42,6625,662,train
42,6626,662,train
42,6627,662,train
42,6628,662,train
42,6629,662,train
42,6630,663,train
42,6631,663,train
42,6632,663,train
42,6633,663,train
42,6634,663,train
42,6635,663,train
42,6636,663,train
42,6637,663,train
42,6638,663,train
42,6639,663,train
42,6640,664,train
42,6641,664,train
42,6642,664,train
42,6643,664,train
42,6644,664,train
42,6645,664,train
42,6646,664,train
42,6647,664,train
42,6648,664,train
42,6649,664,train
42,6650,665,train
42,6651,665,train
42,6652,665,train
42,6653,665,train
42,6654,665,train
42,6655,665,train
42,6656,665,train
42,6657,665,train
42,6658,665,train
42,6659,665,train
42,6660,666,train
42,6661,666,train
42,6662,666,train
42,6663,666,train
42,6664,666,train
42,6665,666,train
42,6666,666,train
42,6667,666,train
42,6668,666,train
42,6669,666,train
42,6680,668,train
42,6681,668,train
42,6682,668,train
42,6683,668,train
42,6684,668,train
42,6685,668,train
42,6686,668,train
42,6687,668,train
42,6688,668,train
42,6689,668,train
42,6700,670,train
42,6701,670,train
42,6702,670,train
42,6703,670,train
42,6704,670,train
42,6705,670,train
42,6706,670,train
42,6707,670,train
42,6708,670,train
42,6709,670,train
42,6720,672,train
42,6721,672,train
42,6722,672,train
42,6723,672,train
42,6724,672,train
42,6725,672,train
42,6726,672,train
42,6727,672,train
42,6728,672,train
42,6729,672,train
42,6730,673,train
42,6731,673,train
42,6732,673,train
42,6733,673,train
42,6734,673,train
42,6735,673,train
42,6736,673,train
42,6737,673,train
42,6738,673,train
42,6739,673,train
42,6750,675,train
42,6751,675,train
42,6752,675,train
42,6753,675,train
42,6754,675,train
42,6755,675,train
42,6756,675,train
42,6757,675,train
42,6758,675,train
42,6759,675,train
42,6760,676,train
42,6761,676,train
42,6762,676,train
42,6763,676,train
42,6764,676,train
42,6765,676,train
42,6766,676,train
42,6767,676,train
42,6768,676,train
42,6769,676,train
42,6770,677,train
42,6771,677,train
42,6772,677,train
42,6773,677,train
42,6774,677,train
42,6775,677,train
42,6776,677,train
42,6777,677,train
42,6778,677,train
42,6779,677,train
42,6790,679,train
42,6791,679,train
42,6792,679,train
42,6793,679,train
42,6794,679,train
42,6795,679,train
42,6796,679,train
42,6797,679,train
42,6798,679,train
42,6799,679,train
42,6800,680,train
42,6801,680,train
42,6802,680,train
42,6803,680,train
42,6804,680,train
42,6805,680,train
42,6806,680,train
42,6807,680,train
42,6808,680,train
42,6809,680,train
42,6810,681,train
42,6811,681,train
42,6812,681,train
42,6813,681,train
42,6814,681,train
42,6815,681,train
42,6816,681,train
42,6817,681,train
42,6818,681,train
42,6819,681,train
42,6830,683,train
42,6831,683,train
42,6832,683,train
42,6833,683,train
42,6834,683,train
42,6835,683,train
42,6836,683,train
42,6837,683,train
42,6838,683,train
42,6839,683,train
42,6860,686,train
42,6861,686,train
42,6862,686,train
42,6863,686,train
42,6864,686,train
42,6865,686,train
42,6866,686,train
42,6867,686,train
42,6868,686,train
42,6869,686,train
42,6890,689,train
42,6891,689,train
42,6892,689,train
42,6893,689,train
42,6894,689,train
42,6895,689,train
42,6896,689,train
42,6897,689,train
42,6898,689,train
42,6899,689,train
42,6900,690,train
42,6901,690,train
42,6902,690,train
42,6903,690,train
42,6904,690,train
42,6905,690,train
42,6906,690,train
42,6907,690,train
42,6908,690,train
42,6909,690,train
42,6910,691,train
42,6911,691,train
42,6912,691,train
42,6913,691,train
42,6914,691,train
42,6915,691,train
42,6916,691,train
42,6917,691,train
42,6918,691,train
42,6919,691,train
42,6920,692,train
42,6921,692,train
42,6922,692,train
42,6923,692,train
42,6924,692,train
42,6925,692,train
42,6926,692,train
42,6927,692,train
42,6928,692,train
42,6929,692,train
42,6930,693,train
42,6931,693,train
42,6932,693,train
42,6933,693,train
42,6934,693,train
42,6935,693,train
42,6936,693,train
42,6937,693,train
42,6938,693,train
42,6939,693,train
42,6950,695,train
42,6951,695,train
42,6952,695,train
42,6953,695,train
42,6954,695,train
42,6955,695,train
42,6956,695,train
42,6957,695,train
42,6958,695,train
42,6959,695,train
42,6960,696,train
42,6961,696,train
42,6962,696,train
42,6963,696,train
42,6964,696,train
42,6965,696,train
42,6966,696,train
42,6967,696,train
42,6968,696,train
42,6969,696,train
42,6980,698,train
42,6981,698,train
42,6982,698,train
42,6983,698,train
42,6984,698,train
42,6985,698,train
42,6986,698,train
42,6987,698,train
42,6988,698,train
42,6989,698,train
42,6990,699,train
42,6991,699,train
42,6992,699,train
42,6993,699,train
42,6994,699,train
42,6995,699,train
42,6996,699,train
42,6997,699,train
42,6998,699,train
42,6999,699,train
42,7000,700,train
42,7001,700,train
42,7002,700,train
42,7003,700,train
42,7004,700,train
42,7005,700,train
42,7006,700,train
42,7007,700,train
42,7008,700,train
42,7009,700,train
42,7020,702,train
42,7021,702,train
42,7022,702,train
42,7023,702,train
42,7024,702,train
42,7025,702,train
42,7026,702,train
42,7027,702,train
42,7028,702,train
42,7029,702,train
42,7030,703,train
42,7031,703,train
42,7032,703,train
42,7033,703,train
42,7034,703,train
42,7035,703,train
42,7036,703,train
42,7037,703,train
42,7038,703,train
42,7039,703,train
42,7040,704,train
42,7041,704,train
42,7042,704,train
42,7043,704,train
42,7044,704,train
42,7045,704,train
42,7046,704,train
42,7047,704,train
42,7048,704,train
42,7049,704,train
42,7050,705,train
42,7051,705,train
42,7052,705,train
42,7053,705,train
42,7054,705,train
42,7055,705,train
42,7056,705,train
42,7057,705,train
42,7058,705,train
42,7059,705,train
42,7060,706,train
42,7061,706,train
42,7062,706,train
42,7063,706,train
42,7064,706,train
42,7065,706,train
42,7066,706,train
42,7067,706,train
42,7068,706,train
42,7069,706,train
42,7070,707,train
42,7071,707,train
42,7072,707,train
42,7073,707,train
42,7074,707,train
42,7075,707,train
42,7076,707,train
42,7077,707,train
42,7078,707,train
42,7079,707,train
42,7080,708,train
42,7081,708,train
42,7082,708,train
42,7083,708,train
42,7084,708,train
42,7085,708,train
42,7086,708,train
42,7087,708,train
42,7088,708,train
42,7089,708,train
42,7090,709,train
42,7091,709,train
42,7092,709,train
42,7093,709,train
42,7094,709,train
42,7095,709,train
42,7096,709,train
42,7097,709,train
42,7098,709,train
42,7099,709,train
42,7110,711,train
42,7111,711,train
42,7112,711,train
42,7113,711,train
42,7114,711,train
42,7115,711,train
42,7116,711,train
42,7117,711,train
42,7118,711,train
42,7119,711,train
42,7120,712,train
42,7121,712,train
42,7122,712,train
42,7123,712,train
42,7124,712,train
42,7125,712,train
42,7126,712,train
42,7127,712,train
42,7128,712,train
42,7129,712,train
42,7130,713,train
42,7131,713,train
42,7132,713,train
42,7133,713,train
42,7134,713,train
42,7135,713,train
42,7136,713,train
42,7137,713,train
42,7138,713,train
42,7139,713,train
42,7150,715,train
42,7151,715,train
42,7152,715,train
42,7153,715,train
42,7154,715,train
42,7155,715,train
42,7156,715,train
42,7157,715,train
42,7158,715,train
42,7159,715,train
42,7180,718,train
42,7181,718,train
42,7182,718,train
42,7183,718,train
42,7184,718,train
42,7185,718,train
42,7186,718,train
42,7187,718,train
42,7188,718,train
42,7189,718,train
42,7200,720,train
42,7201,720,train
42,7202,720,train
42,7203,720,train
42,7204,720,train
42,7205,720,train
42,7206,720,train
42,7207,720,train
42,7208,720,train
42,7209,720,train
42,7220,722,train
42,7221,722,train
42,7222,722,train
42,7223,722,train
42,7224,722,train
42,7225,722,train
42,7226,722,train
42,7227,722,train
42,7228,722,train
42,7229,722,train
42,7230,723,train
42,7231,723,train
42,7232,723,train
42,7233,723,train
42,7234,723,train
42,7235,723,train
42,7236,723,train
42,7237,723,train
42,7238,723,train
42,7239,723,train
42,7260,726,train
42,7261,726,train
42,7262,726,train
42,7263,726,train
42,7264,726,train
42,7265,726,train
42,7266,726,train
42,7267,726,train
42,7268,726,train
42,7269,726,train
42,7280,728,train
42,7281,728,train
42,7282,728,train
42,7283,728,train
42,7284,728,train
42,7285,728,train
42,7286,728,train
42,7287,728,train
42,7288,728,train
42,7289,728,train
42,7290,729,train
42,7291,729,train
42,7292,729,train
42,7293,729,train
42,7294,729,train
42,7295,729,train
42,7296,729,train
42,7297,729,train
42,7298,729,train
42,7299,729,train
42,7310,731,train
42,7311,731,train
42,7312,731,train
42,7313,731,train
42,7314,731,train
42,7315,731,train
42,7316,731,train
42,7317,731,train
42,7318,731,train
42,7319,731,train
42,7320,732,train
42,7321,732,train
42,7322,732,train
42,7323,732,train
42,7324,732,train
42,7325,732,train
42,7326,732,train
42,7327,732,train
42,7328,732,train
42,7329,732,train
42,7330,733,train
42,7331,733,train
42,7332,733,train
42,7333,733,train
42,7334,733,train
42,7335,733,train
42,7336,733,train
42,7337,733,train
42,7338,733,train
42,7339,733,train
42,7340,734,train
42,7341,734,train
42,7342,734,train
42,7343,734,train
42,7344,734,train
42,7345,734,train
42,7346,734,train
42,7347,734,train
42,7348,734,train
42,7349,734,train
42,7360,736,train
42,7361,736,train
42,7362,736,train
42,7363,736,train
42,7364,736,train
42,7365,736,train
42,7366,736,train
42,7367,736,train
42,7368,736,train
42,7369,736,train
42,7370,737,train
42,7371,737,train
42,7372,737,train
42,7373,737,train
42,7374,737,train
42,7375,737,train
42,7376,737,train
42,7377,737,train
42,7378,737,train
42,7379,737,train
42,7380,738,train
42,7381,738,train
42,7382,738,train
42,7383,738,train
42,7384,738,train
42,7385,738,train
42,7386,738,train
42,7387,738,train
42,7388,738,train
42,7389,738,train
42,7390,739,train
42,7391,739,train
42,7392,739,train
42,7393,739,train
42,7394,739,train
42,7395,739,train
42,7396,739,train
42,7397,739,train
42,7398,739,train
42,7399,739,train
42,7400,740,train
42,7401,740,train
42,7402,740,train
42,7403,740,train
42,7404,740,train
42,7405,740,train
42,7406,740,train
42,7407,740,train
42,7408,740,train
42,7409,740,train
42,7410,741,train
42,7411,741,train
42,7412,741,train
42,7413,741,train
42,7414,741,train
42,7415,741,train
42,7416,741,train
42,7417,741,train
42,7418,741,train
42,7419,741,train
42,7430,743,train
42,7431,743,train
42,7432,743,train
42,7433,743,train
42,7434,743,train
42,7435,743,train
42,7436,743,train
42,7437,743,train
42,7438,743,train
42,7439,743,train
42,7460,746,train
42,7461,746,train
42,7462,746,train
42,7463,746,train
42,7464,746,train
42,7465,746,train
42,7466,746,train
42,7467,746,train
42,7468,746,train
42,7469,746,train
42,7530,753,train
42,7531,753,train
42,7532,753,train
42,7533,753,train
42,7534,753,train
42,7535,753,train
42,7536,753,train
42,7537,753,train
42,7538,753,train
42,7539,753,train
42,7550,755,train
42,7551,755,train
42,7552,755,train
42,7553,755,train
42,7554,755,train
42,7555,755,train
42,7556,755,train
42,7557,755,train
42,7558,755,train
42,7559,755,train
42,7570,757,train
42,7571,757,train
42,7572,757,train
42,7573,757,train
42,7574,757,train
42,7575,757,train
42,7576,757,train
42,7577,757,train
42,7578,757,train
42,7579,757,train
42,7580,758,train
42,7581,758,train
42,7582,758,train
42,7583,758,train
42,7584,758,train
42,7585,758,train
42,7586,758,train
42,7587,758,train
42,7588,758,train
42,7589,758,train
42,7590,759,train
42,7591,759,train
42,7592,759,train
42,7593,759,train
42,7594,759,train
42,7595,759,train
42,7596,759,train
42,7597,759,train
42,7598,759,train
42,7599,759,train
42,7620,762,train
42,7621,762,train
42,7622,762,train
42,7623,762,train
42,7624,762,train
42,7625,762,train
42,7626,762,train
42,7627,762,train
42,7628,762,train
42,7629,762,train
42,7630,763,train
42,7631,763,train
42,7632,763,train
42,7633,763,train
42,7634,763,train
42,7635,763,train
42,7636,763,train
42,7637,763,train
42,7638,763,train
42,7639,763,train
42,7640,764,train
42,7641,764,train
42,7642,764,train
42,7643,764,train
42,7644,764,train
42,7645,764,train
42,7646,764,train
42,7647,764,train
42,7648,764,train
42,7649,764,train
42,7660,766,train
42,7661,766,train
42,7662,766,train
42,7663,766,train
42,7664,766,train
42,7665,766,train
42,7666,766,train
42,7667,766,train
42,7668,766,train
42,7669,766,train
42,7680,768,train
42,7681,768,train
42,7682,768,train
42,7683,768,train
42,7684,768,train
42,7685,768,train
42,7686,768,train
42,7687,768,train
42,7688,768,train
42,7689,768,train
42,7700,770,train
42,7701,770,train
42,7702,770,train
42,7703,770,train
42,7704,770,train
42,7705,770,train
42,7706,770,train
42,7707,770,train
42,7708,770,train
42,7709,770,train
42,7710,771,train
42,7711,771,train
42,7712,771,train
42,7713,771,train
42,7714,771,train
42,7715,771,train
42,7716,771,train
42,7717,771,train
42,7718,771,train
42,7719,771,train
42,7740,774,train
42,7741,774,train
42,7742,774,train
42,7743,774,train
42,7744,774,train
42,7745,774,train
42,7746,774,train
42,7747,774,train
42,7748,774,train
42,7749,774,train
42,7750,775,train
42,7751,775,train
42,7752,775,train
42,7753,775,train
42,7754,775,train
42,7755,775,train
42,7756,775,train
42,7757,775,train
42,7758,775,train
42,7759,775,train
42,7760,776,train
42,7761,776,train
42,7762,776,train
42,7763,776,train
42,7764,776,train
42,7765,776,train
42,7766,776,train
42,7767,776,train
42,7768,776,train
42,7769,776,train
42,7770,777,train
42,7771,777,train
42,7772,777,train
42,7773,777,train
42,7774,777,train
42,7775,777,train
42,7776,777,train
42,7777,777,train
42,7778,777,train
42,7779,777,train
42,7790,779,train
42,7791,779,train
42,7792,779,train
42,7793,779,train
42,7794,779,train
42,7795,779,train
42,7796,779,train
42,7797,779,train
42,7798,779,train
42,7799,779,train
42,7830,783,train
42,7831,783,train
42,7832,783,train
42,7833,783,train
42,7834,783,train
42,7835,783,train
42,7836,783,train
42,7837,783,train
42,7838,783,train
42,7839,783,train
42,7840,784,train
42,7841,784,train
42,7842,784,train
42,7843,784,train
42,7844,784,train
42,7845,784,train
42,7846,784,train
42,7847,784,train
42,7848,784,train
42,7849,784,train
42,7860,786,train
42,7861,786,train
42,7862,786,train
42,7863,786,train
42,7864,786,train
42,7865,786,train
42,7866,786,train
42,7867,786,train
42,7868,786,train
42,7869,786,train
42,7890,789,train
42,7891,789,train
42,7892,789,train
42,7893,789,train
42,7894,789,train
42,7895,789,train
42,7896,789,train
42,7897,789,train
42,7898,789,train
42,7899,789,train
42,7900,790,train
42,7901,790,train
42,7902,790,train
42,7903,790,train
42,7904,790,train
42,7905,790,train
42,7906,790,train
42,7907,790,train
42,7908,790,train
42,7909,790,train
42,7910,791,train
42,7911,791,train
42,7912,791,train
42,7913,791,train
42,7914,791,train
42,7915,791,train
42,7916,791,train
42,7917,791,train
42,7918,791,train
42,7919,791,train
42,7950,795,train
42,7951,795,train
42,7952,795,train
42,7953,795,train
42,7954,795,train
42,7955,795,train
42,7956,795,train
42,7957,795,train
42,7958,795,train
42,7959,795,train
42,7970,797,train
42,7971,797,train
42,7972,797,train
42,7973,797,train
42,7974,797,train
42,7975,797,train
42,7976,797,train
42,7977,797,train
42,7978,797,train
42,7979,797,train
42,7990,799,train
42,7991,799,train
42,7992,799,train
42,7993,799,train
42,7994,799,train
42,7995,799,train
42,7996,799,train
42,7997,799,train
42,7998,799,train
42,7999,799,train
42,8010,801,train
42,8011,801,train
42,8012,801,train
42,8013,801,train
42,8014,801,train
42,8015,801,train
42,8016,801,train
42,8017,801,train
42,8018,801,train
42,8019,801,train
42,8020,802,train
42,8021,802,train
42,8022,802,train
42,8023,802,train
42,8024,802,train
42,8025,802,train
42,8026,802,train
42,8027,802,train
42,8028,802,train
42,8029,802,train
42,8090,809,train
42,8091,809,train
42,8092,809,train
42,8093,809,train
42,8094,809,train
42,8095,809,train
42,8096,809,train
42,8097,809,train
42,8098,809,train
42,8099,809,train
42,8100,810,train
42,8101,810,train
42,8102,810,train
42,8103,810,train
42,8104,810,train
42,8105,810,train
42,8106,810,train
42,8107,810,train
42,8108,810,train
42,8109,810,train
42,8120,812,train
42,8121,812,train
42,8122,812,train
42,8123,812,train
42,8124,812,train
42,8125,812,train
42,8126,812,train
42,8127,812,train
42,8128,812,train
42,8129,812,train
42,8130,813,train
42,8131,813,train
42,8132,813,train
42,8133,813,train
42,8134,813,train
42,8135,813,train
42,8136,813,train
42,8137,813,train
42,8138,813,train
42,8139,813,train
42,8150,815,train
42,8151,815,train
42,8152,815,train
42,8153,815,train
42,8154,815,train
42,8155,815,train
42,8156,815,train
42,8157,815,train
42,8158,815,train
42,8159,815,train
42,8170,817,train
42,8171,817,train
42,8172,817,train
42,8173,817,train
42,8174,817,train
42,8175,817,train
42,8176,817,train
42,8177,817,train
42,8178,817,train
42,8179,817,train
42,8180,818,train
42,8181,818,train
42,8182,818,train
42,8183,818,train
42,8184,818,train
42,8185,818,train
42,8186,818,train
42,8187,818,train
42,8188,818,train
42,8189,818,train
42,8200,820,train
42,8201,820,train
42,8202,820,train
42,8203,820,train
42,8204,820,train
42,8205,820,train
42,8206,820,train
42,8207,820,train
42,8208,820,train
42,8209,820,train
42,8220,822,train
42,8221,822,train
42,8222,822,train
42,8223,822,train
42,8224,822,train
42,8225,822,train
42,8226,822,train
42,8227,822,train
42,8228,822,train
42,8229,822,train
42,8230,823,train
42,8231,823,train
42,8232,823,train
42,8233,823,train
42,8234,823,train
42,8235,823,train
42,8236,823,train
42,8237,823,train
42,8238,823,train
42,8239,823,train
42,8250,825,train
42,8251,825,train
42,8252,825,train
42,8253,825,train
42,8254,825,train
42,8255,825,train
42,8256,825,train
42,8257,825,train
42,8258,825,train
42,8259,825,train
42,8260,826,train
42,8261,826,train
42,8262,826,train
42,8263,826,train
42,8264,826,train
42,8265,826,train
42,8266,826,train
42,8267,826,train
42,8268,826,train
42,8269,826,train
42,8290,829,train
42,8291,829,train
42,8292,829,train
42,8293,829,train
42,8294,829,train
42,8295,829,train
42,8296,829,train
42,8297,829,train
42,8298,829,train
42,8299,829,train
42,8300,830,train
42,8301,830,train
42,8302,830,train
42,8303,830,train
42,8304,830,train
42,8305,830,train
42,8306,830,train
42,8307,830,train
42,8308,830,train
42,8309,830,train
42,8320,832,train
42,8321,832,train
42,8322,832,train
42,8323,832,train
42,8324,832,train
42,8325,832,train
42,8326,832,train
42,8327,832,train
42,8328,832,train
42,8329,832,train
42,8330,833,train
42,8331,833,train
42,8332,833,train
42,8333,833,train
42,8334,833,train
42,8335,833,train
42,8336,833,train
42,8337,833,train
42,8338,833,train
42,8339,833,train
42,8350,835,train
42,8351,835,train
42,8352,835,train
42,8353,835,train
42,8354,835,train
42,8355,835,train
42,8356,835,train
42,8357,835,train
42,8358,835,train
42,8359,835,train
42,8360,836,train
42,8361,836,train
42,8362,836,train
42,8363,836,train
42,8364,836,train
42,8365,836,train
42,8366,836,train
42,8367,836,train
42,8368,836,train
42,8369,836,train
42,8370,837,train
42,8371,837,train
42,8372,837,train
42,8373,837,train
42,8374,837,train
42,8375,837,train
42,8376,837,train
42,8377,837,train
42,8378,837,train
42,8379,837,train
42,8380,838,train
42,8381,838,train
42,8382,838,train
42,8383,838,train
42,8384,838,train
42,8385,838,train
42,8386,838,train
42,8387,838,train
42,8388,838,train
42,8389,838,train
42,8400,840,train
42,8401,840,train
42,8402,840,train
42,8403,840,train
42,8404,840,train
42,8405,840,train
42,8406,840,train
42,8407,840,train
42,8408,840,train
42,8409,840,train
42,8410,841,train
42,8411,841,train
42,8412,841,train
42,8413,841,train
42,8414,841,train
42,8415,841,train
42,8416,841,train
42,8417,841,train
42,8418,841,train
42,8419,841,train
42,8420,842,train
42,8421,842,train
42,8422,842,train
42,8423,842,train
42,8424,842,train
42,8425,842,train
42,8426,842,train
42,8427,842,train
42,8428,842,train
42,8429,842,train
42,8430,843,train
42,8431,843,train
42,8432,843,train
42,8433,843,train
42,8434,843,train
42,8435,843,train
42,8436,843,train
42,8437,843,train
42,8438,843,train
42,8439,843,train
42,8450,845,train
42,8451,845,train
42,8452,845,train
42,8453,845,train
42,8454,845,train
42,8455,845,train
42,8456,845,train
42,8457,845,train
42,8458,845,train
42,8459,845,train
42,8480,848,train
42,8481,848,train
42,8482,848,train
42,8483,848,train
42,8484,848,train
42,8485,848,train
42,8486,848,train
42,8487,848,train
42,8488,848,train
42,8489,848,train
42,8490,849,train
42,8491,849,train
42,8492,849,train
42,8493,849,train
42,8494,849,train
42,8495,849,train
42,8496,849,train
42,8497,849,train
42,8498,849,train
42,8499,849,train
42,8500,850,train
42,8501,850,train
42,8502,850,train
42,8503,850,train
42,8504,850,train
42,8505,850,train
42,8506,850,train
42,8507,850,train
42,8508,850,train
42,8509,850,train
42,8510,851,train
42,8511,851,train
42,8512,851,train
42,8513,851,train
42,8514,851,train
42,8515,851,train
42,8516,851,train
42,8517,851,train
42,8518,851,train
42,8519,851,train
42,8530,853,train
42,8531,853,train
42,8532,853,train
42,8533,853,train
42,8534,853,train
42,8535,853,train
42,8536,853,train
42,8537,853,train
42,8538,853,train
42,8539,853,train
42,8540,854,train
42,8541,854,train
42,8542,854,train
42,8543,854,train
42,8544,854,train
42,8545,854,train
42,8546,854,train
42,8547,854,train
42,8548,854,train
42,8549,854,train
42,8580,858,train
42,8581,858,train
42,8582,858,train
42,8583,858,train
42,8584,858,train
42,8585,858,train
42,8586,858,train
42,8587,858,train
42,8588,858,train
42,8589,858,train
42,8610,861,train
42,8611,861,train
42,8612,861,train
42,8613,861,train
42,8614,861,train
42,8615,861,train
42,8616,861,train
42,8617,861,train
42,8618,861,train
42,8619,861,train
42,8630,863,train
42,8631,863,train
42,8632,863,train
42,8633,863,train
42,8634,863,train
42,8635,863,train
42,8636,863,train
42,8637,863,train
42,8638,863,train
42,8639,863,train
42,8650,865,train
42,8651,865,train
42,8652,865,train
42,8653,865,train
42,8654,865,train
42,8655,865,train
42,8656,865,train
42,8657,865,train
42,8658,865,train
42,8659,865,train
42,8680,868,train
42,8681,868,train
42,8682,868,train
42,8683,868,train
42,8684,868,train
42,8685,868,train
42,8686,868,train
42,8687,868,train
42,8688,868,train
42,8689,868,train
42,8690,869,train
42,8691,869,train
42,8692,869,train
42,8693,869,train
42,8694,869,train
42,8695,869,train
42,8696,869,train
42,8697,869,train
42,8698,869,train
42,8699,869,train
42,8700,870,train
42,8701,870,train
42,8702,870,train
42,8703,870,train
42,8704,870,train
42,8705,870,train
42,8706,870,train
42,8707,870,train
42,8708,870,train
42,8709,870,train
42,8730,873,train
42,8731,873,train
42,8732,873,train
42,8733,873,train
42,8734,873,train
42,8735,873,train
42,8736,873,train
42,8737,873,train
42,8738,873,train
42,8739,873,train
42,8750,875,train
42,8751,875,train
42,8752,875,train
42,8753,875,train
42,8754,875,train
42,8755,875,train
42,8756,875,train
42,8757,875,train
42,8758,875,train
42,8759,875,train
42,8770,877,train
42,8771,877,train
42,8772,877,train
42,8773,877,train
42,8774,877,train
42,8775,877,train
42,8776,877,train
42,8777,877,train
42,8778,877,train
42,8779,877,train
42,8790,879,train
42,8791,879,train
42,8792,879,train
42,8793,879,train
42,8794,879,train
42,8795,879,train
42,8796,879,train
42,8797,879,train
42,8798,879,train
42,8799,879,train
42,8800,880,train
42,8801,880,train
42,8802,880,train
42,8803,880,train
42,8804,880,train
42,8805,880,train
42,8806,880,train
42,8807,880,train
42,8808,880,train
42,8809,880,train
42,8830,883,train
42,8831,883,train
42,8832,883,train
42,8833,883,train
42,8834,883,train
42,8835,883,train
42,8836,883,train
42,8837,883,train
42,8838,883,train
42,8839,883,train
42,8840,884,train
42,8841,884,train
42,8842,884,train
42,8843,884,train
42,8844,884,train
42,8845,884,train
42,8846,884,train
42,8847,884,train
42,8848,884,train
42,8849,884,train
42,8850,885,train
42,8851,885,train
42,8852,885,train
42,8853,885,train
42,8854,885,train
42,8855,885,train
42,8856,885,train
42,8857,885,train
42,8858,885,train
42,8859,885,train
42,8860,886,train
42,8861,886,train
42,8862,886,train
42,8863,886,train
42,8864,886,train
42,8865,886,train
42,8866,886,train
42,8867,886,train
42,8868,886,train
42,8869,886,train
42,8870,887,train
42,8871,887,train
42,8872,887,train
42,8873,887,train
42,8874,887,train
42,8875,887,train
42,8876,887,train
42,8877,887,train
42,8878,887,train
42,8879,887,train
42,8890,889,train
42,8891,889,train
42,8892,889,train
42,8893,889,train
42,8894,889,train
42,8895,889,train
42,8896,889,train
42,8897,889,train
42,8898,889,train
42,8899,889,train
42,8920,892,train
42,8921,892,train
42,8922,892,train
42,8923,892,train
42,8924,892,train
42,8925,892,train
42,8926,892,train
42,8927,892,train
42,8928,892,train
42,8929,892,train
42,8940,894,train
42,8941,894,train
42,8942,894,train
42,8943,894,train
42,8944,894,train
42,8945,894,train
42,8946,894,train
42,8947,894,train
42,8948,894,train
42,8949,894,train
42,8970,897,train
42,8971,897,train
42,8972,897,train
42,8973,897,train
42,8974,897,train
42,8975,897,train
42,8976,897,train
42,8977,897,train
42,8978,897,train
42,8979,897,train
42,8980,898,train
42,8981,898,train
42,8982,898,train
42,8983,898,train
42,8984,898,train
42,8985,898,train
42,8986,898,train
42,8987,898,train
42,8988,898,train
42,8989,898,train
42,8990,899,train
42,8991,899,train
42,8992,899,train
42,8993,899,train
42,8994,899,train
42,8995,899,train
42,8996,899,train
42,8997,899,train
42,8998,899,train
42,8999,899,train
42,9000,900,train
42,9001,900,train
42,9002,900,train
42,9003,900,train
42,9004,900,train
42,9005,900,train
42,9006,900,train
42,9007,900,train
42,9008,900,train
42,9009,900,train
42,9010,901,train
42,9011,901,train
42,9012,901,train
42,9013,901,train
42,9014,901,train
42,9015,901,train
42,9016,901,train
42,9017,901,train
42,9018,901,train
42,9019,901,train
42,9030,903,train
42,9031,903,train
42,9032,903,train
42,9033,903,train
42,9034,903,train
42,9035,903,train
42,9036,903,train
42,9037,903,train
42,9038,903,train
42,9039,903,train
42,9040,904,train
42,9041,904,train
42,9042,904,train
42,9043,904,train
42,9044,904,train
42,9045,904,train
42,9046,904,train
42,9047,904,train
42,9048,904,train
42,9049,904,train
42,9050,905,train
42,9051,905,train
42,9052,905,train
42,9053,905,train
42,9054,905,train
42,9055,905,train
42,9056,905,train
42,9057,905,train
42,9058,905,train
42,9059,905,train
42,9060,906,train
42,9061,906,train
42,9062,906,train
42,9063,906,train
42,9064,906,train
42,9065,906,train
42,9066,906,train
42,9067,906,train
42,9068,906,train
42,9069,906,train
42,9080,908,train
42,9081,908,train
42,9082,908,train
42,9083,908,train
42,9084,908,train
42,9085,908,train
42,9086,908,train
42,9087,908,train
42,9088,908,train
42,9089,908,train
42,9090,909,train
42,9091,909,train
42,9092,909,train
42,9093,909,train
42,9094,909,train
42,9095,909,train
42,9096,909,train
42,9097,909,train
42,9098,909,train
42,9099,909,train
42,9120,912,train
42,9121,912,train
42,9122,912,train
42,9123,912,train
42,9124,912,train
42,9125,912,train
42,9126,912,train
42,9127,912,train
42,9128,912,train
42,9129,912,train
42,9160,916,train
42,9161,916,train
42,9162,916,train
42,9163,916,train
42,9164,916,train
42,9165,916,train
42,9166,916,train
42,9167,916,train
42,9168,916,train
42,9169,916,train
42,9190,919,train
42,9191,919,train
42,9192,919,train
42,9193,919,train
42,9194,919,train
42,9195,919,train
42,9196,919,train
42,9197,919,train
42,9198,919,train
42,9199,919,train
42,9200,920,train
42,9201,920,train
42,9202,920,train
42,9203,920,train
42,9204,920,train
42,9205,920,train
42,9206,920,train
42,9207,920,train
42,9208,920,train
42,9209,920,train
42,9220,922,train
42,9221,922,train
42,9222,922,train
42,9223,922,train
42,9224,922,train
42,9225,922,train
42,9226,922,train
42,9227,922,train
42,9228,922,train
42,9229,922,train
42,9260,926,train
42,9261,926,train
42,9262,926,train
42,9263,926,train
42,9264,926,train
42,9265,926,train
42,9266,926,train
42,9267,926,train
42,9268,926,train
42,9269,926,train
42,9270,927,train
42,9271,927,train
42,9272,927,train
42,9273,927,train
42,9274,927,train
42,9275,927,train
42,9276,927,train
42,9277,927,train
42,9278,927,train
42,9279,927,train
42,9280,928,train
42,9281,928,train
42,9282,928,train
42,9283,928,train
42,9284,928,train
42,9285,928,train
42,9286,928,train
42,9287,928,train
42,9288,928,train
42,9289,928,train
42,9290,929,train
42,9291,929,train
42,9292,929,train
42,9293,929,train
42,9294,929,train
42,9295,929,train
42,9296,929,train
42,9297,929,train
42,9298,929,train
42,9299,929,train
42,9310,931,train
42,9311,931,train
42,9312,931,train
42,9313,931,train
42,9314,931,train
42,9315,931,train
42,9316,931,train
42,9317,931,train
42,9318,931,train
42,9319,931,train
42,9320,932,train
42,9321,932,train
42,9322,932,train
42,9323,932,train
42,9324,932,train
42,9325,932,train
42,9326,932,train
42,9327,932,train
42,9328,932,train
42,9329,932,train
42,9330,933,train
42,9331,933,train
42,9332,933,train
42,9333,933,train
42,9334,933,train
42,9335,933,train
42,9336,933,train
42,9337,933,train
42,9338,933,train
42,9339,933,train
42,9340,934,train
42,9341,934,train
42,9342,934,train
42,9343,934,train
42,9344,934,train
42,9345,934,train
42,9346,934,train
42,9347,934,train
42,9348,934,train
42,9349,934,train
42,9350,935,train
42,9351,935,train
42,9352,935,train
42,9353,935,train
42,9354,935,train
42,9355,935,train
42,9356,935,train
42,9357,935,train
42,9358,935,train
42,9359,935,train
42,9360,936,train
42,9361,936,train
42,9362,936,train
42,9363,936,train
42,9364,936,train
42,9365,936,train
42,9366,936,train
42,9367,936,train
42,9368,936,train
42,9369,936,train
42,9370,937,train
42,9371,937,train
42,9372,937,train
42,9373,937,train
42,9374,937,train
42,9375,937,train
42,9376,937,train
42,9377,937,train
42,9378,937,train
42,9379,937,train
42,9380,938,train
42,9381,938,train
42,9382,938,train
42,9383,938,train
42,9384,938,train
42,9385,938,train
42,9386,938,train
42,9387,938,train
42,9388,938,train
42,9389,938,train
42,9400,940,train
42,9401,940,train
42,9402,940,train
42,9403,940,train
42,9404,940,train
42,9405,940,train
42,9406,940,train
42,9407,940,train
42,9408,940,train
42,9409,940,train
42,9410,941,train
42,9411,941,train
42,9412,941,train
42,9413,941,train
42,9414,941,train
42,9415,941,train
42,9416,941,train
42,9417,941,train
42,9418,941,train
42,9419,941,train
42,9420,942,train
42,9421,942,train
42,9422,942,train
42,9423,942,train
42,9424,942,train
42,9425,942,train
42,9426,942,train
42,9427,942,train
42,9428,942,train
42,9429,942,train
42,9430,943,train
42,9431,943,train
42,9432,943,train
42,9433,943,train
42,9434,943,train
42,9435,943,train
42,9436,943,train
42,9437,943,train
42,9438,943,train
42,9439,943,train
42,9450,945,train
42,9451,945,train
42,9452,945,train
42,9453,945,train
42,9454,945,train
42,9455,945,train
42,9456,945,train
42,9457,945,train
42,9458,945,train
42,9459,945,train
42,9460,946,train
42,9461,946,train
42,9462,946,train
42,9463,946,train
42,9464,946,train
42,9465,946,train
42,9466,946,train
42,9467,946,train
42,9468,946,train
42,9469,946,train
42,9470,947,train
42,9471,947,train
42,9472,947,train
42,9473,947,train
42,9474,947,train
42,9475,947,train
42,9476,947,train
42,9477,947,train
42,9478,947,train
42,9479,947,train
42,9480,948,train
42,9481,948,train
42,9482,948,train
42,9483,948,train
42,9484,948,train
42,9485,948,train
42,9486,948,train
42,9487,948,train
42,9488,948,train
42,9489,948,train
42,9490,949,train
42,9491,949,train
42,9492,949,train
42,9493,949,train
42,9494,949,train
42,9495,949,train
42,9496,949,train
42,9497,949,train
42,9498,949,train
42,9499,949,train
42,9500,950,train
42,9501,950,train
42,9502,950,train
42,9503,950,train
42,9504,950,train
42,9505,950,train
42,9506,950,train
42,9507,950,train
42,9508,950,train
42,9509,950,train
42,9510,951,train
42,9511,951,train
42,9512,951,train
42,9513,951,train
42,9514,951,train
42,9515,951,train
42,9516,951,train
42,9517,951,train
42,9518,951,train
42,9519,951,train
42,9520,952,train
42,9521,952,train
42,9522,952,train
42,9523,952,train
42,9524,952,train
42,9525,952,train
42,9526,952,train
42,9527,952,train
42,9528,952,train
42,9529,952,train
42,9530,953,train
42,9531,953,train
42,9532,953,train
42,9533,953,train
42,9534,953,train
42,9535,953,train
42,9536,953,train
42,9537,953,train
42,9538,953,train
42,9539,953,train
42,9550,955,train
42,9551,955,train
42,9552,955,train
42,9553,955,train
42,9554,955,train
42,9555,955,train
42,9556,955,train
42,9557,955,train
42,9558,955,train
42,9559,955,train
42,9570,957,train
42,9571,957,train
42,9572,957,train
42,9573,957,train
42,9574,957,train
42,9575,957,train
42,9576,957,train
42,9577,957,train
42,9578,957,train
42,9579,957,train
42,9580,958,train
42,9581,958,train
42,9582,958,train
42,9583,958,train
42,9584,958,train
42,9585,958,train
42,9586,958,train
42,9587,958,train
42,9588,958,train
42,9589,958,train
42,9610,961,train
42,9611,961,train
42,9612,961,train
42,9613,961,train
42,9614,961,train
42,9615,961,train
42,9616,961,train
42,9617,961,train
42,9618,961,train
42,9619,961,train
42,9620,962,train
42,9621,962,train
42,9622,962,train
42,9623,962,train
42,9624,962,train
42,9625,962,train
42,9626,962,train
42,9627,962,train
42,9628,962,train
42,9629,962,train
42,9630,963,train
42,9631,963,train
42,9632,963,train
42,9633,963,train
42,9634,963,train
42,9635,963,train
42,9636,963,train
42,9637,963,train
42,9638,963,train
42,9639,963,train
42,9650,965,train
42,9651,965,train
42,9652,965,train
42,9653,965,train
42,9654,965,train
42,9655,965,train
42,9656,965,train
42,9657,965,train
42,9658,965,train
42,9659,965,train
42,9690,969,train
42,9691,969,train
42,9692,969,train
42,9693,969,train
42,9694,969,train
42,9695,969,train
42,9696,969,train
42,9697,969,train
42,9698,969,train
42,9699,969,train
42,9700,970,train
42,9701,970,train
42,9702,970,train
42,9703,970,train
42,9704,970,train
42,9705,970,train
42,9706,970,train
42,9707,970,train
42,9708,970,train
42,9709,970,train
42,9720,972,train
42,9721,972,train
42,9722,972,train
42,9723,972,train
42,9724,972,train
42,9725,972,train
42,9726,972,train
42,9727,972,train
42,9728,972,train
42,9729,972,train
42,9730,973,train
42,9731,973,train
42,9732,973,train
42,9733,973,train
42,9734,973,train
42,9735,973,train
42,9736,973,train
42,9737,973,train
42,9738,973,train
42,9739,973,train
42,9740,974,train
42,9741,974,train
42,9742,974,train
42,9743,974,train
42,9744,974,train
42,9745,974,train
42,9746,974,train
42,9747,974,train
42,9748,974,train
42,9749,974,train
42,9750,975,train
42,9751,975,train
42,9752,975,train
42,9753,975,train
42,9754,975,train
42,9755,975,train
42,9756,975,train
42,9757,975,train
42,9758,975,train
42,9759,975,train
42,9760,976,train
42,9761,976,train
42,9762,976,train
42,9763,976,train
42,9764,976,train
42,9765,976,train
42,9766,976,train
42,9767,976,train
42,9768,976,train
42,9769,976,train
42,9770,977,train
42,9771,977,train
42,9772,977,train
42,9773,977,train
42,9774,977,train
42,9775,977,train
42,9776,977,train
42,9777,977,train
42,9778,977,train
42,9779,977,train
42,9790,979,train
42,9791,979,train
42,9792,979,train
42,9793,979,train
42,9794,979,train
42,9795,979,train
42,9796,979,train
42,9797,979,train
42,9798,979,train
42,9799,979,train
42,9800,980,train
42,9801,980,train
42,9802,980,train
42,9803,980,train
42,9804,980,train
42,9805,980,train
42,9806,980,train
42,9807,980,train
42,9808,980,train
42,9809,980,train
42,9810,981,train
42,9811,981,train
42,9812,981,train
42,9813,981,train
42,9814,981,train
42,9815,981,train
42,9816,981,train
42,9817,981,train
42,9818,981,train
42,9819,981,train
42,9820,982,train
42,9821,982,train
42,9822,982,train
42,9823,982,train
42,9824,982,train
42,9825,982,train
42,9826,982,train
42,9827,982,train
42,9828,982,train
42,9829,982,train
42,9840,984,train
42,9841,984,train
42,9842,984,train
42,9843,984,train
42,9844,984,train
42,9845,984,train
42,9846,984,train
42,9847,984,train
42,9848,984,train
42,9849,984,train
42,9850,985,train
42,9851,985,train
42,9852,985,train
42,9853,985,train
42,9854,985,train
42,9855,985,train
42,9856,985,train
42,9857,985,train
42,9858,985,train
42,9859,985,train
42,9890,989,train
42,9891,989,train
42,9892,989,train
42,9893,989,train
42,9894,989,train
42,9895,989,train
42,9896,989,train
42,9897,989,train
42,9898,989,train
42,9899,989,train
42,9900,990,train
42,9901,990,train
42,9902,990,train
42,9903,990,train
42,9904,990,train
42,9905,990,train
42,9906,990,train
42,9907,990,train
42,9908,990,train
42,9909,990,train
42,9950,995,train
42,9951,995,train
42,9952,995,train
42,9953,995,train
42,9954,995,train
42,9955,995,train
42,9956,995,train
42,9957,995,train
42,9958,995,train
42,9959,995,train
42,9960,996,train
42,9961,996,train
42,9962,996,train
42,9963,996,train
42,9964,996,train
42,9965,996,train
42,9966,996,train
42,9967,996,train
42,9968,996,train
42,9969,996,train
42,180,18,calibration
42,181,18,calibration
42,182,18,calibration
42,183,18,calibration
42,184,18,calibration
42,185,18,calibration
42,186,18,calibration
42,187,18,calibration
42,188,18,calibration
42,189,18,calibration
42,190,19,calibration
42,191,19,calibration
42,192,19,calibration
42,193,19,calibration
42,194,19,calibration
42,195,19,calibration
42,196,19,calibration
42,197,19,calibration
42,198,19,calibration
42,199,19,calibration
42,200,20,calibration
42,201,20,calibration
42,202,20,calibration
42,203,20,calibration
42,204,20,calibration
42,205,20,calibration
42,206,20,calibration
42,207,20,calibration
42,208,20,calibration
42,209,20,calibration
42,270,27,calibration
42,271,27,calibration
42,272,27,calibration
42,273,27,calibration
42,274,27,calibration
42,275,27,calibration
42,276,27,calibration
42,277,27,calibration
42,278,27,calibration
42,279,27,calibration
42,280,28,calibration
42,281,28,calibration
42,282,28,calibration
42,283,28,calibration
42,284,28,calibration
42,285,28,calibration
42,286,28,calibration
42,287,28,calibration
42,288,28,calibration
42,289,28,calibration
42,370,37,calibration
42,371,37,calibration
42,372,37,calibration
42,373,37,calibration
42,374,37,calibration
42,375,37,calibration
42,376,37,calibration
42,377,37,calibration
42,378,37,calibration
42,379,37,calibration
42,460,46,calibration
42,461,46,calibration
42,462,46,calibration
42,463,46,calibration
42,464,46,calibration
42,465,46,calibration
42,466,46,calibration
42,467,46,calibration
42,468,46,calibration
42,469,46,calibration
42,520,52,calibration
42,521,52,calibration
42,522,52,calibration
42,523,52,calibration
42,524,52,calibration
42,525,52,calibration
42,526,52,calibration
42,527,52,calibration
42,528,52,calibration
42,529,52,calibration
42,560,56,calibration
42,561,56,calibration
42,562,56,calibration
42,563,56,calibration
42,564,56,calibration
42,565,56,calibration
42,566,56,calibration
42,567,56,calibration
42,568,56,calibration
42,569,56,calibration
42,590,59,calibration
42,591,59,calibration
42,592,59,calibration
42,593,59,calibration
42,594,59,calibration
42,595,59,calibration
42,596,59,calibration
42,597,59,calibration
42,598,59,calibration
42,599,59,calibration
42,680,68,calibration
42,681,68,calibration
42,682,68,calibration
42,683,68,calibration
42,684,68,calibration
42,685,68,calibration
42,686,68,calibration
42,687,68,calibration
42,688,68,calibration
42,689,68,calibration
42,700,70,calibration
42,701,70,calibration
42,702,70,calibration
42,703,70,calibration
42,704,70,calibration
42,705,70,calibration
42,706,70,calibration
42,707,70,calibration
42,708,70,calibration
42,709,70,calibration
42,740,74,calibration
42,741,74,calibration
42,742,74,calibration
42,743,74,calibration
42,744,74,calibration
42,745,74,calibration
42,746,74,calibration
42,747,74,calibration
42,748,74,calibration
42,749,74,calibration
42,790,79,calibration
42,791,79,calibration
42,792,79,calibration
42,793,79,calibration
42,794,79,calibration
42,795,79,calibration
42,796,79,calibration
42,797,79,calibration
42,798,79,calibration
42,799,79,calibration
42,820,82,calibration
42,821,82,calibration
42,822,82,calibration
42,823,82,calibration
42,824,82,calibration
42,825,82,calibration
42,826,82,calibration
42,827,82,calibration
42,828,82,calibration
42,829,82,calibration
42,840,84,calibration
42,841,84,calibration
42,842,84,calibration
42,843,84,calibration
42,844,84,calibration
42,845,84,calibration
42,846,84,calibration
42,847,84,calibration
42,848,84,calibration
42,849,84,calibration
42,1000,100,calibration
42,1001,100,calibration
42,1002,100,calibration
42,1003,100,calibration
42,1004,100,calibration
42,1005,100,calibration
42,1006,100,calibration
42,1007,100,calibration
42,1008,100,calibration
42,1009,100,calibration
42,1050,105,calibration
42,1051,105,calibration
42,1052,105,calibration
42,1053,105,calibration
42,1054,105,calibration
42,1055,105,calibration
42,1056,105,calibration
42,1057,105,calibration
42,1058,105,calibration
42,1059,105,calibration
42,1060,106,calibration
42,1061,106,calibration
42,1062,106,calibration
42,1063,106,calibration
42,1064,106,calibration
42,1065,106,calibration
42,1066,106,calibration
42,1067,106,calibration
42,1068,106,calibration
42,1069,106,calibration
42,1230,123,calibration
42,1231,123,calibration
42,1232,123,calibration
42,1233,123,calibration
42,1234,123,calibration
42,1235,123,calibration
42,1236,123,calibration
42,1237,123,calibration
42,1238,123,calibration
42,1239,123,calibration
42,1240,124,calibration
42,1241,124,calibration
42,1242,124,calibration
42,1243,124,calibration
42,1244,124,calibration
42,1245,124,calibration
42,1246,124,calibration
42,1247,124,calibration
42,1248,124,calibration
42,1249,124,calibration
42,1260,126,calibration
42,1261,126,calibration
42,1262,126,calibration
42,1263,126,calibration
42,1264,126,calibration
42,1265,126,calibration
42,1266,126,calibration
42,1267,126,calibration
42,1268,126,calibration
42,1269,126,calibration
42,1390,139,calibration
42,1391,139,calibration
42,1392,139,calibration
42,1393,139,calibration
42,1394,139,calibration
42,1395,139,calibration
42,1396,139,calibration
42,1397,139,calibration
42,1398,139,calibration
42,1399,139,calibration
42,1400,140,calibration
42,1401,140,calibration
42,1402,140,calibration
42,1403,140,calibration
42,1404,140,calibration
42,1405,140,calibration
42,1406,140,calibration
42,1407,140,calibration
42,1408,140,calibration
42,1409,140,calibration
42,1440,144,calibration
42,1441,144,calibration
42,1442,144,calibration
42,1443,144,calibration
42,1444,144,calibration
42,1445,144,calibration
42,1446,144,calibration
42,1447,144,calibration
42,1448,144,calibration
42,1449,144,calibration
42,1450,145,calibration
42,1451,145,calibration
42,1452,145,calibration
42,1453,145,calibration
42,1454,145,calibration
42,1455,145,calibration
42,1456,145,calibration
42,1457,145,calibration
42,1458,145,calibration
42,1459,145,calibration
42,1480,148,calibration
42,1481,148,calibration
42,1482,148,calibration
42,1483,148,calibration
42,1484,148,calibration
42,1485,148,calibration
42,1486,148,calibration
42,1487,148,calibration
42,1488,148,calibration
42,1489,148,calibration
42,1530,153,calibration
42,1531,153,calibration
42,1532,153,calibration
42,1533,153,calibration
42,1534,153,calibration
42,1535,153,calibration
42,1536,153,calibration
42,1537,153,calibration
42,1538,153,calibration
42,1539,153,calibration
42,1580,158,calibration
42,1581,158,calibration
42,1582,158,calibration
42,1583,158,calibration
42,1584,158,calibration
42,1585,158,calibration
42,1586,158,calibration
42,1587,158,calibration
42,1588,158,calibration
42,1589,158,calibration
42,1660,166,calibration
42,1661,166,calibration
42,1662,166,calibration
42,1663,166,calibration
42,1664,166,calibration
42,1665,166,calibration
42,1666,166,calibration
42,1667,166,calibration
42,1668,166,calibration
42,1669,166,calibration
42,1680,168,calibration
42,1681,168,calibration
42,1682,168,calibration
42,1683,168,calibration
42,1684,168,calibration
42,1685,168,calibration
42,1686,168,calibration
42,1687,168,calibration
42,1688,168,calibration
42,1689,168,calibration
42,1690,169,calibration
42,1691,169,calibration
42,1692,169,calibration
42,1693,169,calibration
42,1694,169,calibration
42,1695,169,calibration
42,1696,169,calibration
42,1697,169,calibration
42,1698,169,calibration
42,1699,169,calibration
42,1700,170,calibration
42,1701,170,calibration
42,1702,170,calibration
42,1703,170,calibration
42,1704,170,calibration
42,1705,170,calibration
42,1706,170,calibration
42,1707,170,calibration
42,1708,170,calibration
42,1709,170,calibration
42,1750,175,calibration
42,1751,175,calibration
42,1752,175,calibration
42,1753,175,calibration
42,1754,175,calibration
42,1755,175,calibration
42,1756,175,calibration
42,1757,175,calibration
42,1758,175,calibration
42,1759,175,calibration
42,1780,178,calibration
42,1781,178,calibration
42,1782,178,calibration
42,1783,178,calibration
42,1784,178,calibration
42,1785,178,calibration
42,1786,178,calibration
42,1787,178,calibration
42,1788,178,calibration
42,1789,178,calibration
42,1820,182,calibration
42,1821,182,calibration
42,1822,182,calibration
42,1823,182,calibration
42,1824,182,calibration
42,1825,182,calibration
42,1826,182,calibration
42,1827,182,calibration
42,1828,182,calibration
42,1829,182,calibration
42,1950,195,calibration
42,1951,195,calibration
42,1952,195,calibration
42,1953,195,calibration
42,1954,195,calibration
42,1955,195,calibration
42,1956,195,calibration
42,1957,195,calibration
42,1958,195,calibration
42,1959,195,calibration
42,1960,196,calibration
42,1961,196,calibration
42,1962,196,calibration
42,1963,196,calibration
42,1964,196,calibration
42,1965,196,calibration
42,1966,196,calibration
42,1967,196,calibration
42,1968,196,calibration
42,1969,196,calibration
42,1990,199,calibration
42,1991,199,calibration
42,1992,199,calibration
42,1993,199,calibration
42,1994,199,calibration
42,1995,199,calibration
42,1996,199,calibration
42,1997,199,calibration
42,1998,199,calibration
42,1999,199,calibration
42,2040,204,calibration
42,2041,204,calibration
42,2042,204,calibration
42,2043,204,calibration
42,2044,204,calibration
42,2045,204,calibration
42,2046,204,calibration
42,2047,204,calibration
42,2048,204,calibration
42,2049,204,calibration
42,2080,208,calibration
42,2081,208,calibration
42,2082,208,calibration
42,2083,208,calibration
42,2084,208,calibration
42,2085,208,calibration
42,2086,208,calibration
42,2087,208,calibration
42,2088,208,calibration
42,2089,208,calibration
42,2090,209,calibration
42,2091,209,calibration
42,2092,209,calibration
42,2093,209,calibration
42,2094,209,calibration
42,2095,209,calibration
42,2096,209,calibration
42,2097,209,calibration
42,2098,209,calibration
42,2099,209,calibration
42,2140,214,calibration
42,2141,214,calibration
42,2142,214,calibration
42,2143,214,calibration
42,2144,214,calibration
42,2145,214,calibration
42,2146,214,calibration
42,2147,214,calibration
42,2148,214,calibration
42,2149,214,calibration
42,2210,221,calibration
42,2211,221,calibration
42,2212,221,calibration
42,2213,221,calibration
42,2214,221,calibration
42,2215,221,calibration
42,2216,221,calibration
42,2217,221,calibration
42,2218,221,calibration
42,2219,221,calibration
42,2290,229,calibration
42,2291,229,calibration
42,2292,229,calibration
42,2293,229,calibration
42,2294,229,calibration
42,2295,229,calibration
42,2296,229,calibration
42,2297,229,calibration
42,2298,229,calibration
42,2299,229,calibration
42,2300,230,calibration
42,2301,230,calibration
42,2302,230,calibration
42,2303,230,calibration
42,2304,230,calibration
42,2305,230,calibration
42,2306,230,calibration
42,2307,230,calibration
42,2308,230,calibration
42,2309,230,calibration
42,2330,233,calibration
42,2331,233,calibration
42,2332,233,calibration
42,2333,233,calibration
42,2334,233,calibration
42,2335,233,calibration
42,2336,233,calibration
42,2337,233,calibration
42,2338,233,calibration
42,2339,233,calibration
42,2350,235,calibration
42,2351,235,calibration
42,2352,235,calibration
42,2353,235,calibration
42,2354,235,calibration
42,2355,235,calibration
42,2356,235,calibration
42,2357,235,calibration
42,2358,235,calibration
42,2359,235,calibration
42,2480,248,calibration
42,2481,248,calibration
42,2482,248,calibration
42,2483,248,calibration
42,2484,248,calibration
42,2485,248,calibration
42,2486,248,calibration
42,2487,248,calibration
42,2488,248,calibration
42,2489,248,calibration
42,2550,255,calibration
42,2551,255,calibration
42,2552,255,calibration
42,2553,255,calibration
42,2554,255,calibration
42,2555,255,calibration
42,2556,255,calibration
42,2557,255,calibration
42,2558,255,calibration
42,2559,255,calibration
42,2580,258,calibration
42,2581,258,calibration
42,2582,258,calibration
42,2583,258,calibration
42,2584,258,calibration
42,2585,258,calibration
42,2586,258,calibration
42,2587,258,calibration
42,2588,258,calibration
42,2589,258,calibration
42,2590,259,calibration
42,2591,259,calibration
42,2592,259,calibration
42,2593,259,calibration
42,2594,259,calibration
42,2595,259,calibration
42,2596,259,calibration
42,2597,259,calibration
42,2598,259,calibration
42,2599,259,calibration
42,2610,261,calibration
42,2611,261,calibration
42,2612,261,calibration
42,2613,261,calibration
42,2614,261,calibration
42,2615,261,calibration
42,2616,261,calibration
42,2617,261,calibration
42,2618,261,calibration
42,2619,261,calibration
42,2700,270,calibration
42,2701,270,calibration
42,2702,270,calibration
42,2703,270,calibration
42,2704,270,calibration
42,2705,270,calibration
42,2706,270,calibration
42,2707,270,calibration
42,2708,270,calibration
42,2709,270,calibration
42,2860,286,calibration
42,2861,286,calibration
42,2862,286,calibration
42,2863,286,calibration
42,2864,286,calibration
42,2865,286,calibration
42,2866,286,calibration
42,2867,286,calibration
42,2868,286,calibration
42,2869,286,calibration
42,2870,287,calibration
42,2871,287,calibration
42,2872,287,calibration
42,2873,287,calibration
42,2874,287,calibration
42,2875,287,calibration
42,2876,287,calibration
42,2877,287,calibration
42,2878,287,calibration
42,2879,287,calibration
42,2890,289,calibration
42,2891,289,calibration
42,2892,289,calibration
42,2893,289,calibration
42,2894,289,calibration
42,2895,289,calibration
42,2896,289,calibration
42,2897,289,calibration
42,2898,289,calibration
42,2899,289,calibration
42,2910,291,calibration
42,2911,291,calibration
42,2912,291,calibration
42,2913,291,calibration
42,2914,291,calibration
42,2915,291,calibration
42,2916,291,calibration
42,2917,291,calibration
42,2918,291,calibration
42,2919,291,calibration
42,3080,308,calibration
42,3081,308,calibration
42,3082,308,calibration
42,3083,308,calibration
42,3084,308,calibration
42,3085,308,calibration
42,3086,308,calibration
42,3087,308,calibration
42,3088,308,calibration
42,3089,308,calibration
42,3120,312,calibration
42,3121,312,calibration
42,3122,312,calibration
42,3123,312,calibration
42,3124,312,calibration
42,3125,312,calibration
42,3126,312,calibration
42,3127,312,calibration
42,3128,312,calibration
42,3129,312,calibration
42,3130,313,calibration
42,3131,313,calibration
42,3132,313,calibration
42,3133,313,calibration
42,3134,313,calibration
42,3135,313,calibration
42,3136,313,calibration
42,3137,313,calibration
42,3138,313,calibration
42,3139,313,calibration
42,3190,319,calibration
42,3191,319,calibration
42,3192,319,calibration
42,3193,319,calibration
42,3194,319,calibration
42,3195,319,calibration
42,3196,319,calibration
42,3197,319,calibration
42,3198,319,calibration
42,3199,319,calibration
42,3210,321,calibration
42,3211,321,calibration
42,3212,321,calibration
42,3213,321,calibration
42,3214,321,calibration
42,3215,321,calibration
42,3216,321,calibration
42,3217,321,calibration
42,3218,321,calibration
42,3219,321,calibration
42,3220,322,calibration
42,3221,322,calibration
42,3222,322,calibration
42,3223,322,calibration
42,3224,322,calibration
42,3225,322,calibration
42,3226,322,calibration
42,3227,322,calibration
42,3228,322,calibration
42,3229,322,calibration
42,3250,325,calibration
42,3251,325,calibration
42,3252,325,calibration
42,3253,325,calibration
42,3254,325,calibration
42,3255,325,calibration
42,3256,325,calibration
42,3257,325,calibration
42,3258,325,calibration
42,3259,325,calibration
42,3270,327,calibration
42,3271,327,calibration
42,3272,327,calibration
42,3273,327,calibration
42,3274,327,calibration
42,3275,327,calibration
42,3276,327,calibration
42,3277,327,calibration
42,3278,327,calibration
42,3279,327,calibration
42,3290,329,calibration
42,3291,329,calibration
42,3292,329,calibration
42,3293,329,calibration
42,3294,329,calibration
42,3295,329,calibration
42,3296,329,calibration
42,3297,329,calibration
42,3298,329,calibration
42,3299,329,calibration
42,3300,330,calibration
42,3301,330,calibration
42,3302,330,calibration
42,3303,330,calibration
42,3304,330,calibration
42,3305,330,calibration
42,3306,330,calibration
42,3307,330,calibration
42,3308,330,calibration
42,3309,330,calibration
42,3320,332,calibration
42,3321,332,calibration
42,3322,332,calibration
42,3323,332,calibration
42,3324,332,calibration
42,3325,332,calibration
42,3326,332,calibration
42,3327,332,calibration
42,3328,332,calibration
42,3329,332,calibration
42,3340,334,calibration
42,3341,334,calibration
42,3342,334,calibration
42,3343,334,calibration
42,3344,334,calibration
42,3345,334,calibration
42,3346,334,calibration
42,3347,334,calibration
42,3348,334,calibration
42,3349,334,calibration
42,3350,335,calibration
42,3351,335,calibration
42,3352,335,calibration
42,3353,335,calibration
42,3354,335,calibration
42,3355,335,calibration
42,3356,335,calibration
42,3357,335,calibration
42,3358,335,calibration
42,3359,335,calibration
42,3380,338,calibration
42,3381,338,calibration
42,3382,338,calibration
42,3383,338,calibration
42,3384,338,calibration
42,3385,338,calibration
42,3386,338,calibration
42,3387,338,calibration
42,3388,338,calibration
42,3389,338,calibration
42,3410,341,calibration
42,3411,341,calibration
42,3412,341,calibration
42,3413,341,calibration
42,3414,341,calibration
42,3415,341,calibration
42,3416,341,calibration
42,3417,341,calibration
42,3418,341,calibration
42,3419,341,calibration
42,3490,349,calibration
42,3491,349,calibration
42,3492,349,calibration
42,3493,349,calibration
42,3494,349,calibration
42,3495,349,calibration
42,3496,349,calibration
42,3497,349,calibration
42,3498,349,calibration
42,3499,349,calibration
42,3560,356,calibration
42,3561,356,calibration
42,3562,356,calibration
42,3563,356,calibration
42,3564,356,calibration
42,3565,356,calibration
42,3566,356,calibration
42,3567,356,calibration
42,3568,356,calibration
42,3569,356,calibration
42,3570,357,calibration
42,3571,357,calibration
42,3572,357,calibration
42,3573,357,calibration
42,3574,357,calibration
42,3575,357,calibration
42,3576,357,calibration
42,3577,357,calibration
42,3578,357,calibration
42,3579,357,calibration
42,3610,361,calibration
42,3611,361,calibration
42,3612,361,calibration
42,3613,361,calibration
42,3614,361,calibration
42,3615,361,calibration
42,3616,361,calibration
42,3617,361,calibration
42,3618,361,calibration
42,3619,361,calibration
42,3630,363,calibration
42,3631,363,calibration
42,3632,363,calibration
42,3633,363,calibration
42,3634,363,calibration
42,3635,363,calibration
42,3636,363,calibration
42,3637,363,calibration
42,3638,363,calibration
42,3639,363,calibration
42,3680,368,calibration
42,3681,368,calibration
42,3682,368,calibration
42,3683,368,calibration
42,3684,368,calibration
42,3685,368,calibration
42,3686,368,calibration
42,3687,368,calibration
42,3688,368,calibration
42,3689,368,calibration
42,3790,379,calibration
42,3791,379,calibration
42,3792,379,calibration
42,3793,379,calibration
42,3794,379,calibration
42,3795,379,calibration
42,3796,379,calibration
42,3797,379,calibration
42,3798,379,calibration
42,3799,379,calibration
42,3870,387,calibration
42,3871,387,calibration
42,3872,387,calibration
42,3873,387,calibration
42,3874,387,calibration
42,3875,387,calibration
42,3876,387,calibration
42,3877,387,calibration
42,3878,387,calibration
42,3879,387,calibration
42,3930,393,calibration
42,3931,393,calibration
42,3932,393,calibration
42,3933,393,calibration
42,3934,393,calibration
42,3935,393,calibration
42,3936,393,calibration
42,3937,393,calibration
42,3938,393,calibration
42,3939,393,calibration
42,3960,396,calibration
42,3961,396,calibration
42,3962,396,calibration
42,3963,396,calibration
42,3964,396,calibration
42,3965,396,calibration
42,3966,396,calibration
42,3967,396,calibration
42,3968,396,calibration
42,3969,396,calibration
42,3970,397,calibration
42,3971,397,calibration
42,3972,397,calibration
42,3973,397,calibration
42,3974,397,calibration
42,3975,397,calibration
42,3976,397,calibration
42,3977,397,calibration
42,3978,397,calibration
42,3979,397,calibration
42,3990,399,calibration
42,3991,399,calibration
42,3992,399,calibration
42,3993,399,calibration
42,3994,399,calibration
42,3995,399,calibration
42,3996,399,calibration
42,3997,399,calibration
42,3998,399,calibration
42,3999,399,calibration
42,4000,400,calibration
42,4001,400,calibration
42,4002,400,calibration
42,4003,400,calibration
42,4004,400,calibration
42,4005,400,calibration
42,4006,400,calibration
42,4007,400,calibration
42,4008,400,calibration
42,4009,400,calibration
42,4020,402,calibration
42,4021,402,calibration
42,4022,402,calibration
42,4023,402,calibration
42,4024,402,calibration
42,4025,402,calibration
42,4026,402,calibration
42,4027,402,calibration
42,4028,402,calibration
42,4029,402,calibration
42,4120,412,calibration
42,4121,412,calibration
42,4122,412,calibration
42,4123,412,calibration
42,4124,412,calibration
42,4125,412,calibration
42,4126,412,calibration
42,4127,412,calibration
42,4128,412,calibration
42,4129,412,calibration
42,4200,420,calibration
42,4201,420,calibration
42,4202,420,calibration
42,4203,420,calibration
42,4204,420,calibration
42,4205,420,calibration
42,4206,420,calibration
42,4207,420,calibration
42,4208,420,calibration
42,4209,420,calibration
42,4270,427,calibration
42,4271,427,calibration
42,4272,427,calibration
42,4273,427,calibration
42,4274,427,calibration
42,4275,427,calibration
42,4276,427,calibration
42,4277,427,calibration
42,4278,427,calibration
42,4279,427,calibration
42,4290,429,calibration
42,4291,429,calibration
42,4292,429,calibration
42,4293,429,calibration
42,4294,429,calibration
42,4295,429,calibration
42,4296,429,calibration
42,4297,429,calibration
42,4298,429,calibration
42,4299,429,calibration
42,4410,441,calibration
42,4411,441,calibration
42,4412,441,calibration
42,4413,441,calibration
42,4414,441,calibration
42,4415,441,calibration
42,4416,441,calibration
42,4417,441,calibration
42,4418,441,calibration
42,4419,441,calibration
42,4420,442,calibration
42,4421,442,calibration
42,4422,442,calibration
42,4423,442,calibration
42,4424,442,calibration
42,4425,442,calibration
42,4426,442,calibration
42,4427,442,calibration
42,4428,442,calibration
42,4429,442,calibration
42,4440,444,calibration
42,4441,444,calibration
42,4442,444,calibration
42,4443,444,calibration
42,4444,444,calibration
42,4445,444,calibration
42,4446,444,calibration
42,4447,444,calibration
42,4448,444,calibration
42,4449,444,calibration
42,4480,448,calibration
42,4481,448,calibration
42,4482,448,calibration
42,4483,448,calibration
42,4484,448,calibration
42,4485,448,calibration
42,4486,448,calibration
42,4487,448,calibration
42,4488,448,calibration
42,4489,448,calibration
42,4490,449,calibration
42,4491,449,calibration
42,4492,449,calibration
42,4493,449,calibration
42,4494,449,calibration
42,4495,449,calibration
42,4496,449,calibration
42,4497,449,calibration
42,4498,449,calibration
42,4499,449,calibration
42,4640,464,calibration
42,4641,464,calibration
42,4642,464,calibration
42,4643,464,calibration
42,4644,464,calibration
42,4645,464,calibration
42,4646,464,calibration
42,4647,464,calibration
42,4648,464,calibration
42,4649,464,calibration
42,4660,466,calibration
42,4661,466,calibration
42,4662,466,calibration
42,4663,466,calibration
42,4664,466,calibration
42,4665,466,calibration
42,4666,466,calibration
42,4667,466,calibration
42,4668,466,calibration
42,4669,466,calibration
42,4670,467,calibration
42,4671,467,calibration
42,4672,467,calibration
42,4673,467,calibration
42,4674,467,calibration
42,4675,467,calibration
42,4676,467,calibration
42,4677,467,calibration
42,4678,467,calibration
42,4679,467,calibration
42,4690,469,calibration
42,4691,469,calibration
42,4692,469,calibration
42,4693,469,calibration
42,4694,469,calibration
42,4695,469,calibration
42,4696,469,calibration
42,4697,469,calibration
42,4698,469,calibration
42,4699,469,calibration
42,4750,475,calibration
42,4751,475,calibration
42,4752,475,calibration
42,4753,475,calibration
42,4754,475,calibration
42,4755,475,calibration
42,4756,475,calibration
42,4757,475,calibration
42,4758,475,calibration
42,4759,475,calibration
42,4870,487,calibration
42,4871,487,calibration
42,4872,487,calibration
42,4873,487,calibration
42,4874,487,calibration
42,4875,487,calibration
42,4876,487,calibration
42,4877,487,calibration
42,4878,487,calibration
42,4879,487,calibration
42,4960,496,calibration
42,4961,496,calibration
42,4962,496,calibration
42,4963,496,calibration
42,4964,496,calibration
42,4965,496,calibration
42,4966,496,calibration
42,4967,496,calibration
42,4968,496,calibration
42,4969,496,calibration
42,4980,498,calibration
42,4981,498,calibration
42,4982,498,calibration
42,4983,498,calibration
42,4984,498,calibration
42,4985,498,calibration
42,4986,498,calibration
42,4987,498,calibration
42,4988,498,calibration
42,4989,498,calibration
42,4990,499,calibration
42,4991,499,calibration
42,4992,499,calibration
42,4993,499,calibration
42,4994,499,calibration
42,4995,499,calibration
42,4996,499,calibration
42,4997,499,calibration
42,4998,499,calibration
42,4999,499,calibration
42,5000,500,calibration
42,5001,500,calibration
42,5002,500,calibration
42,5003,500,calibration
42,5004,500,calibration
42,5005,500,calibration
42,5006,500,calibration
42,5007,500,calibration
42,5008,500,calibration
42,5009,500,calibration
42,5020,502,calibration
42,5021,502,calibration
42,5022,502,calibration
42,5023,502,calibration
42,5024,502,calibration
42,5025,502,calibration
42,5026,502,calibration
42,5027,502,calibration
42,5028,502,calibration
42,5029,502,calibration
42,5060,506,calibration
42,5061,506,calibration
42,5062,506,calibration
42,5063,506,calibration
42,5064,506,calibration
42,5065,506,calibration
42,5066,506,calibration
42,5067,506,calibration
42,5068,506,calibration
42,5069,506,calibration
42,5090,509,calibration
42,5091,509,calibration
42,5092,509,calibration
42,5093,509,calibration
42,5094,509,calibration
42,5095,509,calibration
42,5096,509,calibration
42,5097,509,calibration
42,5098,509,calibration
42,5099,509,calibration
42,5130,513,calibration
42,5131,513,calibration
42,5132,513,calibration
42,5133,513,calibration
42,5134,513,calibration
42,5135,513,calibration
42,5136,513,calibration
42,5137,513,calibration
42,5138,513,calibration
42,5139,513,calibration
42,5190,519,calibration
42,5191,519,calibration
42,5192,519,calibration
42,5193,519,calibration
42,5194,519,calibration
42,5195,519,calibration
42,5196,519,calibration
42,5197,519,calibration
42,5198,519,calibration
42,5199,519,calibration
42,5260,526,calibration
42,5261,526,calibration
42,5262,526,calibration
42,5263,526,calibration
42,5264,526,calibration
42,5265,526,calibration
42,5266,526,calibration
42,5267,526,calibration
42,5268,526,calibration
42,5269,526,calibration
42,5310,531,calibration
42,5311,531,calibration
42,5312,531,calibration
42,5313,531,calibration
42,5314,531,calibration
42,5315,531,calibration
42,5316,531,calibration
42,5317,531,calibration
42,5318,531,calibration
42,5319,531,calibration
42,5370,537,calibration
42,5371,537,calibration
42,5372,537,calibration
42,5373,537,calibration
42,5374,537,calibration
42,5375,537,calibration
42,5376,537,calibration
42,5377,537,calibration
42,5378,537,calibration
42,5379,537,calibration
42,5400,540,calibration
42,5401,540,calibration
42,5402,540,calibration
42,5403,540,calibration
42,5404,540,calibration
42,5405,540,calibration
42,5406,540,calibration
42,5407,540,calibration
42,5408,540,calibration
42,5409,540,calibration
42,5430,543,calibration
42,5431,543,calibration
42,5432,543,calibration
42,5433,543,calibration
42,5434,543,calibration
42,5435,543,calibration
42,5436,543,calibration
42,5437,543,calibration
42,5438,543,calibration
42,5439,543,calibration
42,5450,545,calibration
42,5451,545,calibration
42,5452,545,calibration
42,5453,545,calibration
42,5454,545,calibration
42,5455,545,calibration
42,5456,545,calibration
42,5457,545,calibration
42,5458,545,calibration
42,5459,545,calibration
42,5460,546,calibration
42,5461,546,calibration
42,5462,546,calibration
42,5463,546,calibration
42,5464,546,calibration
42,5465,546,calibration
42,5466,546,calibration
42,5467,546,calibration
42,5468,546,calibration
42,5469,546,calibration
42,5540,554,calibration
42,5541,554,calibration
42,5542,554,calibration
42,5543,554,calibration
42,5544,554,calibration
42,5545,554,calibration
42,5546,554,calibration
42,5547,554,calibration
42,5548,554,calibration
42,5549,554,calibration
42,5550,555,calibration
42,5551,555,calibration
42,5552,555,calibration
42,5553,555,calibration
42,5554,555,calibration
42,5555,555,calibration
42,5556,555,calibration
42,5557,555,calibration
42,5558,555,calibration
42,5559,555,calibration
42,5580,558,calibration
42,5581,558,calibration
42,5582,558,calibration
42,5583,558,calibration
42,5584,558,calibration
42,5585,558,calibration
42,5586,558,calibration
42,5587,558,calibration
42,5588,558,calibration
42,5589,558,calibration
42,5620,562,calibration
42,5621,562,calibration
42,5622,562,calibration
42,5623,562,calibration
42,5624,562,calibration
42,5625,562,calibration
42,5626,562,calibration
42,5627,562,calibration
42,5628,562,calibration
42,5629,562,calibration
42,5680,568,calibration
42,5681,568,calibration
42,5682,568,calibration
42,5683,568,calibration
42,5684,568,calibration
42,5685,568,calibration
42,5686,568,calibration
42,5687,568,calibration
42,5688,568,calibration
42,5689,568,calibration
42,5700,570,calibration
42,5701,570,calibration
42,5702,570,calibration
42,5703,570,calibration
42,5704,570,calibration
42,5705,570,calibration
42,5706,570,calibration
42,5707,570,calibration
42,5708,570,calibration
42,5709,570,calibration
42,5710,571,calibration
42,5711,571,calibration
42,5712,571,calibration
42,5713,571,calibration
42,5714,571,calibration
42,5715,571,calibration
42,5716,571,calibration
42,5717,571,calibration
42,5718,571,calibration
42,5719,571,calibration
42,5730,573,calibration
42,5731,573,calibration
42,5732,573,calibration
42,5733,573,calibration
42,5734,573,calibration
42,5735,573,calibration
42,5736,573,calibration
42,5737,573,calibration
42,5738,573,calibration
42,5739,573,calibration
42,5740,574,calibration
42,5741,574,calibration
42,5742,574,calibration
42,5743,574,calibration
42,5744,574,calibration
42,5745,574,calibration
42,5746,574,calibration
42,5747,574,calibration
42,5748,574,calibration
42,5749,574,calibration
42,5810,581,calibration
42,5811,581,calibration
42,5812,581,calibration
42,5813,581,calibration
42,5814,581,calibration
42,5815,581,calibration
42,5816,581,calibration
42,5817,581,calibration
42,5818,581,calibration
42,5819,581,calibration
42,5910,591,calibration
42,5911,591,calibration
42,5912,591,calibration
42,5913,591,calibration
42,5914,591,calibration
42,5915,591,calibration
42,5916,591,calibration
42,5917,591,calibration
42,5918,591,calibration
42,5919,591,calibration
42,6060,606,calibration
42,6061,606,calibration
42,6062,606,calibration
42,6063,606,calibration
42,6064,606,calibration
42,6065,606,calibration
42,6066,606,calibration
42,6067,606,calibration
42,6068,606,calibration
42,6069,606,calibration
42,6240,624,calibration
42,6241,624,calibration
42,6242,624,calibration
42,6243,624,calibration
42,6244,624,calibration
42,6245,624,calibration
42,6246,624,calibration
42,6247,624,calibration
42,6248,624,calibration
42,6249,624,calibration
42,6270,627,calibration
42,6271,627,calibration
42,6272,627,calibration
42,6273,627,calibration
42,6274,627,calibration
42,6275,627,calibration
42,6276,627,calibration
42,6277,627,calibration
42,6278,627,calibration
42,6279,627,calibration
42,6380,638,calibration
42,6381,638,calibration
42,6382,638,calibration
42,6383,638,calibration
42,6384,638,calibration
42,6385,638,calibration
42,6386,638,calibration
42,6387,638,calibration
42,6388,638,calibration
42,6389,638,calibration
42,6440,644,calibration
42,6441,644,calibration
42,6442,644,calibration
42,6443,644,calibration
42,6444,644,calibration
42,6445,644,calibration
42,6446,644,calibration
42,6447,644,calibration
42,6448,644,calibration
42,6449,644,calibration
42,6450,645,calibration
42,6451,645,calibration
42,6452,645,calibration
42,6453,645,calibration
42,6454,645,calibration
42,6455,645,calibration
42,6456,645,calibration
42,6457,645,calibration
42,6458,645,calibration
42,6459,645,calibration
42,6670,667,calibration
42,6671,667,calibration
42,6672,667,calibration
42,6673,667,calibration
42,6674,667,calibration
42,6675,667,calibration
42,6676,667,calibration
42,6677,667,calibration
42,6678,667,calibration
42,6679,667,calibration
42,6710,671,calibration
42,6711,671,calibration
42,6712,671,calibration
42,6713,671,calibration
42,6714,671,calibration
42,6715,671,calibration
42,6716,671,calibration
42,6717,671,calibration
42,6718,671,calibration
42,6719,671,calibration
42,6740,674,calibration
42,6741,674,calibration
42,6742,674,calibration
42,6743,674,calibration
42,6744,674,calibration
42,6745,674,calibration
42,6746,674,calibration
42,6747,674,calibration
42,6748,674,calibration
42,6749,674,calibration
42,6780,678,calibration
42,6781,678,calibration
42,6782,678,calibration
42,6783,678,calibration
42,6784,678,calibration
42,6785,678,calibration
42,6786,678,calibration
42,6787,678,calibration
42,6788,678,calibration
42,6789,678,calibration
42,6820,682,calibration
42,6821,682,calibration
42,6822,682,calibration
42,6823,682,calibration
42,6824,682,calibration
42,6825,682,calibration
42,6826,682,calibration
42,6827,682,calibration
42,6828,682,calibration
42,6829,682,calibration
42,6880,688,calibration
42,6881,688,calibration
42,6882,688,calibration
42,6883,688,calibration
42,6884,688,calibration
42,6885,688,calibration
42,6886,688,calibration
42,6887,688,calibration
42,6888,688,calibration
42,6889,688,calibration
42,6940,694,calibration
42,6941,694,calibration
42,6942,694,calibration
42,6943,694,calibration
42,6944,694,calibration
42,6945,694,calibration
42,6946,694,calibration
42,6947,694,calibration
42,6948,694,calibration
42,6949,694,calibration
42,7140,714,calibration
42,7141,714,calibration
42,7142,714,calibration
42,7143,714,calibration
42,7144,714,calibration
42,7145,714,calibration
42,7146,714,calibration
42,7147,714,calibration
42,7148,714,calibration
42,7149,714,calibration
42,7170,717,calibration
42,7171,717,calibration
42,7172,717,calibration
42,7173,717,calibration
42,7174,717,calibration
42,7175,717,calibration
42,7176,717,calibration
42,7177,717,calibration
42,7178,717,calibration
42,7179,717,calibration
42,7190,719,calibration
42,7191,719,calibration
42,7192,719,calibration
42,7193,719,calibration
42,7194,719,calibration
42,7195,719,calibration
42,7196,719,calibration
42,7197,719,calibration
42,7198,719,calibration
42,7199,719,calibration
42,7210,721,calibration
42,7211,721,calibration
42,7212,721,calibration
42,7213,721,calibration
42,7214,721,calibration
42,7215,721,calibration
42,7216,721,calibration
42,7217,721,calibration
42,7218,721,calibration
42,7219,721,calibration
42,7250,725,calibration
42,7251,725,calibration
42,7252,725,calibration
42,7253,725,calibration
42,7254,725,calibration
42,7255,725,calibration
42,7256,725,calibration
42,7257,725,calibration
42,7258,725,calibration
42,7259,725,calibration
42,7420,742,calibration
42,7421,742,calibration
42,7422,742,calibration
42,7423,742,calibration
42,7424,742,calibration
42,7425,742,calibration
42,7426,742,calibration
42,7427,742,calibration
42,7428,742,calibration
42,7429,742,calibration
42,7440,744,calibration
42,7441,744,calibration
42,7442,744,calibration
42,7443,744,calibration
42,7444,744,calibration
42,7445,744,calibration
42,7446,744,calibration
42,7447,744,calibration
42,7448,744,calibration
42,7449,744,calibration
42,7450,745,calibration
42,7451,745,calibration
42,7452,745,calibration
42,7453,745,calibration
42,7454,745,calibration
42,7455,745,calibration
42,7456,745,calibration
42,7457,745,calibration
42,7458,745,calibration
42,7459,745,calibration
42,7470,747,calibration
42,7471,747,calibration
42,7472,747,calibration
42,7473,747,calibration
42,7474,747,calibration
42,7475,747,calibration
42,7476,747,calibration
42,7477,747,calibration
42,7478,747,calibration
42,7479,747,calibration
42,7480,748,calibration
42,7481,748,calibration
42,7482,748,calibration
42,7483,748,calibration
42,7484,748,calibration
42,7485,748,calibration
42,7486,748,calibration
42,7487,748,calibration
42,7488,748,calibration
42,7489,748,calibration
42,7520,752,calibration
42,7521,752,calibration
42,7522,752,calibration
42,7523,752,calibration
42,7524,752,calibration
42,7525,752,calibration
42,7526,752,calibration
42,7527,752,calibration
42,7528,752,calibration
42,7529,752,calibration
42,7560,756,calibration
42,7561,756,calibration
42,7562,756,calibration
42,7563,756,calibration
42,7564,756,calibration
42,7565,756,calibration
42,7566,756,calibration
42,7567,756,calibration
42,7568,756,calibration
42,7569,756,calibration
42,7600,760,calibration
42,7601,760,calibration
42,7602,760,calibration
42,7603,760,calibration
42,7604,760,calibration
42,7605,760,calibration
42,7606,760,calibration
42,7607,760,calibration
42,7608,760,calibration
42,7609,760,calibration
42,7610,761,calibration
42,7611,761,calibration
42,7612,761,calibration
42,7613,761,calibration
42,7614,761,calibration
42,7615,761,calibration
42,7616,761,calibration
42,7617,761,calibration
42,7618,761,calibration
42,7619,761,calibration
42,7670,767,calibration
42,7671,767,calibration
42,7672,767,calibration
42,7673,767,calibration
42,7674,767,calibration
42,7675,767,calibration
42,7676,767,calibration
42,7677,767,calibration
42,7678,767,calibration
42,7679,767,calibration
42,7720,772,calibration
42,7721,772,calibration
42,7722,772,calibration
42,7723,772,calibration
42,7724,772,calibration
42,7725,772,calibration
42,7726,772,calibration
42,7727,772,calibration
42,7728,772,calibration
42,7729,772,calibration
42,7730,773,calibration
42,7731,773,calibration
42,7732,773,calibration
42,7733,773,calibration
42,7734,773,calibration
42,7735,773,calibration
42,7736,773,calibration
42,7737,773,calibration
42,7738,773,calibration
42,7739,773,calibration
42,7780,778,calibration
42,7781,778,calibration
42,7782,778,calibration
42,7783,778,calibration
42,7784,778,calibration
42,7785,778,calibration
42,7786,778,calibration
42,7787,778,calibration
42,7788,778,calibration
42,7789,778,calibration
42,7800,780,calibration
42,7801,780,calibration
42,7802,780,calibration
42,7803,780,calibration
42,7804,780,calibration
42,7805,780,calibration
42,7806,780,calibration
42,7807,780,calibration
42,7808,780,calibration
42,7809,780,calibration
42,7880,788,calibration
42,7881,788,calibration
42,7882,788,calibration
42,7883,788,calibration
42,7884,788,calibration
42,7885,788,calibration
42,7886,788,calibration
42,7887,788,calibration
42,7888,788,calibration
42,7889,788,calibration
42,7920,792,calibration
42,7921,792,calibration
42,7922,792,calibration
42,7923,792,calibration
42,7924,792,calibration
42,7925,792,calibration
42,7926,792,calibration
42,7927,792,calibration
42,7928,792,calibration
42,7929,792,calibration
42,7980,798,calibration
42,7981,798,calibration
42,7982,798,calibration
42,7983,798,calibration
42,7984,798,calibration
42,7985,798,calibration
42,7986,798,calibration
42,7987,798,calibration
42,7988,798,calibration
42,7989,798,calibration
42,8040,804,calibration
42,8041,804,calibration
42,8042,804,calibration
42,8043,804,calibration
42,8044,804,calibration
42,8045,804,calibration
42,8046,804,calibration
42,8047,804,calibration
42,8048,804,calibration
42,8049,804,calibration
42,8050,805,calibration
42,8051,805,calibration
42,8052,805,calibration
42,8053,805,calibration
42,8054,805,calibration
42,8055,805,calibration
42,8056,805,calibration
42,8057,805,calibration
42,8058,805,calibration
42,8059,805,calibration
42,8060,806,calibration
42,8061,806,calibration
42,8062,806,calibration
42,8063,806,calibration
42,8064,806,calibration
42,8065,806,calibration
42,8066,806,calibration
42,8067,806,calibration
42,8068,806,calibration
42,8069,806,calibration
42,8070,807,calibration
42,8071,807,calibration
42,8072,807,calibration
42,8073,807,calibration
42,8074,807,calibration
42,8075,807,calibration
42,8076,807,calibration
42,8077,807,calibration
42,8078,807,calibration
42,8079,807,calibration
42,8240,824,calibration
42,8241,824,calibration
42,8242,824,calibration
42,8243,824,calibration
42,8244,824,calibration
42,8245,824,calibration
42,8246,824,calibration
42,8247,824,calibration
42,8248,824,calibration
42,8249,824,calibration
42,8310,831,calibration
42,8311,831,calibration
42,8312,831,calibration
42,8313,831,calibration
42,8314,831,calibration
42,8315,831,calibration
42,8316,831,calibration
42,8317,831,calibration
42,8318,831,calibration
42,8319,831,calibration
42,8340,834,calibration
42,8341,834,calibration
42,8342,834,calibration
42,8343,834,calibration
42,8344,834,calibration
42,8345,834,calibration
42,8346,834,calibration
42,8347,834,calibration
42,8348,834,calibration
42,8349,834,calibration
42,8390,839,calibration
42,8391,839,calibration
42,8392,839,calibration
42,8393,839,calibration
42,8394,839,calibration
42,8395,839,calibration
42,8396,839,calibration
42,8397,839,calibration
42,8398,839,calibration
42,8399,839,calibration
42,8460,846,calibration
42,8461,846,calibration
42,8462,846,calibration
42,8463,846,calibration
42,8464,846,calibration
42,8465,846,calibration
42,8466,846,calibration
42,8467,846,calibration
42,8468,846,calibration
42,8469,846,calibration
42,8560,856,calibration
42,8561,856,calibration
42,8562,856,calibration
42,8563,856,calibration
42,8564,856,calibration
42,8565,856,calibration
42,8566,856,calibration
42,8567,856,calibration
42,8568,856,calibration
42,8569,856,calibration
42,8570,857,calibration
42,8571,857,calibration
42,8572,857,calibration
42,8573,857,calibration
42,8574,857,calibration
42,8575,857,calibration
42,8576,857,calibration
42,8577,857,calibration
42,8578,857,calibration
42,8579,857,calibration
42,8590,859,calibration
42,8591,859,calibration
42,8592,859,calibration
42,8593,859,calibration
42,8594,859,calibration
42,8595,859,calibration
42,8596,859,calibration
42,8597,859,calibration
42,8598,859,calibration
42,8599,859,calibration
42,8620,862,calibration
42,8621,862,calibration
42,8622,862,calibration
42,8623,862,calibration
42,8624,862,calibration
42,8625,862,calibration
42,8626,862,calibration
42,8627,862,calibration
42,8628,862,calibration
42,8629,862,calibration
42,8640,864,calibration
42,8641,864,calibration
42,8642,864,calibration
42,8643,864,calibration
42,8644,864,calibration
42,8645,864,calibration
42,8646,864,calibration
42,8647,864,calibration
42,8648,864,calibration
42,8649,864,calibration
42,8660,866,calibration
42,8661,866,calibration
42,8662,866,calibration
42,8663,866,calibration
42,8664,866,calibration
42,8665,866,calibration
42,8666,866,calibration
42,8667,866,calibration
42,8668,866,calibration
42,8669,866,calibration
42,8740,874,calibration
42,8741,874,calibration
42,8742,874,calibration
42,8743,874,calibration
42,8744,874,calibration
42,8745,874,calibration
42,8746,874,calibration
42,8747,874,calibration
42,8748,874,calibration
42,8749,874,calibration
42,8780,878,calibration
42,8781,878,calibration
42,8782,878,calibration
42,8783,878,calibration
42,8784,878,calibration
42,8785,878,calibration
42,8786,878,calibration
42,8787,878,calibration
42,8788,878,calibration
42,8789,878,calibration
42,8820,882,calibration
42,8821,882,calibration
42,8822,882,calibration
42,8823,882,calibration
42,8824,882,calibration
42,8825,882,calibration
42,8826,882,calibration
42,8827,882,calibration
42,8828,882,calibration
42,8829,882,calibration
42,8930,893,calibration
42,8931,893,calibration
42,8932,893,calibration
42,8933,893,calibration
42,8934,893,calibration
42,8935,893,calibration
42,8936,893,calibration
42,8937,893,calibration
42,8938,893,calibration
42,8939,893,calibration
42,9070,907,calibration
42,9071,907,calibration
42,9072,907,calibration
42,9073,907,calibration
42,9074,907,calibration
42,9075,907,calibration
42,9076,907,calibration
42,9077,907,calibration
42,9078,907,calibration
42,9079,907,calibration
42,9100,910,calibration
42,9101,910,calibration
42,9102,910,calibration
42,9103,910,calibration
42,9104,910,calibration
42,9105,910,calibration
42,9106,910,calibration
42,9107,910,calibration
42,9108,910,calibration
42,9109,910,calibration
42,9130,913,calibration
42,9131,913,calibration
42,9132,913,calibration
42,9133,913,calibration
42,9134,913,calibration
42,9135,913,calibration
42,9136,913,calibration
42,9137,913,calibration
42,9138,913,calibration
42,9139,913,calibration
42,9150,915,calibration
42,9151,915,calibration
42,9152,915,calibration
42,9153,915,calibration
42,9154,915,calibration
42,9155,915,calibration
42,9156,915,calibration
42,9157,915,calibration
42,9158,915,calibration
42,9159,915,calibration
42,9170,917,calibration
42,9171,917,calibration
42,9172,917,calibration
42,9173,917,calibration
42,9174,917,calibration
42,9175,917,calibration
42,9176,917,calibration
42,9177,917,calibration
42,9178,917,calibration
42,9179,917,calibration
42,9230,923,calibration
42,9231,923,calibration
42,9232,923,calibration
42,9233,923,calibration
42,9234,923,calibration
42,9235,923,calibration
42,9236,923,calibration
42,9237,923,calibration
42,9238,923,calibration
42,9239,923,calibration
42,9250,925,calibration
42,9251,925,calibration
42,9252,925,calibration
42,9253,925,calibration
42,9254,925,calibration
42,9255,925,calibration
42,9256,925,calibration
42,9257,925,calibration
42,9258,925,calibration
42,9259,925,calibration
42,9300,930,calibration
42,9301,930,calibration
42,9302,930,calibration
42,9303,930,calibration
42,9304,930,calibration
42,9305,930,calibration
42,9306,930,calibration
42,9307,930,calibration
42,9308,930,calibration
42,9309,930,calibration
42,9560,956,calibration
42,9561,956,calibration
42,9562,956,calibration
42,9563,956,calibration
42,9564,956,calibration
42,9565,956,calibration
42,9566,956,calibration
42,9567,956,calibration
42,9568,956,calibration
42,9569,956,calibration
42,9600,960,calibration
42,9601,960,calibration
42,9602,960,calibration
42,9603,960,calibration
42,9604,960,calibration
42,9605,960,calibration
42,9606,960,calibration
42,9607,960,calibration
42,9608,960,calibration
42,9609,960,calibration
42,9670,967,calibration
42,9671,967,calibration
42,9672,967,calibration
42,9673,967,calibration
42,9674,967,calibration
42,9675,967,calibration
42,9676,967,calibration
42,9677,967,calibration
42,9678,967,calibration
42,9679,967,calibration
42,9710,971,calibration
42,9711,971,calibration
42,9712,971,calibration
42,9713,971,calibration
42,9714,971,calibration
42,9715,971,calibration
42,9716,971,calibration
42,9717,971,calibration
42,9718,971,calibration
42,9719,971,calibration
42,9830,983,calibration
42,9831,983,calibration
42,9832,983,calibration
42,9833,983,calibration
42,9834,983,calibration
42,9835,983,calibration
42,9836,983,calibration
42,9837,983,calibration
42,9838,983,calibration
42,9839,983,calibration
42,9860,986,calibration
42,9861,986,calibration
42,9862,986,calibration
42,9863,986,calibration
42,9864,986,calibration
42,9865,986,calibration
42,9866,986,calibration
42,9867,986,calibration
42,9868,986,calibration
42,9869,986,calibration
42,9880,988,calibration
42,9881,988,calibration
42,9882,988,calibration
42,9883,988,calibration
42,9884,988,calibration
42,9885,988,calibration
42,9886,988,calibration
42,9887,988,calibration
42,9888,988,calibration
42,9889,988,calibration
42,9930,993,calibration
42,9931,993,calibration
42,9932,993,calibration
42,9933,993,calibration
42,9934,993,calibration
42,9935,993,calibration
42,9936,993,calibration
42,9937,993,calibration
42,9938,993,calibration
42,9939,993,calibration
42,9990,999,calibration
42,9991,999,calibration
42,9992,999,calibration
42,9993,999,calibration
42,9994,999,calibration
42,9995,999,calibration
42,9996,999,calibration
42,9997,999,calibration
42,9998,999,calibration
42,9999,999,calibration
42,140,14,test
42,141,14,test
42,142,14,test
42,143,14,test
42,144,14,test
42,145,14,test
42,146,14,test
42,147,14,test
42,148,14,test
42,149,14,test
42,170,17,test
42,171,17,test
42,172,17,test
42,173,17,test
42,174,17,test
42,175,17,test
42,176,17,test
42,177,17,test
42,178,17,test
42,179,17,test
42,250,25,test
42,251,25,test
42,252,25,test
42,253,25,test
42,254,25,test
42,255,25,test
42,256,25,test
42,257,25,test
42,258,25,test
42,259,25,test
42,320,32,test
42,321,32,test
42,322,32,test
42,323,32,test
42,324,32,test
42,325,32,test
42,326,32,test
42,327,32,test
42,328,32,test
42,329,32,test
42,340,34,test
42,341,34,test
42,342,34,test
42,343,34,test
42,344,34,test
42,345,34,test
42,346,34,test
42,347,34,test
42,348,34,test
42,349,34,test
42,350,35,test
42,351,35,test
42,352,35,test
42,353,35,test
42,354,35,test
42,355,35,test
42,356,35,test
42,357,35,test
42,358,35,test
42,359,35,test
42,400,40,test
42,401,40,test
42,402,40,test
42,403,40,test
42,404,40,test
42,405,40,test
42,406,40,test
42,407,40,test
42,408,40,test
42,409,40,test
42,430,43,test
42,431,43,test
42,432,43,test
42,433,43,test
42,434,43,test
42,435,43,test
42,436,43,test
42,437,43,test
42,438,43,test
42,439,43,test
42,550,55,test
42,551,55,test
42,552,55,test
42,553,55,test
42,554,55,test
42,555,55,test
42,556,55,test
42,557,55,test
42,558,55,test
42,559,55,test
42,570,57,test
42,571,57,test
42,572,57,test
42,573,57,test
42,574,57,test
42,575,57,test
42,576,57,test
42,577,57,test
42,578,57,test
42,579,57,test
42,710,71,test
42,711,71,test
42,712,71,test
42,713,71,test
42,714,71,test
42,715,71,test
42,716,71,test
42,717,71,test
42,718,71,test
42,719,71,test
42,800,80,test
42,801,80,test
42,802,80,test
42,803,80,test
42,804,80,test
42,805,80,test
42,806,80,test
42,807,80,test
42,808,80,test
42,809,80,test
42,830,83,test
42,831,83,test
42,832,83,test
42,833,83,test
42,834,83,test
42,835,83,test
42,836,83,test
42,837,83,test
42,838,83,test
42,839,83,test
42,870,87,test
42,871,87,test
42,872,87,test
42,873,87,test
42,874,87,test
42,875,87,test
42,876,87,test
42,877,87,test
42,878,87,test
42,879,87,test
42,900,90,test
42,901,90,test
42,902,90,test
42,903,90,test
42,904,90,test
42,905,90,test
42,906,90,test
42,907,90,test
42,908,90,test
42,909,90,test
42,930,93,test
42,931,93,test
42,932,93,test
42,933,93,test
42,934,93,test
42,935,93,test
42,936,93,test
42,937,93,test
42,938,93,test
42,939,93,test
42,940,94,test
42,941,94,test
42,942,94,test
42,943,94,test
42,944,94,test
42,945,94,test
42,946,94,test
42,947,94,test
42,948,94,test
42,949,94,test
42,960,96,test
42,961,96,test
42,962,96,test
42,963,96,test
42,964,96,test
42,965,96,test
42,966,96,test
42,967,96,test
42,968,96,test
42,969,96,test
42,1010,101,test
42,1011,101,test
42,1012,101,test
42,1013,101,test
42,1014,101,test
42,1015,101,test
42,1016,101,test
42,1017,101,test
42,1018,101,test
42,1019,101,test
42,1120,112,test
42,1121,112,test
42,1122,112,test
42,1123,112,test
42,1124,112,test
42,1125,112,test
42,1126,112,test
42,1127,112,test
42,1128,112,test
42,1129,112,test
42,1130,113,test
42,1131,113,test
42,1132,113,test
42,1133,113,test
42,1134,113,test
42,1135,113,test
42,1136,113,test
42,1137,113,test
42,1138,113,test
42,1139,113,test
42,1170,117,test
42,1171,117,test
42,1172,117,test
42,1173,117,test
42,1174,117,test
42,1175,117,test
42,1176,117,test
42,1177,117,test
42,1178,117,test
42,1179,117,test
42,1210,121,test
42,1211,121,test
42,1212,121,test
42,1213,121,test
42,1214,121,test
42,1215,121,test
42,1216,121,test
42,1217,121,test
42,1218,121,test
42,1219,121,test
42,1410,141,test
42,1411,141,test
42,1412,141,test
42,1413,141,test
42,1414,141,test
42,1415,141,test
42,1416,141,test
42,1417,141,test
42,1418,141,test
42,1419,141,test
42,1500,150,test
42,1501,150,test
42,1502,150,test
42,1503,150,test
42,1504,150,test
42,1505,150,test
42,1506,150,test
42,1507,150,test
42,1508,150,test
42,1509,150,test
42,1510,151,test
42,1511,151,test
42,1512,151,test
42,1513,151,test
42,1514,151,test
42,1515,151,test
42,1516,151,test
42,1517,151,test
42,1518,151,test
42,1519,151,test
42,1550,155,test
42,1551,155,test
42,1552,155,test
42,1553,155,test
42,1554,155,test
42,1555,155,test
42,1556,155,test
42,1557,155,test
42,1558,155,test
42,1559,155,test
42,1590,159,test
42,1591,159,test
42,1592,159,test
42,1593,159,test
42,1594,159,test
42,1595,159,test
42,1596,159,test
42,1597,159,test
42,1598,159,test
42,1599,159,test
42,1610,161,test
42,1611,161,test
42,1612,161,test
42,1613,161,test
42,1614,161,test
42,1615,161,test
42,1616,161,test
42,1617,161,test
42,1618,161,test
42,1619,161,test
42,1790,179,test
42,1791,179,test
42,1792,179,test
42,1793,179,test
42,1794,179,test
42,1795,179,test
42,1796,179,test
42,1797,179,test
42,1798,179,test
42,1799,179,test
42,1840,184,test
42,1841,184,test
42,1842,184,test
42,1843,184,test
42,1844,184,test
42,1845,184,test
42,1846,184,test
42,1847,184,test
42,1848,184,test
42,1849,184,test
42,1880,188,test
42,1881,188,test
42,1882,188,test
42,1883,188,test
42,1884,188,test
42,1885,188,test
42,1886,188,test
42,1887,188,test
42,1888,188,test
42,1889,188,test
42,1910,191,test
42,1911,191,test
42,1912,191,test
42,1913,191,test
42,1914,191,test
42,1915,191,test
42,1916,191,test
42,1917,191,test
42,1918,191,test
42,1919,191,test
42,1920,192,test
42,1921,192,test
42,1922,192,test
42,1923,192,test
42,1924,192,test
42,1925,192,test
42,1926,192,test
42,1927,192,test
42,1928,192,test
42,1929,192,test
42,1940,194,test
42,1941,194,test
42,1942,194,test
42,1943,194,test
42,1944,194,test
42,1945,194,test
42,1946,194,test
42,1947,194,test
42,1948,194,test
42,1949,194,test
42,2050,205,test
42,2051,205,test
42,2052,205,test
42,2053,205,test
42,2054,205,test
42,2055,205,test
42,2056,205,test
42,2057,205,test
42,2058,205,test
42,2059,205,test
42,2110,211,test
42,2111,211,test
42,2112,211,test
42,2113,211,test
42,2114,211,test
42,2115,211,test
42,2116,211,test
42,2117,211,test
42,2118,211,test
42,2119,211,test
42,2180,218,test
42,2181,218,test
42,2182,218,test
42,2183,218,test
42,2184,218,test
42,2185,218,test
42,2186,218,test
42,2187,218,test
42,2188,218,test
42,2189,218,test
42,2200,220,test
42,2201,220,test
42,2202,220,test
42,2203,220,test
42,2204,220,test
42,2205,220,test
42,2206,220,test
42,2207,220,test
42,2208,220,test
42,2209,220,test
42,2360,236,test
42,2361,236,test
42,2362,236,test
42,2363,236,test
42,2364,236,test
42,2365,236,test
42,2366,236,test
42,2367,236,test
42,2368,236,test
42,2369,236,test
42,2390,239,test
42,2391,239,test
42,2392,239,test
42,2393,239,test
42,2394,239,test
42,2395,239,test
42,2396,239,test
42,2397,239,test
42,2398,239,test
42,2399,239,test
42,2440,244,test
42,2441,244,test
42,2442,244,test
42,2443,244,test
42,2444,244,test
42,2445,244,test
42,2446,244,test
42,2447,244,test
42,2448,244,test
42,2449,244,test
42,2450,245,test
42,2451,245,test
42,2452,245,test
42,2453,245,test
42,2454,245,test
42,2455,245,test
42,2456,245,test
42,2457,245,test
42,2458,245,test
42,2459,245,test
42,2470,247,test
42,2471,247,test
42,2472,247,test
42,2473,247,test
42,2474,247,test
42,2475,247,test
42,2476,247,test
42,2477,247,test
42,2478,247,test
42,2479,247,test
42,2490,249,test
42,2491,249,test
42,2492,249,test
42,2493,249,test
42,2494,249,test
42,2495,249,test
42,2496,249,test
42,2497,249,test
42,2498,249,test
42,2499,249,test
42,2530,253,test
42,2531,253,test
42,2532,253,test
42,2533,253,test
42,2534,253,test
42,2535,253,test
42,2536,253,test
42,2537,253,test
42,2538,253,test
42,2539,253,test
42,2540,254,test
42,2541,254,test
42,2542,254,test
42,2543,254,test
42,2544,254,test
42,2545,254,test
42,2546,254,test
42,2547,254,test
42,2548,254,test
42,2549,254,test
42,2600,260,test
42,2601,260,test
42,2602,260,test
42,2603,260,test
42,2604,260,test
42,2605,260,test
42,2606,260,test
42,2607,260,test
42,2608,260,test
42,2609,260,test
42,2630,263,test
42,2631,263,test
42,2632,263,test
42,2633,263,test
42,2634,263,test
42,2635,263,test
42,2636,263,test
42,2637,263,test
42,2638,263,test
42,2639,263,test
42,2650,265,test
42,2651,265,test
42,2652,265,test
42,2653,265,test
42,2654,265,test
42,2655,265,test
42,2656,265,test
42,2657,265,test
42,2658,265,test
42,2659,265,test
42,2730,273,test
42,2731,273,test
42,2732,273,test
42,2733,273,test
42,2734,273,test
42,2735,273,test
42,2736,273,test
42,2737,273,test
42,2738,273,test
42,2739,273,test
42,2740,274,test
42,2741,274,test
42,2742,274,test
42,2743,274,test
42,2744,274,test
42,2745,274,test
42,2746,274,test
42,2747,274,test
42,2748,274,test
42,2749,274,test
42,2770,277,test
42,2771,277,test
42,2772,277,test
42,2773,277,test
42,2774,277,test
42,2775,277,test
42,2776,277,test
42,2777,277,test
42,2778,277,test
42,2779,277,test
42,2780,278,test
42,2781,278,test
42,2782,278,test
42,2783,278,test
42,2784,278,test
42,2785,278,test
42,2786,278,test
42,2787,278,test
42,2788,278,test
42,2789,278,test
42,2830,283,test
42,2831,283,test
42,2832,283,test
42,2833,283,test
42,2834,283,test
42,2835,283,test
42,2836,283,test
42,2837,283,test
42,2838,283,test
42,2839,283,test
42,2940,294,test
42,2941,294,test
42,2942,294,test
42,2943,294,test
42,2944,294,test
42,2945,294,test
42,2946,294,test
42,2947,294,test
42,2948,294,test
42,2949,294,test
42,2950,295,test
42,2951,295,test
42,2952,295,test
42,2953,295,test
42,2954,295,test
42,2955,295,test
42,2956,295,test
42,2957,295,test
42,2958,295,test
42,2959,295,test
42,2990,299,test
42,2991,299,test
42,2992,299,test
42,2993,299,test
42,2994,299,test
42,2995,299,test
42,2996,299,test
42,2997,299,test
42,2998,299,test
42,2999,299,test
42,3110,311,test
42,3111,311,test
42,3112,311,test
42,3113,311,test
42,3114,311,test
42,3115,311,test
42,3116,311,test
42,3117,311,test
42,3118,311,test
42,3119,311,test
42,3160,316,test
42,3161,316,test
42,3162,316,test
42,3163,316,test
42,3164,316,test
42,3165,316,test
42,3166,316,test
42,3167,316,test
42,3168,316,test
42,3169,316,test
42,3200,320,test
42,3201,320,test
42,3202,320,test
42,3203,320,test
42,3204,320,test
42,3205,320,test
42,3206,320,test
42,3207,320,test
42,3208,320,test
42,3209,320,test
42,3240,324,test
42,3241,324,test
42,3242,324,test
42,3243,324,test
42,3244,324,test
42,3245,324,test
42,3246,324,test
42,3247,324,test
42,3248,324,test
42,3249,324,test
42,3260,326,test
42,3261,326,test
42,3262,326,test
42,3263,326,test
42,3264,326,test
42,3265,326,test
42,3266,326,test
42,3267,326,test
42,3268,326,test
42,3269,326,test
42,3330,333,test
42,3331,333,test
42,3332,333,test
42,3333,333,test
42,3334,333,test
42,3335,333,test
42,3336,333,test
42,3337,333,test
42,3338,333,test
42,3339,333,test
42,3420,342,test
42,3421,342,test
42,3422,342,test
42,3423,342,test
42,3424,342,test
42,3425,342,test
42,3426,342,test
42,3427,342,test
42,3428,342,test
42,3429,342,test
42,3450,345,test
42,3451,345,test
42,3452,345,test
42,3453,345,test
42,3454,345,test
42,3455,345,test
42,3456,345,test
42,3457,345,test
42,3458,345,test
42,3459,345,test
42,3460,346,test
42,3461,346,test
42,3462,346,test
42,3463,346,test
42,3464,346,test
42,3465,346,test
42,3466,346,test
42,3467,346,test
42,3468,346,test
42,3469,346,test
42,3470,347,test
42,3471,347,test
42,3472,347,test
42,3473,347,test
42,3474,347,test
42,3475,347,test
42,3476,347,test
42,3477,347,test
42,3478,347,test
42,3479,347,test
42,3480,348,test
42,3481,348,test
42,3482,348,test
42,3483,348,test
42,3484,348,test
42,3485,348,test
42,3486,348,test
42,3487,348,test
42,3488,348,test
42,3489,348,test
42,3520,352,test
42,3521,352,test
42,3522,352,test
42,3523,352,test
42,3524,352,test
42,3525,352,test
42,3526,352,test
42,3527,352,test
42,3528,352,test
42,3529,352,test
42,3530,353,test
42,3531,353,test
42,3532,353,test
42,3533,353,test
42,3534,353,test
42,3535,353,test
42,3536,353,test
42,3537,353,test
42,3538,353,test
42,3539,353,test
42,3550,355,test
42,3551,355,test
42,3552,355,test
42,3553,355,test
42,3554,355,test
42,3555,355,test
42,3556,355,test
42,3557,355,test
42,3558,355,test
42,3559,355,test
42,3600,360,test
42,3601,360,test
42,3602,360,test
42,3603,360,test
42,3604,360,test
42,3605,360,test
42,3606,360,test
42,3607,360,test
42,3608,360,test
42,3609,360,test
42,3640,364,test
42,3641,364,test
42,3642,364,test
42,3643,364,test
42,3644,364,test
42,3645,364,test
42,3646,364,test
42,3647,364,test
42,3648,364,test
42,3649,364,test
42,3720,372,test
42,3721,372,test
42,3722,372,test
42,3723,372,test
42,3724,372,test
42,3725,372,test
42,3726,372,test
42,3727,372,test
42,3728,372,test
42,3729,372,test
42,3860,386,test
42,3861,386,test
42,3862,386,test
42,3863,386,test
42,3864,386,test
42,3865,386,test
42,3866,386,test
42,3867,386,test
42,3868,386,test
42,3869,386,test
42,3890,389,test
42,3891,389,test
42,3892,389,test
42,3893,389,test
42,3894,389,test
42,3895,389,test
42,3896,389,test
42,3897,389,test
42,3898,389,test
42,3899,389,test
42,3920,392,test
42,3921,392,test
42,3922,392,test
42,3923,392,test
42,3924,392,test
42,3925,392,test
42,3926,392,test
42,3927,392,test
42,3928,392,test
42,3929,392,test
42,4050,405,test
42,4051,405,test
42,4052,405,test
42,4053,405,test
42,4054,405,test
42,4055,405,test
42,4056,405,test
42,4057,405,test
42,4058,405,test
42,4059,405,test
42,4130,413,test
42,4131,413,test
42,4132,413,test
42,4133,413,test
42,4134,413,test
42,4135,413,test
42,4136,413,test
42,4137,413,test
42,4138,413,test
42,4139,413,test
42,4170,417,test
42,4171,417,test
42,4172,417,test
42,4173,417,test
42,4174,417,test
42,4175,417,test
42,4176,417,test
42,4177,417,test
42,4178,417,test
42,4179,417,test
42,4190,419,test
42,4191,419,test
42,4192,419,test
42,4193,419,test
42,4194,419,test
42,4195,419,test
42,4196,419,test
42,4197,419,test
42,4198,419,test
42,4199,419,test
42,4230,423,test
42,4231,423,test
42,4232,423,test
42,4233,423,test
42,4234,423,test
42,4235,423,test
42,4236,423,test
42,4237,423,test
42,4238,423,test
42,4239,423,test
42,4300,430,test
42,4301,430,test
42,4302,430,test
42,4303,430,test
42,4304,430,test
42,4305,430,test
42,4306,430,test
42,4307,430,test
42,4308,430,test
42,4309,430,test
42,4370,437,test
42,4371,437,test
42,4372,437,test
42,4373,437,test
42,4374,437,test
42,4375,437,test
42,4376,437,test
42,4377,437,test
42,4378,437,test
42,4379,437,test
42,4430,443,test
42,4431,443,test
42,4432,443,test
42,4433,443,test
42,4434,443,test
42,4435,443,test
42,4436,443,test
42,4437,443,test
42,4438,443,test
42,4439,443,test
42,4470,447,test
42,4471,447,test
42,4472,447,test
42,4473,447,test
42,4474,447,test
42,4475,447,test
42,4476,447,test
42,4477,447,test
42,4478,447,test
42,4479,447,test
42,4530,453,test
42,4531,453,test
42,4532,453,test
42,4533,453,test
42,4534,453,test
42,4535,453,test
42,4536,453,test
42,4537,453,test
42,4538,453,test
42,4539,453,test
42,4550,455,test
42,4551,455,test
42,4552,455,test
42,4553,455,test
42,4554,455,test
42,4555,455,test
42,4556,455,test
42,4557,455,test
42,4558,455,test
42,4559,455,test
42,4580,458,test
42,4581,458,test
42,4582,458,test
42,4583,458,test
42,4584,458,test
42,4585,458,test
42,4586,458,test
42,4587,458,test
42,4588,458,test
42,4589,458,test
42,4600,460,test
42,4601,460,test
42,4602,460,test
42,4603,460,test
42,4604,460,test
42,4605,460,test
42,4606,460,test
42,4607,460,test
42,4608,460,test
42,4609,460,test
42,4630,463,test
42,4631,463,test
42,4632,463,test
42,4633,463,test
42,4634,463,test
42,4635,463,test
42,4636,463,test
42,4637,463,test
42,4638,463,test
42,4639,463,test
42,4720,472,test
42,4721,472,test
42,4722,472,test
42,4723,472,test
42,4724,472,test
42,4725,472,test
42,4726,472,test
42,4727,472,test
42,4728,472,test
42,4729,472,test
42,4760,476,test
42,4761,476,test
42,4762,476,test
42,4763,476,test
42,4764,476,test
42,4765,476,test
42,4766,476,test
42,4767,476,test
42,4768,476,test
42,4769,476,test
42,4780,478,test
42,4781,478,test
42,4782,478,test
42,4783,478,test
42,4784,478,test
42,4785,478,test
42,4786,478,test
42,4787,478,test
42,4788,478,test
42,4789,478,test
42,4810,481,test
42,4811,481,test
42,4812,481,test
42,4813,481,test
42,4814,481,test
42,4815,481,test
42,4816,481,test
42,4817,481,test
42,4818,481,test
42,4819,481,test
42,4890,489,test
42,4891,489,test
42,4892,489,test
42,4893,489,test
42,4894,489,test
42,4895,489,test
42,4896,489,test
42,4897,489,test
42,4898,489,test
42,4899,489,test
42,4920,492,test
42,4921,492,test
42,4922,492,test
42,4923,492,test
42,4924,492,test
42,4925,492,test
42,4926,492,test
42,4927,492,test
42,4928,492,test
42,4929,492,test
42,4940,494,test
42,4941,494,test
42,4942,494,test
42,4943,494,test
42,4944,494,test
42,4945,494,test
42,4946,494,test
42,4947,494,test
42,4948,494,test
42,4949,494,test
42,5240,524,test
42,5241,524,test
42,5242,524,test
42,5243,524,test
42,5244,524,test
42,5245,524,test
42,5246,524,test
42,5247,524,test
42,5248,524,test
42,5249,524,test
42,5250,525,test
42,5251,525,test
42,5252,525,test
42,5253,525,test
42,5254,525,test
42,5255,525,test
42,5256,525,test
42,5257,525,test
42,5258,525,test
42,5259,525,test
42,5270,527,test
42,5271,527,test
42,5272,527,test
42,5273,527,test
42,5274,527,test
42,5275,527,test
42,5276,527,test
42,5277,527,test
42,5278,527,test
42,5279,527,test
42,5290,529,test
42,5291,529,test
42,5292,529,test
42,5293,529,test
42,5294,529,test
42,5295,529,test
42,5296,529,test
42,5297,529,test
42,5298,529,test
42,5299,529,test
42,5300,530,test
42,5301,530,test
42,5302,530,test
42,5303,530,test
42,5304,530,test
42,5305,530,test
42,5306,530,test
42,5307,530,test
42,5308,530,test
42,5309,530,test
42,5340,534,test
42,5341,534,test
42,5342,534,test
42,5343,534,test
42,5344,534,test
42,5345,534,test
42,5346,534,test
42,5347,534,test
42,5348,534,test
42,5349,534,test
42,5440,544,test
42,5441,544,test
42,5442,544,test
42,5443,544,test
42,5444,544,test
42,5445,544,test
42,5446,544,test
42,5447,544,test
42,5448,544,test
42,5449,544,test
42,5520,552,test
42,5521,552,test
42,5522,552,test
42,5523,552,test
42,5524,552,test
42,5525,552,test
42,5526,552,test
42,5527,552,test
42,5528,552,test
42,5529,552,test
42,5560,556,test
42,5561,556,test
42,5562,556,test
42,5563,556,test
42,5564,556,test
42,5565,556,test
42,5566,556,test
42,5567,556,test
42,5568,556,test
42,5569,556,test
42,5590,559,test
42,5591,559,test
42,5592,559,test
42,5593,559,test
42,5594,559,test
42,5595,559,test
42,5596,559,test
42,5597,559,test
42,5598,559,test
42,5599,559,test
42,5640,564,test
42,5641,564,test
42,5642,564,test
42,5643,564,test
42,5644,564,test
42,5645,564,test
42,5646,564,test
42,5647,564,test
42,5648,564,test
42,5649,564,test
42,5670,567,test
42,5671,567,test
42,5672,567,test
42,5673,567,test
42,5674,567,test
42,5675,567,test
42,5676,567,test
42,5677,567,test
42,5678,567,test
42,5679,567,test
42,5770,577,test
42,5771,577,test
42,5772,577,test
42,5773,577,test
42,5774,577,test
42,5775,577,test
42,5776,577,test
42,5777,577,test
42,5778,577,test
42,5779,577,test
42,5840,584,test
42,5841,584,test
42,5842,584,test
42,5843,584,test
42,5844,584,test
42,5845,584,test
42,5846,584,test
42,5847,584,test
42,5848,584,test
42,5849,584,test
42,5850,585,test
42,5851,585,test
42,5852,585,test
42,5853,585,test
42,5854,585,test
42,5855,585,test
42,5856,585,test
42,5857,585,test
42,5858,585,test
42,5859,585,test
42,5900,590,test
42,5901,590,test
42,5902,590,test
42,5903,590,test
42,5904,590,test
42,5905,590,test
42,5906,590,test
42,5907,590,test
42,5908,590,test
42,5909,590,test
42,5920,592,test
42,5921,592,test
42,5922,592,test
42,5923,592,test
42,5924,592,test
42,5925,592,test
42,5926,592,test
42,5927,592,test
42,5928,592,test
42,5929,592,test
42,5950,595,test
42,5951,595,test
42,5952,595,test
42,5953,595,test
42,5954,595,test
42,5955,595,test
42,5956,595,test
42,5957,595,test
42,5958,595,test
42,5959,595,test
42,5970,597,test
42,5971,597,test
42,5972,597,test
42,5973,597,test
42,5974,597,test
42,5975,597,test
42,5976,597,test
42,5977,597,test
42,5978,597,test
42,5979,597,test
42,6020,602,test
42,6021,602,test
42,6022,602,test
42,6023,602,test
42,6024,602,test
42,6025,602,test
42,6026,602,test
42,6027,602,test
42,6028,602,test
42,6029,602,test
42,6030,603,test
42,6031,603,test
42,6032,603,test
42,6033,603,test
42,6034,603,test
42,6035,603,test
42,6036,603,test
42,6037,603,test
42,6038,603,test
42,6039,603,test
42,6040,604,test
42,6041,604,test
42,6042,604,test
42,6043,604,test
42,6044,604,test
42,6045,604,test
42,6046,604,test
42,6047,604,test
42,6048,604,test
42,6049,604,test
42,6090,609,test
42,6091,609,test
42,6092,609,test
42,6093,609,test
42,6094,609,test
42,6095,609,test
42,6096,609,test
42,6097,609,test
42,6098,609,test
42,6099,609,test
42,6180,618,test
42,6181,618,test
42,6182,618,test
42,6183,618,test
42,6184,618,test
42,6185,618,test
42,6186,618,test
42,6187,618,test
42,6188,618,test
42,6189,618,test
42,6210,621,test
42,6211,621,test
42,6212,621,test
42,6213,621,test
42,6214,621,test
42,6215,621,test
42,6216,621,test
42,6217,621,test
42,6218,621,test
42,6219,621,test
42,6220,622,test
42,6221,622,test
42,6222,622,test
42,6223,622,test
42,6224,622,test
42,6225,622,test
42,6226,622,test
42,6227,622,test
42,6228,622,test
42,6229,622,test
42,6260,626,test
42,6261,626,test
42,6262,626,test
42,6263,626,test
42,6264,626,test
42,6265,626,test
42,6266,626,test
42,6267,626,test
42,6268,626,test
42,6269,626,test
42,6330,633,test
42,6331,633,test
42,6332,633,test
42,6333,633,test
42,6334,633,test
42,6335,633,test
42,6336,633,test
42,6337,633,test
42,6338,633,test
42,6339,633,test
42,6340,634,test
42,6341,634,test
42,6342,634,test
42,6343,634,test
42,6344,634,test
42,6345,634,test
42,6346,634,test
42,6347,634,test
42,6348,634,test
42,6349,634,test
42,6370,637,test
42,6371,637,test
42,6372,637,test
42,6373,637,test
42,6374,637,test
42,6375,637,test
42,6376,637,test
42,6377,637,test
42,6378,637,test
42,6379,637,test
42,6480,648,test
42,6481,648,test
42,6482,648,test
42,6483,648,test
42,6484,648,test
42,6485,648,test
42,6486,648,test
42,6487,648,test
42,6488,648,test
42,6489,648,test
42,6690,669,test
42,6691,669,test
42,6692,669,test
42,6693,669,test
42,6694,669,test
42,6695,669,test
42,6696,669,test
42,6697,669,test
42,6698,669,test
42,6699,669,test
42,6840,684,test
42,6841,684,test
42,6842,684,test
42,6843,684,test
42,6844,684,test
42,6845,684,test
42,6846,684,test
42,6847,684,test
42,6848,684,test
42,6849,684,test
42,6850,685,test
42,6851,685,test
42,6852,685,test
42,6853,685,test
42,6854,685,test
42,6855,685,test
42,6856,685,test
42,6857,685,test
42,6858,685,test
42,6859,685,test
42,6870,687,test
42,6871,687,test
42,6872,687,test
42,6873,687,test
42,6874,687,test
42,6875,687,test
42,6876,687,test
42,6877,687,test
42,6878,687,test
42,6879,687,test
42,6970,697,test
42,6971,697,test
42,6972,697,test
42,6973,697,test
42,6974,697,test
42,6975,697,test
42,6976,697,test
42,6977,697,test
42,6978,697,test
42,6979,697,test
42,7010,701,test
42,7011,701,test
42,7012,701,test
42,7013,701,test
42,7014,701,test
42,7015,701,test
42,7016,701,test
42,7017,701,test
42,7018,701,test
42,7019,701,test
42,7100,710,test
42,7101,710,test
42,7102,710,test
42,7103,710,test
42,7104,710,test
42,7105,710,test
42,7106,710,test
42,7107,710,test
42,7108,710,test
42,7109,710,test
42,7160,716,test
42,7161,716,test
42,7162,716,test
42,7163,716,test
42,7164,716,test
42,7165,716,test
42,7166,716,test
42,7167,716,test
42,7168,716,test
42,7169,716,test
42,7240,724,test
42,7241,724,test
42,7242,724,test
42,7243,724,test
42,7244,724,test
42,7245,724,test
42,7246,724,test
42,7247,724,test
42,7248,724,test
42,7249,724,test
42,7270,727,test
42,7271,727,test
42,7272,727,test
42,7273,727,test
42,7274,727,test
42,7275,727,test
42,7276,727,test
42,7277,727,test
42,7278,727,test
42,7279,727,test
42,7300,730,test
42,7301,730,test
42,7302,730,test
42,7303,730,test
42,7304,730,test
42,7305,730,test
42,7306,730,test
42,7307,730,test
42,7308,730,test
42,7309,730,test
42,7350,735,test
42,7351,735,test
42,7352,735,test
42,7353,735,test
42,7354,735,test
42,7355,735,test
42,7356,735,test
42,7357,735,test
42,7358,735,test
42,7359,735,test
42,7490,749,test
42,7491,749,test
42,7492,749,test
42,7493,749,test
42,7494,749,test
42,7495,749,test
42,7496,749,test
42,7497,749,test
42,7498,749,test
42,7499,749,test
42,7500,750,test
42,7501,750,test
42,7502,750,test
42,7503,750,test
42,7504,750,test
42,7505,750,test
42,7506,750,test
42,7507,750,test
42,7508,750,test
42,7509,750,test
42,7510,751,test
42,7511,751,test
42,7512,751,test
42,7513,751,test
42,7514,751,test
42,7515,751,test
42,7516,751,test
42,7517,751,test
42,7518,751,test
42,7519,751,test
42,7540,754,test
42,7541,754,test
42,7542,754,test
42,7543,754,test
42,7544,754,test
42,7545,754,test
42,7546,754,test
42,7547,754,test
42,7548,754,test
42,7549,754,test
42,7650,765,test
42,7651,765,test
42,7652,765,test
42,7653,765,test
42,7654,765,test
42,7655,765,test
42,7656,765,test
42,7657,765,test
42,7658,765,test
42,7659,765,test
42,7690,769,test
42,7691,769,test
42,7692,769,test
42,7693,769,test
42,7694,769,test
42,7695,769,test
42,7696,769,test
42,7697,769,test
42,7698,769,test
42,7699,769,test
42,7810,781,test
42,7811,781,test
42,7812,781,test
42,7813,781,test
42,7814,781,test
42,7815,781,test
42,7816,781,test
42,7817,781,test
42,7818,781,test
42,7819,781,test
42,7820,782,test
42,7821,782,test
42,7822,782,test
42,7823,782,test
42,7824,782,test
42,7825,782,test
42,7826,782,test
42,7827,782,test
42,7828,782,test
42,7829,782,test
42,7850,785,test
42,7851,785,test
42,7852,785,test
42,7853,785,test
42,7854,785,test
42,7855,785,test
42,7856,785,test
42,7857,785,test
42,7858,785,test
42,7859,785,test
42,7870,787,test
42,7871,787,test
42,7872,787,test
42,7873,787,test
42,7874,787,test
42,7875,787,test
42,7876,787,test
42,7877,787,test
42,7878,787,test
42,7879,787,test
42,7930,793,test
42,7931,793,test
42,7932,793,test
42,7933,793,test
42,7934,793,test
42,7935,793,test
42,7936,793,test
42,7937,793,test
42,7938,793,test
42,7939,793,test
42,7940,794,test
42,7941,794,test
42,7942,794,test
42,7943,794,test
42,7944,794,test
42,7945,794,test
42,7946,794,test
42,7947,794,test
42,7948,794,test
42,7949,794,test
42,7960,796,test
42,7961,796,test
42,7962,796,test
42,7963,796,test
42,7964,796,test
42,7965,796,test
42,7966,796,test
42,7967,796,test
42,7968,796,test
42,7969,796,test
42,8000,800,test
42,8001,800,test
42,8002,800,test
42,8003,800,test
42,8004,800,test
42,8005,800,test
42,8006,800,test
42,8007,800,test
42,8008,800,test
42,8009,800,test
42,8030,803,test
42,8031,803,test
42,8032,803,test
42,8033,803,test
42,8034,803,test
42,8035,803,test
42,8036,803,test
42,8037,803,test
42,8038,803,test
42,8039,803,test
42,8080,808,test
42,8081,808,test
42,8082,808,test
42,8083,808,test
42,8084,808,test
42,8085,808,test
42,8086,808,test
42,8087,808,test
42,8088,808,test
42,8089,808,test
42,8110,811,test
42,8111,811,test
42,8112,811,test
42,8113,811,test
42,8114,811,test
42,8115,811,test
42,8116,811,test
42,8117,811,test
42,8118,811,test
42,8119,811,test
42,8140,814,test
42,8141,814,test
42,8142,814,test
42,8143,814,test
42,8144,814,test
42,8145,814,test
42,8146,814,test
42,8147,814,test
42,8148,814,test
42,8149,814,test
42,8160,816,test
42,8161,816,test
42,8162,816,test
42,8163,816,test
42,8164,816,test
42,8165,816,test
42,8166,816,test
42,8167,816,test
42,8168,816,test
42,8169,816,test
42,8190,819,test
42,8191,819,test
42,8192,819,test
42,8193,819,test
42,8194,819,test
42,8195,819,test
42,8196,819,test
42,8197,819,test
42,8198,819,test
42,8199,819,test
42,8210,821,test
42,8211,821,test
42,8212,821,test
42,8213,821,test
42,8214,821,test
42,8215,821,test
42,8216,821,test
42,8217,821,test
42,8218,821,test
42,8219,821,test
42,8270,827,test
42,8271,827,test
42,8272,827,test
42,8273,827,test
42,8274,827,test
42,8275,827,test
42,8276,827,test
42,8277,827,test
42,8278,827,test
42,8279,827,test
42,8280,828,test
42,8281,828,test
42,8282,828,test
42,8283,828,test
42,8284,828,test
42,8285,828,test
42,8286,828,test
42,8287,828,test
42,8288,828,test
42,8289,828,test
42,8440,844,test
42,8441,844,test
42,8442,844,test
42,8443,844,test
42,8444,844,test
42,8445,844,test
42,8446,844,test
42,8447,844,test
42,8448,844,test
42,8449,844,test
42,8470,847,test
42,8471,847,test
42,8472,847,test
42,8473,847,test
42,8474,847,test
42,8475,847,test
42,8476,847,test
42,8477,847,test
42,8478,847,test
42,8479,847,test
42,8520,852,test
42,8521,852,test
42,8522,852,test
42,8523,852,test
42,8524,852,test
42,8525,852,test
42,8526,852,test
42,8527,852,test
42,8528,852,test
42,8529,852,test
42,8550,855,test
42,8551,855,test
42,8552,855,test
42,8553,855,test
42,8554,855,test
42,8555,855,test
42,8556,855,test
42,8557,855,test
42,8558,855,test
42,8559,855,test
42,8600,860,test
42,8601,860,test
42,8602,860,test
42,8603,860,test
42,8604,860,test
42,8605,860,test
42,8606,860,test
42,8607,860,test
42,8608,860,test
42,8609,860,test
42,8670,867,test
42,8671,867,test
42,8672,867,test
42,8673,867,test
42,8674,867,test
42,8675,867,test
42,8676,867,test
42,8677,867,test
42,8678,867,test
42,8679,867,test
42,8710,871,test
42,8711,871,test
42,8712,871,test
42,8713,871,test
42,8714,871,test
42,8715,871,test
42,8716,871,test
42,8717,871,test
42,8718,871,test
42,8719,871,test
42,8720,872,test
42,8721,872,test
42,8722,872,test
42,8723,872,test
42,8724,872,test
42,8725,872,test
42,8726,872,test
42,8727,872,test
42,8728,872,test
42,8729,872,test
42,8760,876,test
42,8761,876,test
42,8762,876,test
42,8763,876,test
42,8764,876,test
42,8765,876,test
42,8766,876,test
42,8767,876,test
42,8768,876,test
42,8769,876,test
42,8810,881,test
42,8811,881,test
42,8812,881,test
42,8813,881,test
42,8814,881,test
42,8815,881,test
42,8816,881,test
42,8817,881,test
42,8818,881,test
42,8819,881,test
42,8880,888,test
42,8881,888,test
42,8882,888,test
42,8883,888,test
42,8884,888,test
42,8885,888,test
42,8886,888,test
42,8887,888,test
42,8888,888,test
42,8889,888,test
42,8900,890,test
42,8901,890,test
42,8902,890,test
42,8903,890,test
42,8904,890,test
42,8905,890,test
42,8906,890,test
42,8907,890,test
42,8908,890,test
42,8909,890,test
42,8910,891,test
42,8911,891,test
42,8912,891,test
42,8913,891,test
42,8914,891,test
42,8915,891,test
42,8916,891,test
42,8917,891,test
42,8918,891,test
42,8919,891,test
42,8950,895,test
42,8951,895,test
42,8952,895,test
42,8953,895,test
42,8954,895,test
42,8955,895,test
42,8956,895,test
42,8957,895,test
42,8958,895,test
42,8959,895,test
42,8960,896,test
42,8961,896,test
42,8962,896,test
42,8963,896,test
42,8964,896,test
42,8965,896,test
42,8966,896,test
42,8967,896,test
42,8968,896,test
42,8969,896,test
42,9020,902,test
42,9021,902,test
42,9022,902,test
42,9023,902,test
42,9024,902,test
42,9025,902,test
42,9026,902,test
42,9027,902,test
42,9028,902,test
42,9029,902,test
42,9110,911,test
42,9111,911,test
42,9112,911,test
42,9113,911,test
42,9114,911,test
42,9115,911,test
42,9116,911,test
42,9117,911,test
42,9118,911,test
42,9119,911,test
42,9140,914,test
42,9141,914,test
42,9142,914,test
42,9143,914,test
42,9144,914,test
42,9145,914,test
42,9146,914,test
42,9147,914,test
42,9148,914,test
42,9149,914,test
42,9180,918,test
42,9181,918,test
42,9182,918,test
42,9183,918,test
42,9184,918,test
42,9185,918,test
42,9186,918,test
42,9187,918,test
42,9188,918,test
42,9189,918,test
42,9210,921,test
42,9211,921,test
42,9212,921,test
42,9213,921,test
42,9214,921,test
42,9215,921,test
42,9216,921,test
42,9217,921,test
42,9218,921,test
42,9219,921,test
42,9240,924,test
42,9241,924,test
42,9242,924,test
42,9243,924,test
42,9244,924,test
42,9245,924,test
42,9246,924,test
42,9247,924,test
42,9248,924,test
42,9249,924,test
42,9390,939,test
42,9391,939,test
42,9392,939,test
42,9393,939,test
42,9394,939,test
42,9395,939,test
42,9396,939,test
42,9397,939,test
42,9398,939,test
42,9399,939,test
42,9440,944,test
42,9441,944,test
42,9442,944,test
42,9443,944,test
42,9444,944,test
42,9445,944,test
42,9446,944,test
42,9447,944,test
42,9448,944,test
42,9449,944,test
42,9540,954,test
42,9541,954,test
42,9542,954,test
42,9543,954,test
42,9544,954,test
42,9545,954,test
42,9546,954,test
42,9547,954,test
42,9548,954,test
42,9549,954,test
42,9590,959,test
42,9591,959,test
42,9592,959,test
42,9593,959,test
42,9594,959,test
42,9595,959,test
42,9596,959,test
42,9597,959,test
42,9598,959,test
42,9599,959,test
42,9640,964,test
42,9641,964,test
42,9642,964,test
42,9643,964,test
42,9644,964,test
42,9645,964,test
42,9646,964,test
42,9647,964,test
42,9648,964,test
42,9649,964,test
42,9660,966,test
42,9661,966,test
42,9662,966,test
42,9663,966,test
42,9664,966,test
42,9665,966,test
42,9666,966,test
42,9667,966,test
42,9668,966,test
42,9669,966,test
42,9680,968,test
42,9681,968,test
42,9682,968,test
42,9683,968,test
42,9684,968,test
42,9685,968,test
42,9686,968,test
42,9687,968,test
42,9688,968,test
42,9689,968,test
42,9780,978,test
42,9781,978,test
42,9782,978,test
42,9783,978,test
42,9784,978,test
42,9785,978,test
42,9786,978,test
42,9787,978,test
42,9788,978,test
42,9789,978,test
42,9870,987,test
42,9871,987,test
42,9872,987,test
42,9873,987,test
42,9874,987,test
42,9875,987,test
42,9876,987,test
42,9877,987,test
42,9878,987,test
42,9879,987,test
42,9910,991,test
42,9911,991,test
42,9912,991,test
42,9913,991,test
42,9914,991,test
42,9915,991,test
42,9916,991,test
42,9917,991,test
42,9918,991,test
42,9919,991,test
42,9920,992,test
42,9921,992,test
42,9922,992,test
42,9923,992,test
42,9924,992,test
42,9925,992,test
42,9926,992,test
42,9927,992,test
42,9928,992,test
42,9929,992,test
42,9940,994,test
42,9941,994,test
42,9942,994,test
42,9943,994,test
42,9944,994,test
42,9945,994,test
42,9946,994,test
42,9947,994,test
42,9948,994,test
42,9949,994,test
42,9970,997,test
42,9971,997,test
42,9972,997,test
42,9973,997,test
42,9974,997,test
42,9975,997,test
42,9976,997,test
42,9977,997,test
42,9978,997,test
42,9979,997,test
42,9980,998,test
42,9981,998,test
42,9982,998,test
42,9983,998,test
42,9984,998,test
42,9985,998,test
42,9986,998,test
42,9987,998,test
42,9988,998,test
42,9989,998,test
43,20,2,train
43,21,2,train
43,22,2,train
43,23,2,train
43,24,2,train
43,25,2,train
43,26,2,train
43,27,2,train
43,28,2,train
43,29,2,train
43,30,3,train
43,31,3,train
43,32,3,train
43,33,3,train
43,34,3,train
43,35,3,train
43,36,3,train
43,37,3,train
43,38,3,train
43,39,3,train
43,50,5,train
43,51,5,train
43,52,5,train
43,53,5,train
43,54,5,train
43,55,5,train
43,56,5,train
43,57,5,train
43,58,5,train
43,59,5,train
43,70,7,train
43,71,7,train
43,72,7,train
43,73,7,train
43,74,7,train
43,75,7,train
43,76,7,train
43,77,7,train
43,78,7,train
43,79,7,train
43,90,9,train
43,91,9,train
43,92,9,train
43,93,9,train
43,94,9,train
43,95,9,train
43,96,9,train
43,97,9,train
43,98,9,train
43,99,9,train
43,100,10,train
43,101,10,train
43,102,10,train
43,103,10,train
43,104,10,train
43,105,10,train
43,106,10,train
43,107,10,train
43,108,10,train
43,109,10,train
43,130,13,train
43,131,13,train
43,132,13,train
43,133,13,train
43,134,13,train
43,135,13,train
43,136,13,train
43,137,13,train
43,138,13,train
43,139,13,train
43,140,14,train
43,141,14,train
43,142,14,train
43,143,14,train
43,144,14,train
43,145,14,train
43,146,14,train
43,147,14,train
43,148,14,train
43,149,14,train
43,150,15,train
43,151,15,train
43,152,15,train
43,153,15,train
43,154,15,train
43,155,15,train
43,156,15,train
43,157,15,train
43,158,15,train
43,159,15,train
43,160,16,train
43,161,16,train
43,162,16,train
43,163,16,train
43,164,16,train
43,165,16,train
43,166,16,train
43,167,16,train
43,168,16,train
43,169,16,train
43,180,18,train
43,181,18,train
43,182,18,train
43,183,18,train
43,184,18,train
43,185,18,train
43,186,18,train
43,187,18,train
43,188,18,train
43,189,18,train
43,200,20,train
43,201,20,train
43,202,20,train
43,203,20,train
43,204,20,train
43,205,20,train
43,206,20,train
43,207,20,train
43,208,20,train
43,209,20,train
43,210,21,train
43,211,21,train
43,212,21,train
43,213,21,train
43,214,21,train
43,215,21,train
43,216,21,train
43,217,21,train
43,218,21,train
43,219,21,train
43,220,22,train
43,221,22,train
43,222,22,train
43,223,22,train
43,224,22,train
43,225,22,train
43,226,22,train
43,227,22,train
43,228,22,train
43,229,22,train
43,260,26,train
43,261,26,train
43,262,26,train
43,263,26,train
43,264,26,train
43,265,26,train
43,266,26,train
43,267,26,train
43,268,26,train
43,269,26,train
43,270,27,train
43,271,27,train
43,272,27,train
43,273,27,train
43,274,27,train
43,275,27,train
43,276,27,train
43,277,27,train
43,278,27,train
43,279,27,train
43,280,28,train
43,281,28,train
43,282,28,train
43,283,28,train
43,284,28,train
43,285,28,train
43,286,28,train
43,287,28,train
43,288,28,train
43,289,28,train
43,330,33,train
43,331,33,train
43,332,33,train
43,333,33,train
43,334,33,train
43,335,33,train
43,336,33,train
43,337,33,train
43,338,33,train
43,339,33,train
43,340,34,train
43,341,34,train
43,342,34,train
43,343,34,train
43,344,34,train
43,345,34,train
43,346,34,train
43,347,34,train
43,348,34,train
43,349,34,train
43,360,36,train
43,361,36,train
43,362,36,train
43,363,36,train
43,364,36,train
43,365,36,train
43,366,36,train
43,367,36,train
43,368,36,train
43,369,36,train
43,370,37,train
43,371,37,train
43,372,37,train
43,373,37,train
43,374,37,train
43,375,37,train
43,376,37,train
43,377,37,train
43,378,37,train
43,379,37,train
43,400,40,train
43,401,40,train
43,402,40,train
43,403,40,train
43,404,40,train
43,405,40,train
43,406,40,train
43,407,40,train
43,408,40,train
43,409,40,train
43,410,41,train
43,411,41,train
43,412,41,train
43,413,41,train
43,414,41,train
43,415,41,train
43,416,41,train
43,417,41,train
43,418,41,train
43,419,41,train
43,450,45,train
43,451,45,train
43,452,45,train
43,453,45,train
43,454,45,train
43,455,45,train
43,456,45,train
43,457,45,train
43,458,45,train
43,459,45,train
43,460,46,train
43,461,46,train
43,462,46,train
43,463,46,train
43,464,46,train
43,465,46,train
43,466,46,train
43,467,46,train
43,468,46,train
43,469,46,train
43,480,48,train
43,481,48,train
43,482,48,train
43,483,48,train
43,484,48,train
43,485,48,train
43,486,48,train
43,487,48,train
43,488,48,train
43,489,48,train
43,500,50,train
43,501,50,train
43,502,50,train
43,503,50,train
43,504,50,train
43,505,50,train
43,506,50,train
43,507,50,train
43,508,50,train
43,509,50,train
43,510,51,train
43,511,51,train
43,512,51,train
43,513,51,train
43,514,51,train
43,515,51,train
43,516,51,train
43,517,51,train
43,518,51,train
43,519,51,train
43,520,52,train
43,521,52,train
43,522,52,train
43,523,52,train
43,524,52,train
43,525,52,train
43,526,52,train
43,527,52,train
43,528,52,train
43,529,52,train
43,530,53,train
43,531,53,train
43,532,53,train
43,533,53,train
43,534,53,train
43,535,53,train
43,536,53,train
43,537,53,train
43,538,53,train
43,539,53,train
43,560,56,train
43,561,56,train
43,562,56,train
43,563,56,train
43,564,56,train
43,565,56,train
43,566,56,train
43,567,56,train
43,568,56,train
43,569,56,train
43,580,58,train
43,581,58,train
43,582,58,train
43,583,58,train
43,584,58,train
43,585,58,train
43,586,58,train
43,587,58,train
43,588,58,train
43,589,58,train
43,600,60,train
43,601,60,train
43,602,60,train
43,603,60,train
43,604,60,train
43,605,60,train
43,606,60,train
43,607,60,train
43,608,60,train
43,609,60,train
43,620,62,train
43,621,62,train
43,622,62,train
43,623,62,train
43,624,62,train
43,625,62,train
43,626,62,train
43,627,62,train
43,628,62,train
43,629,62,train
43,640,64,train
43,641,64,train
43,642,64,train
43,643,64,train
43,644,64,train
43,645,64,train
43,646,64,train
43,647,64,train
43,648,64,train
43,649,64,train
43,660,66,train
43,661,66,train
43,662,66,train
43,663,66,train
43,664,66,train
43,665,66,train
43,666,66,train
43,667,66,train
43,668,66,train
43,669,66,train
43,670,67,train
43,671,67,train
43,672,67,train
43,673,67,train
43,674,67,train
43,675,67,train
43,676,67,train
43,677,67,train
43,678,67,train
43,679,67,train
43,690,69,train
43,691,69,train
43,692,69,train
43,693,69,train
43,694,69,train
43,695,69,train
43,696,69,train
43,697,69,train
43,698,69,train
43,699,69,train
43,730,73,train
43,731,73,train
43,732,73,train
43,733,73,train
43,734,73,train
43,735,73,train
43,736,73,train
43,737,73,train
43,738,73,train
43,739,73,train
43,750,75,train
43,751,75,train
43,752,75,train
43,753,75,train
43,754,75,train
43,755,75,train
43,756,75,train
43,757,75,train
43,758,75,train
43,759,75,train
43,770,77,train
43,771,77,train
43,772,77,train
43,773,77,train
43,774,77,train
43,775,77,train
43,776,77,train
43,777,77,train
43,778,77,train
43,779,77,train
43,790,79,train
43,791,79,train
43,792,79,train
43,793,79,train
43,794,79,train
43,795,79,train
43,796,79,train
43,797,79,train
43,798,79,train
43,799,79,train
43,810,81,train
43,811,81,train
43,812,81,train
43,813,81,train
43,814,81,train
43,815,81,train
43,816,81,train
43,817,81,train
43,818,81,train
43,819,81,train
43,820,82,train
43,821,82,train
43,822,82,train
43,823,82,train
43,824,82,train
43,825,82,train
43,826,82,train
43,827,82,train
43,828,82,train
43,829,82,train
43,860,86,train
43,861,86,train
43,862,86,train
43,863,86,train
43,864,86,train
43,865,86,train
43,866,86,train
43,867,86,train
43,868,86,train
43,869,86,train
43,870,87,train
43,871,87,train
43,872,87,train
43,873,87,train
43,874,87,train
43,875,87,train
43,876,87,train
43,877,87,train
43,878,87,train
43,879,87,train
43,880,88,train
43,881,88,train
43,882,88,train
43,883,88,train
43,884,88,train
43,885,88,train
43,886,88,train
43,887,88,train
43,888,88,train
43,889,88,train
43,960,96,train
43,961,96,train
43,962,96,train
43,963,96,train
43,964,96,train
43,965,96,train
43,966,96,train
43,967,96,train
43,968,96,train
43,969,96,train
43,980,98,train
43,981,98,train
43,982,98,train
43,983,98,train
43,984,98,train
43,985,98,train
43,986,98,train
43,987,98,train
43,988,98,train
43,989,98,train
43,990,99,train
43,991,99,train
43,992,99,train
43,993,99,train
43,994,99,train
43,995,99,train
43,996,99,train
43,997,99,train
43,998,99,train
43,999,99,train
43,1000,100,train
43,1001,100,train
43,1002,100,train
43,1003,100,train
43,1004,100,train
43,1005,100,train
43,1006,100,train
43,1007,100,train
43,1008,100,train
43,1009,100,train
43,1040,104,train
43,1041,104,train
43,1042,104,train
43,1043,104,train
43,1044,104,train
43,1045,104,train
43,1046,104,train
43,1047,104,train
43,1048,104,train
43,1049,104,train
43,1050,105,train
43,1051,105,train
43,1052,105,train
43,1053,105,train
43,1054,105,train
43,1055,105,train
43,1056,105,train
43,1057,105,train
43,1058,105,train
43,1059,105,train
43,1070,107,train
43,1071,107,train
43,1072,107,train
43,1073,107,train
43,1074,107,train
43,1075,107,train
43,1076,107,train
43,1077,107,train
43,1078,107,train
43,1079,107,train
43,1080,108,train
43,1081,108,train
43,1082,108,train
43,1083,108,train
43,1084,108,train
43,1085,108,train
43,1086,108,train
43,1087,108,train
43,1088,108,train
43,1089,108,train
43,1100,110,train
43,1101,110,train
43,1102,110,train
43,1103,110,train
43,1104,110,train
43,1105,110,train
43,1106,110,train
43,1107,110,train
43,1108,110,train
43,1109,110,train
43,1110,111,train
43,1111,111,train
43,1112,111,train
43,1113,111,train
43,1114,111,train
43,1115,111,train
43,1116,111,train
43,1117,111,train
43,1118,111,train
43,1119,111,train
43,1120,112,train
43,1121,112,train
43,1122,112,train
43,1123,112,train
43,1124,112,train
43,1125,112,train
43,1126,112,train
43,1127,112,train
43,1128,112,train
43,1129,112,train
43,1130,113,train
43,1131,113,train
43,1132,113,train
43,1133,113,train
43,1134,113,train
43,1135,113,train
43,1136,113,train
43,1137,113,train
43,1138,113,train
43,1139,113,train
43,1140,114,train
43,1141,114,train
43,1142,114,train
43,1143,114,train
43,1144,114,train
43,1145,114,train
43,1146,114,train
43,1147,114,train
43,1148,114,train
43,1149,114,train
43,1150,115,train
43,1151,115,train
43,1152,115,train
43,1153,115,train
43,1154,115,train
43,1155,115,train
43,1156,115,train
43,1157,115,train
43,1158,115,train
43,1159,115,train
43,1170,117,train
43,1171,117,train
43,1172,117,train
43,1173,117,train
43,1174,117,train
43,1175,117,train
43,1176,117,train
43,1177,117,train
43,1178,117,train
43,1179,117,train
43,1180,118,train
43,1181,118,train
43,1182,118,train
43,1183,118,train
43,1184,118,train
43,1185,118,train
43,1186,118,train
43,1187,118,train
43,1188,118,train
43,1189,118,train
43,1190,119,train
43,1191,119,train
43,1192,119,train
43,1193,119,train
43,1194,119,train
43,1195,119,train
43,1196,119,train
43,1197,119,train
43,1198,119,train
43,1199,119,train
43,1200,120,train
43,1201,120,train
43,1202,120,train
43,1203,120,train
43,1204,120,train
43,1205,120,train
43,1206,120,train
43,1207,120,train
43,1208,120,train
43,1209,120,train
43,1210,121,train
43,1211,121,train
43,1212,121,train
43,1213,121,train
43,1214,121,train
43,1215,121,train
43,1216,121,train
43,1217,121,train
43,1218,121,train
43,1219,121,train
43,1230,123,train
43,1231,123,train
43,1232,123,train
43,1233,123,train
43,1234,123,train
43,1235,123,train
43,1236,123,train
43,1237,123,train
43,1238,123,train
43,1239,123,train
43,1240,124,train
43,1241,124,train
43,1242,124,train
43,1243,124,train
43,1244,124,train
43,1245,124,train
43,1246,124,train
43,1247,124,train
43,1248,124,train
43,1249,124,train
43,1250,125,train
43,1251,125,train
43,1252,125,train
43,1253,125,train
43,1254,125,train
43,1255,125,train
43,1256,125,train
43,1257,125,train
43,1258,125,train
43,1259,125,train
43,1270,127,train
43,1271,127,train
43,1272,127,train
43,1273,127,train
43,1274,127,train
43,1275,127,train
43,1276,127,train
43,1277,127,train
43,1278,127,train
43,1279,127,train
43,1280,128,train
43,1281,128,train
43,1282,128,train
43,1283,128,train
43,1284,128,train
43,1285,128,train
43,1286,128,train
43,1287,128,train
43,1288,128,train
43,1289,128,train
43,1290,129,train
43,1291,129,train
43,1292,129,train
43,1293,129,train
43,1294,129,train
43,1295,129,train
43,1296,129,train
43,1297,129,train
43,1298,129,train
43,1299,129,train
43,1300,130,train
43,1301,130,train
43,1302,130,train
43,1303,130,train
43,1304,130,train
43,1305,130,train
43,1306,130,train
43,1307,130,train
43,1308,130,train
43,1309,130,train
43,1310,131,train
43,1311,131,train
43,1312,131,train
43,1313,131,train
43,1314,131,train
43,1315,131,train
43,1316,131,train
43,1317,131,train
43,1318,131,train
43,1319,131,train
43,1340,134,train
43,1341,134,train
43,1342,134,train
43,1343,134,train
43,1344,134,train
43,1345,134,train
43,1346,134,train
43,1347,134,train
43,1348,134,train
43,1349,134,train
43,1360,136,train
43,1361,136,train
43,1362,136,train
43,1363,136,train
43,1364,136,train
43,1365,136,train
43,1366,136,train
43,1367,136,train
43,1368,136,train
43,1369,136,train
43,1370,137,train
43,1371,137,train
43,1372,137,train
43,1373,137,train
43,1374,137,train
43,1375,137,train
43,1376,137,train
43,1377,137,train
43,1378,137,train
43,1379,137,train
43,1380,138,train
43,1381,138,train
43,1382,138,train
43,1383,138,train
43,1384,138,train
43,1385,138,train
43,1386,138,train
43,1387,138,train
43,1388,138,train
43,1389,138,train
43,1390,139,train
43,1391,139,train
43,1392,139,train
43,1393,139,train
43,1394,139,train
43,1395,139,train
43,1396,139,train
43,1397,139,train
43,1398,139,train
43,1399,139,train
43,1410,141,train
43,1411,141,train
43,1412,141,train
43,1413,141,train
43,1414,141,train
43,1415,141,train
43,1416,141,train
43,1417,141,train
43,1418,141,train
43,1419,141,train
43,1460,146,train
43,1461,146,train
43,1462,146,train
43,1463,146,train
43,1464,146,train
43,1465,146,train
43,1466,146,train
43,1467,146,train
43,1468,146,train
43,1469,146,train
43,1480,148,train
43,1481,148,train
43,1482,148,train
43,1483,148,train
43,1484,148,train
43,1485,148,train
43,1486,148,train
43,1487,148,train
43,1488,148,train
43,1489,148,train
43,1530,153,train
43,1531,153,train
43,1532,153,train
43,1533,153,train
43,1534,153,train
43,1535,153,train
43,1536,153,train
43,1537,153,train
43,1538,153,train
43,1539,153,train
43,1550,155,train
43,1551,155,train
43,1552,155,train
43,1553,155,train
43,1554,155,train
43,1555,155,train
43,1556,155,train
43,1557,155,train
43,1558,155,train
43,1559,155,train
43,1560,156,train
43,1561,156,train
43,1562,156,train
43,1563,156,train
43,1564,156,train
43,1565,156,train
43,1566,156,train
43,1567,156,train
43,1568,156,train
43,1569,156,train
43,1580,158,train
43,1581,158,train
43,1582,158,train
43,1583,158,train
43,1584,158,train
43,1585,158,train
43,1586,158,train
43,1587,158,train
43,1588,158,train
43,1589,158,train
43,1620,162,train
43,1621,162,train
43,1622,162,train
43,1623,162,train
43,1624,162,train
43,1625,162,train
43,1626,162,train
43,1627,162,train
43,1628,162,train
43,1629,162,train
43,1640,164,train
43,1641,164,train
43,1642,164,train
43,1643,164,train
43,1644,164,train
43,1645,164,train
43,1646,164,train
43,1647,164,train
43,1648,164,train
43,1649,164,train
43,1680,168,train
43,1681,168,train
43,1682,168,train
43,1683,168,train
43,1684,168,train
43,1685,168,train
43,1686,168,train
43,1687,168,train
43,1688,168,train
43,1689,168,train
43,1690,169,train
43,1691,169,train
43,1692,169,train
43,1693,169,train
43,1694,169,train
43,1695,169,train
43,1696,169,train
43,1697,169,train
43,1698,169,train
43,1699,169,train
43,1700,170,train
43,1701,170,train
43,1702,170,train
43,1703,170,train
43,1704,170,train
43,1705,170,train
43,1706,170,train
43,1707,170,train
43,1708,170,train
43,1709,170,train
43,1710,171,train
43,1711,171,train
43,1712,171,train
43,1713,171,train
43,1714,171,train
43,1715,171,train
43,1716,171,train
43,1717,171,train
43,1718,171,train
43,1719,171,train
43,1740,174,train
43,1741,174,train
43,1742,174,train
43,1743,174,train
43,1744,174,train
43,1745,174,train
43,1746,174,train
43,1747,174,train
43,1748,174,train
43,1749,174,train
43,1750,175,train
43,1751,175,train
43,1752,175,train
43,1753,175,train
43,1754,175,train
43,1755,175,train
43,1756,175,train
43,1757,175,train
43,1758,175,train
43,1759,175,train
43,1760,176,train
43,1761,176,train
43,1762,176,train
43,1763,176,train
43,1764,176,train
43,1765,176,train
43,1766,176,train
43,1767,176,train
43,1768,176,train
43,1769,176,train
43,1770,177,train
43,1771,177,train
43,1772,177,train
43,1773,177,train
43,1774,177,train
43,1775,177,train
43,1776,177,train
43,1777,177,train
43,1778,177,train
43,1779,177,train
43,1780,178,train
43,1781,178,train
43,1782,178,train
43,1783,178,train
43,1784,178,train
43,1785,178,train
43,1786,178,train
43,1787,178,train
43,1788,178,train
43,1789,178,train
43,1790,179,train
43,1791,179,train
43,1792,179,train
43,1793,179,train
43,1794,179,train
43,1795,179,train
43,1796,179,train
43,1797,179,train
43,1798,179,train
43,1799,179,train
43,1830,183,train
43,1831,183,train
43,1832,183,train
43,1833,183,train
43,1834,183,train
43,1835,183,train
43,1836,183,train
43,1837,183,train
43,1838,183,train
43,1839,183,train
43,1870,187,train
43,1871,187,train
43,1872,187,train
43,1873,187,train
43,1874,187,train
43,1875,187,train
43,1876,187,train
43,1877,187,train
43,1878,187,train
43,1879,187,train
43,1880,188,train
43,1881,188,train
43,1882,188,train
43,1883,188,train
43,1884,188,train
43,1885,188,train
43,1886,188,train
43,1887,188,train
43,1888,188,train
43,1889,188,train
43,1890,189,train
43,1891,189,train
43,1892,189,train
43,1893,189,train
43,1894,189,train
43,1895,189,train
43,1896,189,train
43,1897,189,train
43,1898,189,train
43,1899,189,train
43,1900,190,train
43,1901,190,train
43,1902,190,train
43,1903,190,train
43,1904,190,train
43,1905,190,train
43,1906,190,train
43,1907,190,train
43,1908,190,train
43,1909,190,train
43,1930,193,train
43,1931,193,train
43,1932,193,train
43,1933,193,train
43,1934,193,train
43,1935,193,train
43,1936,193,train
43,1937,193,train
43,1938,193,train
43,1939,193,train
43,1940,194,train
43,1941,194,train
43,1942,194,train
43,1943,194,train
43,1944,194,train
43,1945,194,train
43,1946,194,train
43,1947,194,train
43,1948,194,train
43,1949,194,train
43,1950,195,train
43,1951,195,train
43,1952,195,train
43,1953,195,train
43,1954,195,train
43,1955,195,train
43,1956,195,train
43,1957,195,train
43,1958,195,train
43,1959,195,train
43,1970,197,train
43,1971,197,train
43,1972,197,train
43,1973,197,train
43,1974,197,train
43,1975,197,train
43,1976,197,train
43,1977,197,train
43,1978,197,train
43,1979,197,train
43,1980,198,train
43,1981,198,train
43,1982,198,train
43,1983,198,train
43,1984,198,train
43,1985,198,train
43,1986,198,train
43,1987,198,train
43,1988,198,train
43,1989,198,train
43,1990,199,train
43,1991,199,train
43,1992,199,train
43,1993,199,train
43,1994,199,train
43,1995,199,train
43,1996,199,train
43,1997,199,train
43,1998,199,train
43,1999,199,train
43,2000,200,train
43,2001,200,train
43,2002,200,train
43,2003,200,train
43,2004,200,train
43,2005,200,train
43,2006,200,train
43,2007,200,train
43,2008,200,train
43,2009,200,train
43,2010,201,train
43,2011,201,train
43,2012,201,train
43,2013,201,train
43,2014,201,train
43,2015,201,train
43,2016,201,train
43,2017,201,train
43,2018,201,train
43,2019,201,train
43,2020,202,train
43,2021,202,train
43,2022,202,train
43,2023,202,train
43,2024,202,train
43,2025,202,train
43,2026,202,train
43,2027,202,train
43,2028,202,train
43,2029,202,train
43,2030,203,train
43,2031,203,train
43,2032,203,train
43,2033,203,train
43,2034,203,train
43,2035,203,train
43,2036,203,train
43,2037,203,train
43,2038,203,train
43,2039,203,train
43,2040,204,train
43,2041,204,train
43,2042,204,train
43,2043,204,train
43,2044,204,train
43,2045,204,train
43,2046,204,train
43,2047,204,train
43,2048,204,train
43,2049,204,train
43,2050,205,train
43,2051,205,train
43,2052,205,train
43,2053,205,train
43,2054,205,train
43,2055,205,train
43,2056,205,train
43,2057,205,train
43,2058,205,train
43,2059,205,train
43,2060,206,train
43,2061,206,train
43,2062,206,train
43,2063,206,train
43,2064,206,train
43,2065,206,train
43,2066,206,train
43,2067,206,train
43,2068,206,train
43,2069,206,train
43,2070,207,train
43,2071,207,train
43,2072,207,train
43,2073,207,train
43,2074,207,train
43,2075,207,train
43,2076,207,train
43,2077,207,train
43,2078,207,train
43,2079,207,train
43,2090,209,train
43,2091,209,train
43,2092,209,train
43,2093,209,train
43,2094,209,train
43,2095,209,train
43,2096,209,train
43,2097,209,train
43,2098,209,train
43,2099,209,train
43,2100,210,train
43,2101,210,train
43,2102,210,train
43,2103,210,train
43,2104,210,train
43,2105,210,train
43,2106,210,train
43,2107,210,train
43,2108,210,train
43,2109,210,train
43,2110,211,train
43,2111,211,train
43,2112,211,train
43,2113,211,train
43,2114,211,train
43,2115,211,train
43,2116,211,train
43,2117,211,train
43,2118,211,train
43,2119,211,train
43,2130,213,train
43,2131,213,train
43,2132,213,train
43,2133,213,train
43,2134,213,train
43,2135,213,train
43,2136,213,train
43,2137,213,train
43,2138,213,train
43,2139,213,train
43,2140,214,train
43,2141,214,train
43,2142,214,train
43,2143,214,train
43,2144,214,train
43,2145,214,train
43,2146,214,train
43,2147,214,train
43,2148,214,train
43,2149,214,train
43,2150,215,train
43,2151,215,train
43,2152,215,train
43,2153,215,train
43,2154,215,train
43,2155,215,train
43,2156,215,train
43,2157,215,train
43,2158,215,train
43,2159,215,train
43,2160,216,train
43,2161,216,train
43,2162,216,train
43,2163,216,train
43,2164,216,train
43,2165,216,train
43,2166,216,train
43,2167,216,train
43,2168,216,train
43,2169,216,train
43,2170,217,train
43,2171,217,train
43,2172,217,train
43,2173,217,train
43,2174,217,train
43,2175,217,train
43,2176,217,train
43,2177,217,train
43,2178,217,train
43,2179,217,train
43,2180,218,train
43,2181,218,train
43,2182,218,train
43,2183,218,train
43,2184,218,train
43,2185,218,train
43,2186,218,train
43,2187,218,train
43,2188,218,train
43,2189,218,train
43,2200,220,train
43,2201,220,train
43,2202,220,train
43,2203,220,train
43,2204,220,train
43,2205,220,train
43,2206,220,train
43,2207,220,train
43,2208,220,train
43,2209,220,train
43,2210,221,train
43,2211,221,train
43,2212,221,train
43,2213,221,train
43,2214,221,train
43,2215,221,train
43,2216,221,train
43,2217,221,train
43,2218,221,train
43,2219,221,train
43,2220,222,train
43,2221,222,train
43,2222,222,train
43,2223,222,train
43,2224,222,train
43,2225,222,train
43,2226,222,train
43,2227,222,train
43,2228,222,train
43,2229,222,train
43,2240,224,train
43,2241,224,train
43,2242,224,train
43,2243,224,train
43,2244,224,train
43,2245,224,train
43,2246,224,train
43,2247,224,train
43,2248,224,train
43,2249,224,train
43,2260,226,train
43,2261,226,train
43,2262,226,train
43,2263,226,train
43,2264,226,train
43,2265,226,train
43,2266,226,train
43,2267,226,train
43,2268,226,train
43,2269,226,train
43,2270,227,train
43,2271,227,train
43,2272,227,train
43,2273,227,train
43,2274,227,train
43,2275,227,train
43,2276,227,train
43,2277,227,train
43,2278,227,train
43,2279,227,train
43,2290,229,train
43,2291,229,train
43,2292,229,train
43,2293,229,train
43,2294,229,train
43,2295,229,train
43,2296,229,train
43,2297,229,train
43,2298,229,train
43,2299,229,train
43,2310,231,train
43,2311,231,train
43,2312,231,train
43,2313,231,train
43,2314,231,train
43,2315,231,train
43,2316,231,train
43,2317,231,train
43,2318,231,train
43,2319,231,train
43,2330,233,train
43,2331,233,train
43,2332,233,train
43,2333,233,train
43,2334,233,train
43,2335,233,train
43,2336,233,train
43,2337,233,train
43,2338,233,train
43,2339,233,train
43,2340,234,train
43,2341,234,train
43,2342,234,train
43,2343,234,train
43,2344,234,train
43,2345,234,train
43,2346,234,train
43,2347,234,train
43,2348,234,train
43,2349,234,train
43,2350,235,train
43,2351,235,train
43,2352,235,train
43,2353,235,train
43,2354,235,train
43,2355,235,train
43,2356,235,train
43,2357,235,train
43,2358,235,train
43,2359,235,train
43,2380,238,train
43,2381,238,train
43,2382,238,train
43,2383,238,train
43,2384,238,train
43,2385,238,train
43,2386,238,train
43,2387,238,train
43,2388,238,train
43,2389,238,train
43,2390,239,train
43,2391,239,train
43,2392,239,train
43,2393,239,train
43,2394,239,train
43,2395,239,train
43,2396,239,train
43,2397,239,train
43,2398,239,train
43,2399,239,train
43,2400,240,train
43,2401,240,train
43,2402,240,train
43,2403,240,train
43,2404,240,train
43,2405,240,train
43,2406,240,train
43,2407,240,train
43,2408,240,train
43,2409,240,train
43,2420,242,train
43,2421,242,train
43,2422,242,train
43,2423,242,train
43,2424,242,train
43,2425,242,train
43,2426,242,train
43,2427,242,train
43,2428,242,train
43,2429,242,train
43,2430,243,train
43,2431,243,train
43,2432,243,train
43,2433,243,train
43,2434,243,train
43,2435,243,train
43,2436,243,train
43,2437,243,train
43,2438,243,train
43,2439,243,train
43,2450,245,train
43,2451,245,train
43,2452,245,train
43,2453,245,train
43,2454,245,train
43,2455,245,train
43,2456,245,train
43,2457,245,train
43,2458,245,train
43,2459,245,train
43,2470,247,train
43,2471,247,train
43,2472,247,train
43,2473,247,train
43,2474,247,train
43,2475,247,train
43,2476,247,train
43,2477,247,train
43,2478,247,train
43,2479,247,train
43,2480,248,train
43,2481,248,train
43,2482,248,train
43,2483,248,train
43,2484,248,train
43,2485,248,train
43,2486,248,train
43,2487,248,train
43,2488,248,train
43,2489,248,train
43,2500,250,train
43,2501,250,train
43,2502,250,train
43,2503,250,train
43,2504,250,train
43,2505,250,train
43,2506,250,train
43,2507,250,train
43,2508,250,train
43,2509,250,train
43,2510,251,train
43,2511,251,train
43,2512,251,train
43,2513,251,train
43,2514,251,train
43,2515,251,train
43,2516,251,train
43,2517,251,train
43,2518,251,train
43,2519,251,train
43,2520,252,train
43,2521,252,train
43,2522,252,train
43,2523,252,train
43,2524,252,train
43,2525,252,train
43,2526,252,train
43,2527,252,train
43,2528,252,train
43,2529,252,train
43,2530,253,train
43,2531,253,train
43,2532,253,train
43,2533,253,train
43,2534,253,train
43,2535,253,train
43,2536,253,train
43,2537,253,train
43,2538,253,train
43,2539,253,train
43,2560,256,train
43,2561,256,train
43,2562,256,train
43,2563,256,train
43,2564,256,train
43,2565,256,train
43,2566,256,train
43,2567,256,train
43,2568,256,train
43,2569,256,train
43,2570,257,train
43,2571,257,train
43,2572,257,train
43,2573,257,train
43,2574,257,train
43,2575,257,train
43,2576,257,train
43,2577,257,train
43,2578,257,train
43,2579,257,train
43,2580,258,train
43,2581,258,train
43,2582,258,train
43,2583,258,train
43,2584,258,train
43,2585,258,train
43,2586,258,train
43,2587,258,train
43,2588,258,train
43,2589,258,train
43,2590,259,train
43,2591,259,train
43,2592,259,train
43,2593,259,train
43,2594,259,train
43,2595,259,train
43,2596,259,train
43,2597,259,train
43,2598,259,train
43,2599,259,train
43,2610,261,train
43,2611,261,train
43,2612,261,train
43,2613,261,train
43,2614,261,train
43,2615,261,train
43,2616,261,train
43,2617,261,train
43,2618,261,train
43,2619,261,train
43,2620,262,train
43,2621,262,train
43,2622,262,train
43,2623,262,train
43,2624,262,train
43,2625,262,train
43,2626,262,train
43,2627,262,train
43,2628,262,train
43,2629,262,train
43,2630,263,train
43,2631,263,train
43,2632,263,train
43,2633,263,train
43,2634,263,train
43,2635,263,train
43,2636,263,train
43,2637,263,train
43,2638,263,train
43,2639,263,train
43,2640,264,train
43,2641,264,train
43,2642,264,train
43,2643,264,train
43,2644,264,train
43,2645,264,train
43,2646,264,train
43,2647,264,train
43,2648,264,train
43,2649,264,train
43,2660,266,train
43,2661,266,train
43,2662,266,train
43,2663,266,train
43,2664,266,train
43,2665,266,train
43,2666,266,train
43,2667,266,train
43,2668,266,train
43,2669,266,train
43,2680,268,train
43,2681,268,train
43,2682,268,train
43,2683,268,train
43,2684,268,train
43,2685,268,train
43,2686,268,train
43,2687,268,train
43,2688,268,train
43,2689,268,train
43,2690,269,train
43,2691,269,train
43,2692,269,train
43,2693,269,train
43,2694,269,train
43,2695,269,train
43,2696,269,train
43,2697,269,train
43,2698,269,train
43,2699,269,train
43,2700,270,train
43,2701,270,train
43,2702,270,train
43,2703,270,train
43,2704,270,train
43,2705,270,train
43,2706,270,train
43,2707,270,train
43,2708,270,train
43,2709,270,train
43,2720,272,train
43,2721,272,train
43,2722,272,train
43,2723,272,train
43,2724,272,train
43,2725,272,train
43,2726,272,train
43,2727,272,train
43,2728,272,train
43,2729,272,train
43,2730,273,train
43,2731,273,train
43,2732,273,train
43,2733,273,train
43,2734,273,train
43,2735,273,train
43,2736,273,train
43,2737,273,train
43,2738,273,train
43,2739,273,train
43,2740,274,train
43,2741,274,train
43,2742,274,train
43,2743,274,train
43,2744,274,train
43,2745,274,train
43,2746,274,train
43,2747,274,train
43,2748,274,train
43,2749,274,train
43,2750,275,train
43,2751,275,train
43,2752,275,train
43,2753,275,train
43,2754,275,train
43,2755,275,train
43,2756,275,train
43,2757,275,train
43,2758,275,train
43,2759,275,train
43,2760,276,train
43,2761,276,train
43,2762,276,train
43,2763,276,train
43,2764,276,train
43,2765,276,train
43,2766,276,train
43,2767,276,train
43,2768,276,train
43,2769,276,train
43,2780,278,train
43,2781,278,train
43,2782,278,train
43,2783,278,train
43,2784,278,train
43,2785,278,train
43,2786,278,train
43,2787,278,train
43,2788,278,train
43,2789,278,train
43,2800,280,train
43,2801,280,train
43,2802,280,train
43,2803,280,train
43,2804,280,train
43,2805,280,train
43,2806,280,train
43,2807,280,train
43,2808,280,train
43,2809,280,train
43,2810,281,train
43,2811,281,train
43,2812,281,train
43,2813,281,train
43,2814,281,train
43,2815,281,train
43,2816,281,train
43,2817,281,train
43,2818,281,train
43,2819,281,train
43,2820,282,train
43,2821,282,train
43,2822,282,train
43,2823,282,train
43,2824,282,train
43,2825,282,train
43,2826,282,train
43,2827,282,train
43,2828,282,train
43,2829,282,train
43,2830,283,train
43,2831,283,train
43,2832,283,train
43,2833,283,train
43,2834,283,train
43,2835,283,train
43,2836,283,train
43,2837,283,train
43,2838,283,train
43,2839,283,train
43,2860,286,train
43,2861,286,train
43,2862,286,train
43,2863,286,train
43,2864,286,train
43,2865,286,train
43,2866,286,train
43,2867,286,train
43,2868,286,train
43,2869,286,train
43,2870,287,train
43,2871,287,train
43,2872,287,train
43,2873,287,train
43,2874,287,train
43,2875,287,train
43,2876,287,train
43,2877,287,train
43,2878,287,train
43,2879,287,train
43,2880,288,train
43,2881,288,train
43,2882,288,train
43,2883,288,train
43,2884,288,train
43,2885,288,train
43,2886,288,train
43,2887,288,train
43,2888,288,train
43,2889,288,train
43,2890,289,train
43,2891,289,train
43,2892,289,train
43,2893,289,train
43,2894,289,train
43,2895,289,train
43,2896,289,train
43,2897,289,train
43,2898,289,train
43,2899,289,train
43,2910,291,train
43,2911,291,train
43,2912,291,train
43,2913,291,train
43,2914,291,train
43,2915,291,train
43,2916,291,train
43,2917,291,train
43,2918,291,train
43,2919,291,train
43,2920,292,train
43,2921,292,train
43,2922,292,train
43,2923,292,train
43,2924,292,train
43,2925,292,train
43,2926,292,train
43,2927,292,train
43,2928,292,train
43,2929,292,train
43,2940,294,train
43,2941,294,train
43,2942,294,train
43,2943,294,train
43,2944,294,train
43,2945,294,train
43,2946,294,train
43,2947,294,train
43,2948,294,train
43,2949,294,train
43,2950,295,train
43,2951,295,train
43,2952,295,train
43,2953,295,train
43,2954,295,train
43,2955,295,train
43,2956,295,train
43,2957,295,train
43,2958,295,train
43,2959,295,train
43,2960,296,train
43,2961,296,train
43,2962,296,train
43,2963,296,train
43,2964,296,train
43,2965,296,train
43,2966,296,train
43,2967,296,train
43,2968,296,train
43,2969,296,train
43,2970,297,train
43,2971,297,train
43,2972,297,train
43,2973,297,train
43,2974,297,train
43,2975,297,train
43,2976,297,train
43,2977,297,train
43,2978,297,train
43,2979,297,train
43,2980,298,train
43,2981,298,train
43,2982,298,train
43,2983,298,train
43,2984,298,train
43,2985,298,train
43,2986,298,train
43,2987,298,train
43,2988,298,train
43,2989,298,train
43,3020,302,train
43,3021,302,train
43,3022,302,train
43,3023,302,train
43,3024,302,train
43,3025,302,train
43,3026,302,train
43,3027,302,train
43,3028,302,train
43,3029,302,train
43,3030,303,train
43,3031,303,train
43,3032,303,train
43,3033,303,train
43,3034,303,train
43,3035,303,train
43,3036,303,train
43,3037,303,train
43,3038,303,train
43,3039,303,train
43,3040,304,train
43,3041,304,train
43,3042,304,train
43,3043,304,train
43,3044,304,train
43,3045,304,train
43,3046,304,train
43,3047,304,train
43,3048,304,train
43,3049,304,train
43,3050,305,train
43,3051,305,train
43,3052,305,train
43,3053,305,train
43,3054,305,train
43,3055,305,train
43,3056,305,train
43,3057,305,train
43,3058,305,train
43,3059,305,train
43,3060,306,train
43,3061,306,train
43,3062,306,train
43,3063,306,train
43,3064,306,train
43,3065,306,train
43,3066,306,train
43,3067,306,train
43,3068,306,train
43,3069,306,train
43,3090,309,train
43,3091,309,train
43,3092,309,train
43,3093,309,train
43,3094,309,train
43,3095,309,train
43,3096,309,train
43,3097,309,train
43,3098,309,train
43,3099,309,train
43,3120,312,train
43,3121,312,train
43,3122,312,train
43,3123,312,train
43,3124,312,train
43,3125,312,train
43,3126,312,train
43,3127,312,train
43,3128,312,train
43,3129,312,train
43,3150,315,train
43,3151,315,train
43,3152,315,train
43,3153,315,train
43,3154,315,train
43,3155,315,train
43,3156,315,train
43,3157,315,train
43,3158,315,train
43,3159,315,train
43,3180,318,train
43,3181,318,train
43,3182,318,train
43,3183,318,train
43,3184,318,train
43,3185,318,train
43,3186,318,train
43,3187,318,train
43,3188,318,train
43,3189,318,train
43,3220,322,train
43,3221,322,train
43,3222,322,train
43,3223,322,train
43,3224,322,train
43,3225,322,train
43,3226,322,train
43,3227,322,train
43,3228,322,train
43,3229,322,train
43,3240,324,train
43,3241,324,train
43,3242,324,train
43,3243,324,train
43,3244,324,train
43,3245,324,train
43,3246,324,train
43,3247,324,train
43,3248,324,train
43,3249,324,train
43,3250,325,train
43,3251,325,train
43,3252,325,train
43,3253,325,train
43,3254,325,train
43,3255,325,train
43,3256,325,train
43,3257,325,train
43,3258,325,train
43,3259,325,train
43,3260,326,train
43,3261,326,train
43,3262,326,train
43,3263,326,train
43,3264,326,train
43,3265,326,train
43,3266,326,train
43,3267,326,train
43,3268,326,train
43,3269,326,train
43,3270,327,train
43,3271,327,train
43,3272,327,train
43,3273,327,train
43,3274,327,train
43,3275,327,train
43,3276,327,train
43,3277,327,train
43,3278,327,train
43,3279,327,train
43,3280,328,train
43,3281,328,train
43,3282,328,train
43,3283,328,train
43,3284,328,train
43,3285,328,train
43,3286,328,train
43,3287,328,train
43,3288,328,train
43,3289,328,train
43,3290,329,train
43,3291,329,train
43,3292,329,train
43,3293,329,train
43,3294,329,train
43,3295,329,train
43,3296,329,train
43,3297,329,train
43,3298,329,train
43,3299,329,train
43,3310,331,train
43,3311,331,train
43,3312,331,train
43,3313,331,train
43,3314,331,train
43,3315,331,train
43,3316,331,train
43,3317,331,train
43,3318,331,train
43,3319,331,train
43,3350,335,train
43,3351,335,train
43,3352,335,train
43,3353,335,train
43,3354,335,train
43,3355,335,train
43,3356,335,train
43,3357,335,train
43,3358,335,train
43,3359,335,train
43,3370,337,train
43,3371,337,train
43,3372,337,train
43,3373,337,train
43,3374,337,train
43,3375,337,train
43,3376,337,train
43,3377,337,train
43,3378,337,train
43,3379,337,train
43,3380,338,train
43,3381,338,train
43,3382,338,train
43,3383,338,train
43,3384,338,train
43,3385,338,train
43,3386,338,train
43,3387,338,train
43,3388,338,train
43,3389,338,train
43,3390,339,train
43,3391,339,train
43,3392,339,train
43,3393,339,train
43,3394,339,train
43,3395,339,train
43,3396,339,train
43,3397,339,train
43,3398,339,train
43,3399,339,train
43,3410,341,train
43,3411,341,train
43,3412,341,train
43,3413,341,train
43,3414,341,train
43,3415,341,train
43,3416,341,train
43,3417,341,train
43,3418,341,train
43,3419,341,train
43,3430,343,train
43,3431,343,train
43,3432,343,train
43,3433,343,train
43,3434,343,train
43,3435,343,train
43,3436,343,train
43,3437,343,train
43,3438,343,train
43,3439,343,train
43,3450,345,train
43,3451,345,train
43,3452,345,train
43,3453,345,train
43,3454,345,train
43,3455,345,train
43,3456,345,train
43,3457,345,train
43,3458,345,train
43,3459,345,train
43,3460,346,train
43,3461,346,train
43,3462,346,train
43,3463,346,train
43,3464,346,train
43,3465,346,train
43,3466,346,train
43,3467,346,train
43,3468,346,train
43,3469,346,train
43,3480,348,train
43,3481,348,train
43,3482,348,train
43,3483,348,train
43,3484,348,train
43,3485,348,train
43,3486,348,train
43,3487,348,train
43,3488,348,train
43,3489,348,train
43,3510,351,train
43,3511,351,train
43,3512,351,train
43,3513,351,train
43,3514,351,train
43,3515,351,train
43,3516,351,train
43,3517,351,train
43,3518,351,train
43,3519,351,train
43,3530,353,train
43,3531,353,train
43,3532,353,train
43,3533,353,train
43,3534,353,train
43,3535,353,train
43,3536,353,train
43,3537,353,train
43,3538,353,train
43,3539,353,train
43,3550,355,train
43,3551,355,train
43,3552,355,train
43,3553,355,train
43,3554,355,train
43,3555,355,train
43,3556,355,train
43,3557,355,train
43,3558,355,train
43,3559,355,train
43,3570,357,train
43,3571,357,train
43,3572,357,train
43,3573,357,train
43,3574,357,train
43,3575,357,train
43,3576,357,train
43,3577,357,train
43,3578,357,train
43,3579,357,train
43,3580,358,train
43,3581,358,train
43,3582,358,train
43,3583,358,train
43,3584,358,train
43,3585,358,train
43,3586,358,train
43,3587,358,train
43,3588,358,train
43,3589,358,train
43,3590,359,train
43,3591,359,train
43,3592,359,train
43,3593,359,train
43,3594,359,train
43,3595,359,train
43,3596,359,train
43,3597,359,train
43,3598,359,train
43,3599,359,train
43,3600,360,train
43,3601,360,train
43,3602,360,train
43,3603,360,train
43,3604,360,train
43,3605,360,train
43,3606,360,train
43,3607,360,train
43,3608,360,train
43,3609,360,train
43,3620,362,train
43,3621,362,train
43,3622,362,train
43,3623,362,train
43,3624,362,train
43,3625,362,train
43,3626,362,train
43,3627,362,train
43,3628,362,train
43,3629,362,train
43,3630,363,train
43,3631,363,train
43,3632,363,train
43,3633,363,train
43,3634,363,train
43,3635,363,train
43,3636,363,train
43,3637,363,train
43,3638,363,train
43,3639,363,train
43,3660,366,train
43,3661,366,train
43,3662,366,train
43,3663,366,train
43,3664,366,train
43,3665,366,train
43,3666,366,train
43,3667,366,train
43,3668,366,train
43,3669,366,train
43,3670,367,train
43,3671,367,train
43,3672,367,train
43,3673,367,train
43,3674,367,train
43,3675,367,train
43,3676,367,train
43,3677,367,train
43,3678,367,train
43,3679,367,train
43,3680,368,train
43,3681,368,train
43,3682,368,train
43,3683,368,train
43,3684,368,train
43,3685,368,train
43,3686,368,train
43,3687,368,train
43,3688,368,train
43,3689,368,train
43,3690,369,train
43,3691,369,train
43,3692,369,train
43,3693,369,train
43,3694,369,train
43,3695,369,train
43,3696,369,train
43,3697,369,train
43,3698,369,train
43,3699,369,train
43,3730,373,train
43,3731,373,train
43,3732,373,train
43,3733,373,train
43,3734,373,train
43,3735,373,train
43,3736,373,train
43,3737,373,train
43,3738,373,train
43,3739,373,train
43,3740,374,train
43,3741,374,train
43,3742,374,train
43,3743,374,train
43,3744,374,train
43,3745,374,train
43,3746,374,train
43,3747,374,train
43,3748,374,train
43,3749,374,train
43,3760,376,train
43,3761,376,train
43,3762,376,train
43,3763,376,train
43,3764,376,train
43,3765,376,train
43,3766,376,train
43,3767,376,train
43,3768,376,train
43,3769,376,train
43,3780,378,train
43,3781,378,train
43,3782,378,train
43,3783,378,train
43,3784,378,train
43,3785,378,train
43,3786,378,train
43,3787,378,train
43,3788,378,train
43,3789,378,train
43,3810,381,train
43,3811,381,train
43,3812,381,train
43,3813,381,train
43,3814,381,train
43,3815,381,train
43,3816,381,train
43,3817,381,train
43,3818,381,train
43,3819,381,train
43,3820,382,train
43,3821,382,train
43,3822,382,train
43,3823,382,train
43,3824,382,train
43,3825,382,train
43,3826,382,train
43,3827,382,train
43,3828,382,train
43,3829,382,train
43,3830,383,train
43,3831,383,train
43,3832,383,train
43,3833,383,train
43,3834,383,train
43,3835,383,train
43,3836,383,train
43,3837,383,train
43,3838,383,train
43,3839,383,train
43,3850,385,train
43,3851,385,train
43,3852,385,train
43,3853,385,train
43,3854,385,train
43,3855,385,train
43,3856,385,train
43,3857,385,train
43,3858,385,train
43,3859,385,train
43,3860,386,train
43,3861,386,train
43,3862,386,train
43,3863,386,train
43,3864,386,train
43,3865,386,train
43,3866,386,train
43,3867,386,train
43,3868,386,train
43,3869,386,train
43,3880,388,train
43,3881,388,train
43,3882,388,train
43,3883,388,train
43,3884,388,train
43,3885,388,train
43,3886,388,train
43,3887,388,train
43,3888,388,train
43,3889,388,train
43,3900,390,train
43,3901,390,train
43,3902,390,train
43,3903,390,train
43,3904,390,train
43,3905,390,train
43,3906,390,train
43,3907,390,train
43,3908,390,train
43,3909,390,train
43,3920,392,train
43,3921,392,train
43,3922,392,train
43,3923,392,train
43,3924,392,train
43,3925,392,train
43,3926,392,train
43,3927,392,train
43,3928,392,train
43,3929,392,train
43,3930,393,train
43,3931,393,train
43,3932,393,train
43,3933,393,train
43,3934,393,train
43,3935,393,train
43,3936,393,train
43,3937,393,train
43,3938,393,train
43,3939,393,train
43,3950,395,train
43,3951,395,train
43,3952,395,train
43,3953,395,train
43,3954,395,train
43,3955,395,train
43,3956,395,train
43,3957,395,train
43,3958,395,train
43,3959,395,train
43,3970,397,train
43,3971,397,train
43,3972,397,train
43,3973,397,train
43,3974,397,train
43,3975,397,train
43,3976,397,train
43,3977,397,train
43,3978,397,train
43,3979,397,train
43,3990,399,train
43,3991,399,train
43,3992,399,train
43,3993,399,train
43,3994,399,train
43,3995,399,train
43,3996,399,train
43,3997,399,train
43,3998,399,train
43,3999,399,train
43,4000,400,train
43,4001,400,train
43,4002,400,train
43,4003,400,train
43,4004,400,train
43,4005,400,train
43,4006,400,train
43,4007,400,train
43,4008,400,train
43,4009,400,train
43,4020,402,train
43,4021,402,train
43,4022,402,train
43,4023,402,train
43,4024,402,train
43,4025,402,train
43,4026,402,train
43,4027,402,train
43,4028,402,train
43,4029,402,train
43,4030,403,train
43,4031,403,train
43,4032,403,train
43,4033,403,train
43,4034,403,train
43,4035,403,train
43,4036,403,train
43,4037,403,train
43,4038,403,train
43,4039,403,train
43,4040,404,train
43,4041,404,train
43,4042,404,train
43,4043,404,train
43,4044,404,train
43,4045,404,train
43,4046,404,train
43,4047,404,train
43,4048,404,train
43,4049,404,train
43,4050,405,train
43,4051,405,train
43,4052,405,train
43,4053,405,train
43,4054,405,train
43,4055,405,train
43,4056,405,train
43,4057,405,train
43,4058,405,train
43,4059,405,train
43,4060,406,train
43,4061,406,train
43,4062,406,train
43,4063,406,train
43,4064,406,train
43,4065,406,train
43,4066,406,train
43,4067,406,train
43,4068,406,train
43,4069,406,train
43,4070,407,train
43,4071,407,train
43,4072,407,train
43,4073,407,train
43,4074,407,train
43,4075,407,train
43,4076,407,train
43,4077,407,train
43,4078,407,train
43,4079,407,train
43,4080,408,train
43,4081,408,train
43,4082,408,train
43,4083,408,train
43,4084,408,train
43,4085,408,train
43,4086,408,train
43,4087,408,train
43,4088,408,train
43,4089,408,train
43,4090,409,train
43,4091,409,train
43,4092,409,train
43,4093,409,train
43,4094,409,train
43,4095,409,train
43,4096,409,train
43,4097,409,train
43,4098,409,train
43,4099,409,train
43,4110,411,train
43,4111,411,train
43,4112,411,train
43,4113,411,train
43,4114,411,train
43,4115,411,train
43,4116,411,train
43,4117,411,train
43,4118,411,train
43,4119,411,train
43,4140,414,train
43,4141,414,train
43,4142,414,train
43,4143,414,train
43,4144,414,train
43,4145,414,train
43,4146,414,train
43,4147,414,train
43,4148,414,train
43,4149,414,train
43,4180,418,train
43,4181,418,train
43,4182,418,train
43,4183,418,train
43,4184,418,train
43,4185,418,train
43,4186,418,train
43,4187,418,train
43,4188,418,train
43,4189,418,train
43,4200,420,train
43,4201,420,train
43,4202,420,train
43,4203,420,train
43,4204,420,train
43,4205,420,train
43,4206,420,train
43,4207,420,train
43,4208,420,train
43,4209,420,train
43,4210,421,train
43,4211,421,train
43,4212,421,train
43,4213,421,train
43,4214,421,train
43,4215,421,train
43,4216,421,train
43,4217,421,train
43,4218,421,train
43,4219,421,train
43,4230,423,train
43,4231,423,train
43,4232,423,train
43,4233,423,train
43,4234,423,train
43,4235,423,train
43,4236,423,train
43,4237,423,train
43,4238,423,train
43,4239,423,train
43,4240,424,train
43,4241,424,train
43,4242,424,train
43,4243,424,train
43,4244,424,train
43,4245,424,train
43,4246,424,train
43,4247,424,train
43,4248,424,train
43,4249,424,train
43,4250,425,train
43,4251,425,train
43,4252,425,train
43,4253,425,train
43,4254,425,train
43,4255,425,train
43,4256,425,train
43,4257,425,train
43,4258,425,train
43,4259,425,train
43,4260,426,train
43,4261,426,train
43,4262,426,train
43,4263,426,train
43,4264,426,train
43,4265,426,train
43,4266,426,train
43,4267,426,train
43,4268,426,train
43,4269,426,train
43,4280,428,train
43,4281,428,train
43,4282,428,train
43,4283,428,train
43,4284,428,train
43,4285,428,train
43,4286,428,train
43,4287,428,train
43,4288,428,train
43,4289,428,train
43,4340,434,train
43,4341,434,train
43,4342,434,train
43,4343,434,train
43,4344,434,train
43,4345,434,train
43,4346,434,train
43,4347,434,train
43,4348,434,train
43,4349,434,train
43,4360,436,train
43,4361,436,train
43,4362,436,train
43,4363,436,train
43,4364,436,train
43,4365,436,train
43,4366,436,train
43,4367,436,train
43,4368,436,train
43,4369,436,train
43,4400,440,train
43,4401,440,train
43,4402,440,train
43,4403,440,train
43,4404,440,train
43,4405,440,train
43,4406,440,train
43,4407,440,train
43,4408,440,train
43,4409,440,train
43,4420,442,train
43,4421,442,train
43,4422,442,train
43,4423,442,train
43,4424,442,train
43,4425,442,train
43,4426,442,train
43,4427,442,train
43,4428,442,train
43,4429,442,train
43,4440,444,train
43,4441,444,train
43,4442,444,train
43,4443,444,train
43,4444,444,train
43,4445,444,train
43,4446,444,train
43,4447,444,train
43,4448,444,train
43,4449,444,train
43,4450,445,train
43,4451,445,train
43,4452,445,train
43,4453,445,train
43,4454,445,train
43,4455,445,train
43,4456,445,train
43,4457,445,train
43,4458,445,train
43,4459,445,train
43,4470,447,train
43,4471,447,train
43,4472,447,train
43,4473,447,train
43,4474,447,train
43,4475,447,train
43,4476,447,train
43,4477,447,train
43,4478,447,train
43,4479,447,train
43,4480,448,train
43,4481,448,train
43,4482,448,train
43,4483,448,train
43,4484,448,train
43,4485,448,train
43,4486,448,train
43,4487,448,train
43,4488,448,train
43,4489,448,train
43,4500,450,train
43,4501,450,train
43,4502,450,train
43,4503,450,train
43,4504,450,train
43,4505,450,train
43,4506,450,train
43,4507,450,train
43,4508,450,train
43,4509,450,train
43,4510,451,train
43,4511,451,train
43,4512,451,train
43,4513,451,train
43,4514,451,train
43,4515,451,train
43,4516,451,train
43,4517,451,train
43,4518,451,train
43,4519,451,train
43,4520,452,train
43,4521,452,train
43,4522,452,train
43,4523,452,train
43,4524,452,train
43,4525,452,train
43,4526,452,train
43,4527,452,train
43,4528,452,train
43,4529,452,train
43,4540,454,train
43,4541,454,train
43,4542,454,train
43,4543,454,train
43,4544,454,train
43,4545,454,train
43,4546,454,train
43,4547,454,train
43,4548,454,train
43,4549,454,train
43,4550,455,train
43,4551,455,train
43,4552,455,train
43,4553,455,train
43,4554,455,train
43,4555,455,train
43,4556,455,train
43,4557,455,train
43,4558,455,train
43,4559,455,train
43,4570,457,train
43,4571,457,train
43,4572,457,train
43,4573,457,train
43,4574,457,train
43,4575,457,train
43,4576,457,train
43,4577,457,train
43,4578,457,train
43,4579,457,train
43,4580,458,train
43,4581,458,train
43,4582,458,train
43,4583,458,train
43,4584,458,train
43,4585,458,train
43,4586,458,train
43,4587,458,train
43,4588,458,train
43,4589,458,train
43,4590,459,train
43,4591,459,train
43,4592,459,train
43,4593,459,train
43,4594,459,train
43,4595,459,train
43,4596,459,train
43,4597,459,train
43,4598,459,train
43,4599,459,train
43,4610,461,train
43,4611,461,train
43,4612,461,train
43,4613,461,train
43,4614,461,train
43,4615,461,train
43,4616,461,train
43,4617,461,train
43,4618,461,train
43,4619,461,train
43,4640,464,train
43,4641,464,train
43,4642,464,train
43,4643,464,train
43,4644,464,train
43,4645,464,train
43,4646,464,train
43,4647,464,train
43,4648,464,train
43,4649,464,train
43,4660,466,train
43,4661,466,train
43,4662,466,train
43,4663,466,train
43,4664,466,train
43,4665,466,train
43,4666,466,train
43,4667,466,train
43,4668,466,train
43,4669,466,train
43,4670,467,train
43,4671,467,train
43,4672,467,train
43,4673,467,train
43,4674,467,train
43,4675,467,train
43,4676,467,train
43,4677,467,train
43,4678,467,train
43,4679,467,train
43,4680,468,train
43,4681,468,train
43,4682,468,train
43,4683,468,train
43,4684,468,train
43,4685,468,train
43,4686,468,train
43,4687,468,train
43,4688,468,train
43,4689,468,train
43,4700,470,train
43,4701,470,train
43,4702,470,train
43,4703,470,train
43,4704,470,train
43,4705,470,train
43,4706,470,train
43,4707,470,train
43,4708,470,train
43,4709,470,train
43,4720,472,train
43,4721,472,train
43,4722,472,train
43,4723,472,train
43,4724,472,train
43,4725,472,train
43,4726,472,train
43,4727,472,train
43,4728,472,train
43,4729,472,train
43,4730,473,train
43,4731,473,train
43,4732,473,train
43,4733,473,train
43,4734,473,train
43,4735,473,train
43,4736,473,train
43,4737,473,train
43,4738,473,train
43,4739,473,train
43,4740,474,train
43,4741,474,train
43,4742,474,train
43,4743,474,train
43,4744,474,train
43,4745,474,train
43,4746,474,train
43,4747,474,train
43,4748,474,train
43,4749,474,train
43,4760,476,train
43,4761,476,train
43,4762,476,train
43,4763,476,train
43,4764,476,train
43,4765,476,train
43,4766,476,train
43,4767,476,train
43,4768,476,train
43,4769,476,train
43,4770,477,train
43,4771,477,train
43,4772,477,train
43,4773,477,train
43,4774,477,train
43,4775,477,train
43,4776,477,train
43,4777,477,train
43,4778,477,train
43,4779,477,train
43,4780,478,train
43,4781,478,train
43,4782,478,train
43,4783,478,train
43,4784,478,train
43,4785,478,train
43,4786,478,train
43,4787,478,train
43,4788,478,train
43,4789,478,train
43,4790,479,train
43,4791,479,train
43,4792,479,train
43,4793,479,train
43,4794,479,train
43,4795,479,train
43,4796,479,train
43,4797,479,train
43,4798,479,train
43,4799,479,train
43,4800,480,train
43,4801,480,train
43,4802,480,train
43,4803,480,train
43,4804,480,train
43,4805,480,train
43,4806,480,train
43,4807,480,train
43,4808,480,train
43,4809,480,train
43,4850,485,train
43,4851,485,train
43,4852,485,train
43,4853,485,train
43,4854,485,train
43,4855,485,train
43,4856,485,train
43,4857,485,train
43,4858,485,train
43,4859,485,train
43,4860,486,train
43,4861,486,train
43,4862,486,train
43,4863,486,train
43,4864,486,train
43,4865,486,train
43,4866,486,train
43,4867,486,train
43,4868,486,train
43,4869,486,train
43,4870,487,train
43,4871,487,train
43,4872,487,train
43,4873,487,train
43,4874,487,train
43,4875,487,train
43,4876,487,train
43,4877,487,train
43,4878,487,train
43,4879,487,train
43,4900,490,train
43,4901,490,train
43,4902,490,train
43,4903,490,train
43,4904,490,train
43,4905,490,train
43,4906,490,train
43,4907,490,train
43,4908,490,train
43,4909,490,train
43,4920,492,train
43,4921,492,train
43,4922,492,train
43,4923,492,train
43,4924,492,train
43,4925,492,train
43,4926,492,train
43,4927,492,train
43,4928,492,train
43,4929,492,train
43,4930,493,train
43,4931,493,train
43,4932,493,train
43,4933,493,train
43,4934,493,train
43,4935,493,train
43,4936,493,train
43,4937,493,train
43,4938,493,train
43,4939,493,train
43,4950,495,train
43,4951,495,train
43,4952,495,train
43,4953,495,train
43,4954,495,train
43,4955,495,train
43,4956,495,train
43,4957,495,train
43,4958,495,train
43,4959,495,train
43,4960,496,train
43,4961,496,train
43,4962,496,train
43,4963,496,train
43,4964,496,train
43,4965,496,train
43,4966,496,train
43,4967,496,train
43,4968,496,train
43,4969,496,train
43,4970,497,train
43,4971,497,train
43,4972,497,train
43,4973,497,train
43,4974,497,train
43,4975,497,train
43,4976,497,train
43,4977,497,train
43,4978,497,train
43,4979,497,train
43,4980,498,train
43,4981,498,train
43,4982,498,train
43,4983,498,train
43,4984,498,train
43,4985,498,train
43,4986,498,train
43,4987,498,train
43,4988,498,train
43,4989,498,train
43,4990,499,train
43,4991,499,train
43,4992,499,train
43,4993,499,train
43,4994,499,train
43,4995,499,train
43,4996,499,train
43,4997,499,train
43,4998,499,train
43,4999,499,train
43,5010,501,train
43,5011,501,train
43,5012,501,train
43,5013,501,train
43,5014,501,train
43,5015,501,train
43,5016,501,train
43,5017,501,train
43,5018,501,train
43,5019,501,train
43,5040,504,train
43,5041,504,train
43,5042,504,train
43,5043,504,train
43,5044,504,train
43,5045,504,train
43,5046,504,train
43,5047,504,train
43,5048,504,train
43,5049,504,train
43,5050,505,train
43,5051,505,train
43,5052,505,train
43,5053,505,train
43,5054,505,train
43,5055,505,train
43,5056,505,train
43,5057,505,train
43,5058,505,train
43,5059,505,train
43,5060,506,train
43,5061,506,train
43,5062,506,train
43,5063,506,train
43,5064,506,train
43,5065,506,train
43,5066,506,train
43,5067,506,train
43,5068,506,train
43,5069,506,train
43,5070,507,train
43,5071,507,train
43,5072,507,train
43,5073,507,train
43,5074,507,train
43,5075,507,train
43,5076,507,train
43,5077,507,train
43,5078,507,train
43,5079,507,train
43,5090,509,train
43,5091,509,train
43,5092,509,train
43,5093,509,train
43,5094,509,train
43,5095,509,train
43,5096,509,train
43,5097,509,train
43,5098,509,train
43,5099,509,train
43,5100,510,train
43,5101,510,train
43,5102,510,train
43,5103,510,train
43,5104,510,train
43,5105,510,train
43,5106,510,train
43,5107,510,train
43,5108,510,train
43,5109,510,train
43,5110,511,train
43,5111,511,train
43,5112,511,train
43,5113,511,train
43,5114,511,train
43,5115,511,train
43,5116,511,train
43,5117,511,train
43,5118,511,train
43,5119,511,train
43,5120,512,train
43,5121,512,train
43,5122,512,train
43,5123,512,train
43,5124,512,train
43,5125,512,train
43,5126,512,train
43,5127,512,train
43,5128,512,train
43,5129,512,train
43,5130,513,train
43,5131,513,train
43,5132,513,train
43,5133,513,train
43,5134,513,train
43,5135,513,train
43,5136,513,train
43,5137,513,train
43,5138,513,train
43,5139,513,train
43,5140,514,train
43,5141,514,train
43,5142,514,train
43,5143,514,train
43,5144,514,train
43,5145,514,train
43,5146,514,train
43,5147,514,train
43,5148,514,train
43,5149,514,train
43,5160,516,train
43,5161,516,train
43,5162,516,train
43,5163,516,train
43,5164,516,train
43,5165,516,train
43,5166,516,train
43,5167,516,train
43,5168,516,train
43,5169,516,train
43,5170,517,train
43,5171,517,train
43,5172,517,train
43,5173,517,train
43,5174,517,train
43,5175,517,train
43,5176,517,train
43,5177,517,train
43,5178,517,train
43,5179,517,train
43,5190,519,train
43,5191,519,train
43,5192,519,train
43,5193,519,train
43,5194,519,train
43,5195,519,train
43,5196,519,train
43,5197,519,train
43,5198,519,train
43,5199,519,train
43,5230,523,train
43,5231,523,train
43,5232,523,train
43,5233,523,train
43,5234,523,train
43,5235,523,train
43,5236,523,train
43,5237,523,train
43,5238,523,train
43,5239,523,train
43,5240,524,train
43,5241,524,train
43,5242,524,train
43,5243,524,train
43,5244,524,train
43,5245,524,train
43,5246,524,train
43,5247,524,train
43,5248,524,train
43,5249,524,train
43,5250,525,train
43,5251,525,train
43,5252,525,train
43,5253,525,train
43,5254,525,train
43,5255,525,train
43,5256,525,train
43,5257,525,train
43,5258,525,train
43,5259,525,train
43,5260,526,train
43,5261,526,train
43,5262,526,train
43,5263,526,train
43,5264,526,train
43,5265,526,train
43,5266,526,train
43,5267,526,train
43,5268,526,train
43,5269,526,train
43,5300,530,train
43,5301,530,train
43,5302,530,train
43,5303,530,train
43,5304,530,train
43,5305,530,train
43,5306,530,train
43,5307,530,train
43,5308,530,train
43,5309,530,train
43,5320,532,train
43,5321,532,train
43,5322,532,train
43,5323,532,train
43,5324,532,train
43,5325,532,train
43,5326,532,train
43,5327,532,train
43,5328,532,train
43,5329,532,train
43,5340,534,train
43,5341,534,train
43,5342,534,train
43,5343,534,train
43,5344,534,train
43,5345,534,train
43,5346,534,train
43,5347,534,train
43,5348,534,train
43,5349,534,train
43,5350,535,train
43,5351,535,train
43,5352,535,train
43,5353,535,train
43,5354,535,train
43,5355,535,train
43,5356,535,train
43,5357,535,train
43,5358,535,train
43,5359,535,train
43,5370,537,train
43,5371,537,train
43,5372,537,train
43,5373,537,train
43,5374,537,train
43,5375,537,train
43,5376,537,train
43,5377,537,train
43,5378,537,train
43,5379,537,train
43,5400,540,train
43,5401,540,train
43,5402,540,train
43,5403,540,train
43,5404,540,train
43,5405,540,train
43,5406,540,train
43,5407,540,train
43,5408,540,train
43,5409,540,train
43,5420,542,train
43,5421,542,train
43,5422,542,train
43,5423,542,train
43,5424,542,train
43,5425,542,train
43,5426,542,train
43,5427,542,train
43,5428,542,train
43,5429,542,train
43,5430,543,train
43,5431,543,train
43,5432,543,train
43,5433,543,train
43,5434,543,train
43,5435,543,train
43,5436,543,train
43,5437,543,train
43,5438,543,train
43,5439,543,train
43,5450,545,train
43,5451,545,train
43,5452,545,train
43,5453,545,train
43,5454,545,train
43,5455,545,train
43,5456,545,train
43,5457,545,train
43,5458,545,train
43,5459,545,train
43,5470,547,train
43,5471,547,train
43,5472,547,train
43,5473,547,train
43,5474,547,train
43,5475,547,train
43,5476,547,train
43,5477,547,train
43,5478,547,train
43,5479,547,train
43,5480,548,train
43,5481,548,train
43,5482,548,train
43,5483,548,train
43,5484,548,train
43,5485,548,train
43,5486,548,train
43,5487,548,train
43,5488,548,train
43,5489,548,train
43,5490,549,train
43,5491,549,train
43,5492,549,train
43,5493,549,train
43,5494,549,train
43,5495,549,train
43,5496,549,train
43,5497,549,train
43,5498,549,train
43,5499,549,train
43,5510,551,train
43,5511,551,train
43,5512,551,train
43,5513,551,train
43,5514,551,train
43,5515,551,train
43,5516,551,train
43,5517,551,train
43,5518,551,train
43,5519,551,train
43,5520,552,train
43,5521,552,train
43,5522,552,train
43,5523,552,train
43,5524,552,train
43,5525,552,train
43,5526,552,train
43,5527,552,train
43,5528,552,train
43,5529,552,train
43,5530,553,train
43,5531,553,train
43,5532,553,train
43,5533,553,train
43,5534,553,train
43,5535,553,train
43,5536,553,train
43,5537,553,train
43,5538,553,train
43,5539,553,train
43,5540,554,train
43,5541,554,train
43,5542,554,train
43,5543,554,train
43,5544,554,train
43,5545,554,train
43,5546,554,train
43,5547,554,train
43,5548,554,train
43,5549,554,train
43,5560,556,train
43,5561,556,train
43,5562,556,train
43,5563,556,train
43,5564,556,train
43,5565,556,train
43,5566,556,train
43,5567,556,train
43,5568,556,train
43,5569,556,train
43,5600,560,train
43,5601,560,train
43,5602,560,train
43,5603,560,train
43,5604,560,train
43,5605,560,train
43,5606,560,train
43,5607,560,train
43,5608,560,train
43,5609,560,train
43,5610,561,train
43,5611,561,train
43,5612,561,train
43,5613,561,train
43,5614,561,train
43,5615,561,train
43,5616,561,train
43,5617,561,train
43,5618,561,train
43,5619,561,train
43,5620,562,train
43,5621,562,train
43,5622,562,train
43,5623,562,train
43,5624,562,train
43,5625,562,train
43,5626,562,train
43,5627,562,train
43,5628,562,train
43,5629,562,train
43,5630,563,train
43,5631,563,train
43,5632,563,train
43,5633,563,train
43,5634,563,train
43,5635,563,train
43,5636,563,train
43,5637,563,train
43,5638,563,train
43,5639,563,train
43,5660,566,train
43,5661,566,train
43,5662,566,train
43,5663,566,train
43,5664,566,train
43,5665,566,train
43,5666,566,train
43,5667,566,train
43,5668,566,train
43,5669,566,train
43,5670,567,train
43,5671,567,train
43,5672,567,train
43,5673,567,train
43,5674,567,train
43,5675,567,train
43,5676,567,train
43,5677,567,train
43,5678,567,train
43,5679,567,train
43,5690,569,train
43,5691,569,train
43,5692,569,train
43,5693,569,train
43,5694,569,train
43,5695,569,train
43,5696,569,train
43,5697,569,train
43,5698,569,train
43,5699,569,train
43,5700,570,train
43,5701,570,train
43,5702,570,train
43,5703,570,train
43,5704,570,train
43,5705,570,train
43,5706,570,train
43,5707,570,train
43,5708,570,train
43,5709,570,train
43,5730,573,train
43,5731,573,train
43,5732,573,train
43,5733,573,train
43,5734,573,train
43,5735,573,train
43,5736,573,train
43,5737,573,train
43,5738,573,train
43,5739,573,train
43,5740,574,train
43,5741,574,train
43,5742,574,train
43,5743,574,train
43,5744,574,train
43,5745,574,train
43,5746,574,train
43,5747,574,train
43,5748,574,train
43,5749,574,train
43,5770,577,train
43,5771,577,train
43,5772,577,train
43,5773,577,train
43,5774,577,train
43,5775,577,train
43,5776,577,train
43,5777,577,train
43,5778,577,train
43,5779,577,train
43,5780,578,train
43,5781,578,train
43,5782,578,train
43,5783,578,train
43,5784,578,train
43,5785,578,train
43,5786,578,train
43,5787,578,train
43,5788,578,train
43,5789,578,train
43,5790,579,train
43,5791,579,train
43,5792,579,train
43,5793,579,train
43,5794,579,train
43,5795,579,train
43,5796,579,train
43,5797,579,train
43,5798,579,train
43,5799,579,train
43,5810,581,train
43,5811,581,train
43,5812,581,train
43,5813,581,train
43,5814,581,train
43,5815,581,train
43,5816,581,train
43,5817,581,train
43,5818,581,train
43,5819,581,train
43,5820,582,train
43,5821,582,train
43,5822,582,train
43,5823,582,train
43,5824,582,train
43,5825,582,train
43,5826,582,train
43,5827,582,train
43,5828,582,train
43,5829,582,train
43,5830,583,train
43,5831,583,train
43,5832,583,train
43,5833,583,train
43,5834,583,train
43,5835,583,train
43,5836,583,train
43,5837,583,train
43,5838,583,train
43,5839,583,train
43,5870,587,train
43,5871,587,train
43,5872,587,train
43,5873,587,train
43,5874,587,train
43,5875,587,train
43,5876,587,train
43,5877,587,train
43,5878,587,train
43,5879,587,train
43,5880,588,train
43,5881,588,train
43,5882,588,train
43,5883,588,train
43,5884,588,train
43,5885,588,train
43,5886,588,train
43,5887,588,train
43,5888,588,train
43,5889,588,train
43,5890,589,train
43,5891,589,train
43,5892,589,train
43,5893,589,train
43,5894,589,train
43,5895,589,train
43,5896,589,train
43,5897,589,train
43,5898,589,train
43,5899,589,train
43,5910,591,train
43,5911,591,train
43,5912,591,train
43,5913,591,train
43,5914,591,train
43,5915,591,train
43,5916,591,train
43,5917,591,train
43,5918,591,train
43,5919,591,train
43,5920,592,train
43,5921,592,train
43,5922,592,train
43,5923,592,train
43,5924,592,train
43,5925,592,train
43,5926,592,train
43,5927,592,train
43,5928,592,train
43,5929,592,train
43,5940,594,train
43,5941,594,train
43,5942,594,train
43,5943,594,train
43,5944,594,train
43,5945,594,train
43,5946,594,train
43,5947,594,train
43,5948,594,train
43,5949,594,train
43,5970,597,train
43,5971,597,train
43,5972,597,train
43,5973,597,train
43,5974,597,train
43,5975,597,train
43,5976,597,train
43,5977,597,train
43,5978,597,train
43,5979,597,train
43,5980,598,train
43,5981,598,train
43,5982,598,train
43,5983,598,train
43,5984,598,train
43,5985,598,train
43,5986,598,train
43,5987,598,train
43,5988,598,train
43,5989,598,train
43,5990,599,train
43,5991,599,train
43,5992,599,train
43,5993,599,train
43,5994,599,train
43,5995,599,train
43,5996,599,train
43,5997,599,train
43,5998,599,train
43,5999,599,train
43,6000,600,train
43,6001,600,train
43,6002,600,train
43,6003,600,train
43,6004,600,train
43,6005,600,train
43,6006,600,train
43,6007,600,train
43,6008,600,train
43,6009,600,train
43,6010,601,train
43,6011,601,train
43,6012,601,train
43,6013,601,train
43,6014,601,train
43,6015,601,train
43,6016,601,train
43,6017,601,train
43,6018,601,train
43,6019,601,train
43,6030,603,train
43,6031,603,train
43,6032,603,train
43,6033,603,train
43,6034,603,train
43,6035,603,train
43,6036,603,train
43,6037,603,train
43,6038,603,train
43,6039,603,train
43,6060,606,train
43,6061,606,train
43,6062,606,train
43,6063,606,train
43,6064,606,train
43,6065,606,train
43,6066,606,train
43,6067,606,train
43,6068,606,train
43,6069,606,train
43,6100,610,train
43,6101,610,train
43,6102,610,train
43,6103,610,train
43,6104,610,train
43,6105,610,train
43,6106,610,train
43,6107,610,train
43,6108,610,train
43,6109,610,train
43,6110,611,train
43,6111,611,train
43,6112,611,train
43,6113,611,train
43,6114,611,train
43,6115,611,train
43,6116,611,train
43,6117,611,train
43,6118,611,train
43,6119,611,train
43,6120,612,train
43,6121,612,train
43,6122,612,train
43,6123,612,train
43,6124,612,train
43,6125,612,train
43,6126,612,train
43,6127,612,train
43,6128,612,train
43,6129,612,train
43,6130,613,train
43,6131,613,train
43,6132,613,train
43,6133,613,train
43,6134,613,train
43,6135,613,train
43,6136,613,train
43,6137,613,train
43,6138,613,train
43,6139,613,train
43,6140,614,train
43,6141,614,train
43,6142,614,train
43,6143,614,train
43,6144,614,train
43,6145,614,train
43,6146,614,train
43,6147,614,train
43,6148,614,train
43,6149,614,train
43,6150,615,train
43,6151,615,train
43,6152,615,train
43,6153,615,train
43,6154,615,train
43,6155,615,train
43,6156,615,train
43,6157,615,train
43,6158,615,train
43,6159,615,train
43,6160,616,train
43,6161,616,train
43,6162,616,train
43,6163,616,train
43,6164,616,train
43,6165,616,train
43,6166,616,train
43,6167,616,train
43,6168,616,train
43,6169,616,train
43,6170,617,train
43,6171,617,train
43,6172,617,train
43,6173,617,train
43,6174,617,train
43,6175,617,train
43,6176,617,train
43,6177,617,train
43,6178,617,train
43,6179,617,train
43,6180,618,train
43,6181,618,train
43,6182,618,train
43,6183,618,train
43,6184,618,train
43,6185,618,train
43,6186,618,train
43,6187,618,train
43,6188,618,train
43,6189,618,train
43,6200,620,train
43,6201,620,train
43,6202,620,train
43,6203,620,train
43,6204,620,train
43,6205,620,train
43,6206,620,train
43,6207,620,train
43,6208,620,train
43,6209,620,train
43,6210,621,train
43,6211,621,train
43,6212,621,train
43,6213,621,train
43,6214,621,train
43,6215,621,train
43,6216,621,train
43,6217,621,train
43,6218,621,train
43,6219,621,train
43,6220,622,train
43,6221,622,train
43,6222,622,train
43,6223,622,train
43,6224,622,train
43,6225,622,train
43,6226,622,train
43,6227,622,train
43,6228,622,train
43,6229,622,train
43,6230,623,train
43,6231,623,train
43,6232,623,train
43,6233,623,train
43,6234,623,train
43,6235,623,train
43,6236,623,train
43,6237,623,train
43,6238,623,train
43,6239,623,train
43,6270,627,train
43,6271,627,train
43,6272,627,train
43,6273,627,train
43,6274,627,train
43,6275,627,train
43,6276,627,train
43,6277,627,train
43,6278,627,train
43,6279,627,train
43,6290,629,train
43,6291,629,train
43,6292,629,train
43,6293,629,train
43,6294,629,train
43,6295,629,train
43,6296,629,train
43,6297,629,train
43,6298,629,train
43,6299,629,train
43,6300,630,train
43,6301,630,train
43,6302,630,train
43,6303,630,train
43,6304,630,train
43,6305,630,train
43,6306,630,train
43,6307,630,train
43,6308,630,train
43,6309,630,train
43,6310,631,train
43,6311,631,train
43,6312,631,train
43,6313,631,train
43,6314,631,train
43,6315,631,train
43,6316,631,train
43,6317,631,train
43,6318,631,train
43,6319,631,train
43,6320,632,train
43,6321,632,train
43,6322,632,train
43,6323,632,train
43,6324,632,train
43,6325,632,train
43,6326,632,train
43,6327,632,train
43,6328,632,train
43,6329,632,train
43,6330,633,train
43,6331,633,train
43,6332,633,train
43,6333,633,train
43,6334,633,train
43,6335,633,train
43,6336,633,train
43,6337,633,train
43,6338,633,train
43,6339,633,train
43,6340,634,train
43,6341,634,train
43,6342,634,train
43,6343,634,train
43,6344,634,train
43,6345,634,train
43,6346,634,train
43,6347,634,train
43,6348,634,train
43,6349,634,train
43,6350,635,train
43,6351,635,train
43,6352,635,train
43,6353,635,train
43,6354,635,train
43,6355,635,train
43,6356,635,train
43,6357,635,train
43,6358,635,train
43,6359,635,train
43,6370,637,train
43,6371,637,train
43,6372,637,train
43,6373,637,train
43,6374,637,train
43,6375,637,train
43,6376,637,train
43,6377,637,train
43,6378,637,train
43,6379,637,train
43,6380,638,train
43,6381,638,train
43,6382,638,train
43,6383,638,train
43,6384,638,train
43,6385,638,train
43,6386,638,train
43,6387,638,train
43,6388,638,train
43,6389,638,train
43,6400,640,train
43,6401,640,train
43,6402,640,train
43,6403,640,train
43,6404,640,train
43,6405,640,train
43,6406,640,train
43,6407,640,train
43,6408,640,train
43,6409,640,train
43,6410,641,train
43,6411,641,train
43,6412,641,train
43,6413,641,train
43,6414,641,train
43,6415,641,train
43,6416,641,train
43,6417,641,train
43,6418,641,train
43,6419,641,train
43,6420,642,train
43,6421,642,train
43,6422,642,train
43,6423,642,train
43,6424,642,train
43,6425,642,train
43,6426,642,train
43,6427,642,train
43,6428,642,train
43,6429,642,train
43,6440,644,train
43,6441,644,train
43,6442,644,train
43,6443,644,train
43,6444,644,train
43,6445,644,train
43,6446,644,train
43,6447,644,train
43,6448,644,train
43,6449,644,train
43,6460,646,train
43,6461,646,train
43,6462,646,train
43,6463,646,train
43,6464,646,train
43,6465,646,train
43,6466,646,train
43,6467,646,train
43,6468,646,train
43,6469,646,train
43,6480,648,train
43,6481,648,train
43,6482,648,train
43,6483,648,train
43,6484,648,train
43,6485,648,train
43,6486,648,train
43,6487,648,train
43,6488,648,train
43,6489,648,train
43,6490,649,train
43,6491,649,train
43,6492,649,train
43,6493,649,train
43,6494,649,train
43,6495,649,train
43,6496,649,train
43,6497,649,train
43,6498,649,train
43,6499,649,train
43,6510,651,train
43,6511,651,train
43,6512,651,train
43,6513,651,train
43,6514,651,train
43,6515,651,train
43,6516,651,train
43,6517,651,train
43,6518,651,train
43,6519,651,train
43,6540,654,train
43,6541,654,train
43,6542,654,train
43,6543,654,train
43,6544,654,train
43,6545,654,train
43,6546,654,train
43,6547,654,train
43,6548,654,train
43,6549,654,train
43,6580,658,train
43,6581,658,train
43,6582,658,train
43,6583,658,train
43,6584,658,train
43,6585,658,train
43,6586,658,train
43,6587,658,train
43,6588,658,train
43,6589,658,train
43,6590,659,train
43,6591,659,train
43,6592,659,train
43,6593,659,train
43,6594,659,train
43,6595,659,train
43,6596,659,train
43,6597,659,train
43,6598,659,train
43,6599,659,train
43,6600,660,train
43,6601,660,train
43,6602,660,train
43,6603,660,train
43,6604,660,train
43,6605,660,train
43,6606,660,train
43,6607,660,train
43,6608,660,train
43,6609,660,train
43,6610,661,train
43,6611,661,train
43,6612,661,train
43,6613,661,train
43,6614,661,train
43,6615,661,train
43,6616,661,train
43,6617,661,train
43,6618,661,train
43,6619,661,train
43,6620,662,train
43,6621,662,train
43,6622,662,train
43,6623,662,train
43,6624,662,train
43,6625,662,train
43,6626,662,train
43,6627,662,train
43,6628,662,train
43,6629,662,train
43,6630,663,train
43,6631,663,train
43,6632,663,train
43,6633,663,train
43,6634,663,train
43,6635,663,train
43,6636,663,train
43,6637,663,train
43,6638,663,train
43,6639,663,train
43,6640,664,train
43,6641,664,train
43,6642,664,train
43,6643,664,train
43,6644,664,train
43,6645,664,train
43,6646,664,train
43,6647,664,train
43,6648,664,train
43,6649,664,train
43,6660,666,train
43,6661,666,train
43,6662,666,train
43,6663,666,train
43,6664,666,train
43,6665,666,train
43,6666,666,train
43,6667,666,train
43,6668,666,train
43,6669,666,train
43,6670,667,train
43,6671,667,train
43,6672,667,train
43,6673,667,train
43,6674,667,train
43,6675,667,train
43,6676,667,train
43,6677,667,train
43,6678,667,train
43,6679,667,train
43,6690,669,train
43,6691,669,train
43,6692,669,train
43,6693,669,train
43,6694,669,train
43,6695,669,train
43,6696,669,train
43,6697,669,train
43,6698,669,train
43,6699,669,train
43,6710,671,train
43,6711,671,train
43,6712,671,train
43,6713,671,train
43,6714,671,train
43,6715,671,train
43,6716,671,train
43,6717,671,train
43,6718,671,train
43,6719,671,train
43,6760,676,train
43,6761,676,train
43,6762,676,train
43,6763,676,train
43,6764,676,train
43,6765,676,train
43,6766,676,train
43,6767,676,train
43,6768,676,train
43,6769,676,train
43,6770,677,train
43,6771,677,train
43,6772,677,train
43,6773,677,train
43,6774,677,train
43,6775,677,train
43,6776,677,train
43,6777,677,train
43,6778,677,train
43,6779,677,train
43,6780,678,train
43,6781,678,train
43,6782,678,train
43,6783,678,train
43,6784,678,train
43,6785,678,train
43,6786,678,train
43,6787,678,train
43,6788,678,train
43,6789,678,train
43,6800,680,train
43,6801,680,train
43,6802,680,train
43,6803,680,train
43,6804,680,train
43,6805,680,train
43,6806,680,train
43,6807,680,train
43,6808,680,train
43,6809,680,train
43,6840,684,train
43,6841,684,train
43,6842,684,train
43,6843,684,train
43,6844,684,train
43,6845,684,train
43,6846,684,train
43,6847,684,train
43,6848,684,train
43,6849,684,train
43,6850,685,train
43,6851,685,train
43,6852,685,train
43,6853,685,train
43,6854,685,train
43,6855,685,train
43,6856,685,train
43,6857,685,train
43,6858,685,train
43,6859,685,train
43,6860,686,train
43,6861,686,train
43,6862,686,train
43,6863,686,train
43,6864,686,train
43,6865,686,train
43,6866,686,train
43,6867,686,train
43,6868,686,train
43,6869,686,train
43,6880,688,train
43,6881,688,train
43,6882,688,train
43,6883,688,train
43,6884,688,train
43,6885,688,train
43,6886,688,train
43,6887,688,train
43,6888,688,train
43,6889,688,train
43,6890,689,train
43,6891,689,train
43,6892,689,train
43,6893,689,train
43,6894,689,train
43,6895,689,train
43,6896,689,train
43,6897,689,train
43,6898,689,train
43,6899,689,train
43,6910,691,train
43,6911,691,train
43,6912,691,train
43,6913,691,train
43,6914,691,train
43,6915,691,train
43,6916,691,train
43,6917,691,train
43,6918,691,train
43,6919,691,train
43,6940,694,train
43,6941,694,train
43,6942,694,train
43,6943,694,train
43,6944,694,train
43,6945,694,train
43,6946,694,train
43,6947,694,train
43,6948,694,train
43,6949,694,train
43,6960,696,train
43,6961,696,train
43,6962,696,train
43,6963,696,train
43,6964,696,train
43,6965,696,train
43,6966,696,train
43,6967,696,train
43,6968,696,train
43,6969,696,train
43,6970,697,train
43,6971,697,train
43,6972,697,train
43,6973,697,train
43,6974,697,train
43,6975,697,train
43,6976,697,train
43,6977,697,train
43,6978,697,train
43,6979,697,train
43,6990,699,train
43,6991,699,train
43,6992,699,train
43,6993,699,train
43,6994,699,train
43,6995,699,train
43,6996,699,train
43,6997,699,train
43,6998,699,train
43,6999,699,train
43,7000,700,train
43,7001,700,train
43,7002,700,train
43,7003,700,train
43,7004,700,train
43,7005,700,train
43,7006,700,train
43,7007,700,train
43,7008,700,train
43,7009,700,train
43,7030,703,train
43,7031,703,train
43,7032,703,train
43,7033,703,train
43,7034,703,train
43,7035,703,train
43,7036,703,train
43,7037,703,train
43,7038,703,train
43,7039,703,train
43,7080,708,train
43,7081,708,train
43,7082,708,train
43,7083,708,train
43,7084,708,train
43,7085,708,train
43,7086,708,train
43,7087,708,train
43,7088,708,train
43,7089,708,train
43,7090,709,train
43,7091,709,train
43,7092,709,train
43,7093,709,train
43,7094,709,train
43,7095,709,train
43,7096,709,train
43,7097,709,train
43,7098,709,train
43,7099,709,train
43,7100,710,train
43,7101,710,train
43,7102,710,train
43,7103,710,train
43,7104,710,train
43,7105,710,train
43,7106,710,train
43,7107,710,train
43,7108,710,train
43,7109,710,train
43,7110,711,train
43,7111,711,train
43,7112,711,train
43,7113,711,train
43,7114,711,train
43,7115,711,train
43,7116,711,train
43,7117,711,train
43,7118,711,train
43,7119,711,train
43,7120,712,train
43,7121,712,train
43,7122,712,train
43,7123,712,train
43,7124,712,train
43,7125,712,train
43,7126,712,train
43,7127,712,train
43,7128,712,train
43,7129,712,train
43,7130,713,train
43,7131,713,train
43,7132,713,train
43,7133,713,train
43,7134,713,train
43,7135,713,train
43,7136,713,train
43,7137,713,train
43,7138,713,train
43,7139,713,train
43,7140,714,train
43,7141,714,train
43,7142,714,train
43,7143,714,train
43,7144,714,train
43,7145,714,train
43,7146,714,train
43,7147,714,train
43,7148,714,train
43,7149,714,train
43,7150,715,train
43,7151,715,train
43,7152,715,train
43,7153,715,train
43,7154,715,train
43,7155,715,train
43,7156,715,train
43,7157,715,train
43,7158,715,train
43,7159,715,train
43,7170,717,train
43,7171,717,train
43,7172,717,train
43,7173,717,train
43,7174,717,train
43,7175,717,train
43,7176,717,train
43,7177,717,train
43,7178,717,train
43,7179,717,train
43,7180,718,train
43,7181,718,train
43,7182,718,train
43,7183,718,train
43,7184,718,train
43,7185,718,train
43,7186,718,train
43,7187,718,train
43,7188,718,train
43,7189,718,train
43,7190,719,train
43,7191,719,train
43,7192,719,train
43,7193,719,train
43,7194,719,train
43,7195,719,train
43,7196,719,train
43,7197,719,train
43,7198,719,train
43,7199,719,train
43,7200,720,train
43,7201,720,train
43,7202,720,train
43,7203,720,train
43,7204,720,train
43,7205,720,train
43,7206,720,train
43,7207,720,train
43,7208,720,train
43,7209,720,train
43,7210,721,train
43,7211,721,train
43,7212,721,train
43,7213,721,train
43,7214,721,train
43,7215,721,train
43,7216,721,train
43,7217,721,train
43,7218,721,train
43,7219,721,train
43,7240,724,train
43,7241,724,train
43,7242,724,train
43,7243,724,train
43,7244,724,train
43,7245,724,train
43,7246,724,train
43,7247,724,train
43,7248,724,train
43,7249,724,train
43,7250,725,train
43,7251,725,train
43,7252,725,train
43,7253,725,train
43,7254,725,train
43,7255,725,train
43,7256,725,train
43,7257,725,train
43,7258,725,train
43,7259,725,train
43,7260,726,train
43,7261,726,train
43,7262,726,train
43,7263,726,train
43,7264,726,train
43,7265,726,train
43,7266,726,train
43,7267,726,train
43,7268,726,train
43,7269,726,train
43,7280,728,train
43,7281,728,train
43,7282,728,train
43,7283,728,train
43,7284,728,train
43,7285,728,train
43,7286,728,train
43,7287,728,train
43,7288,728,train
43,7289,728,train
43,7300,730,train
43,7301,730,train
43,7302,730,train
43,7303,730,train
43,7304,730,train
43,7305,730,train
43,7306,730,train
43,7307,730,train
43,7308,730,train
43,7309,730,train
43,7310,731,train
43,7311,731,train
43,7312,731,train
43,7313,731,train
43,7314,731,train
43,7315,731,train
43,7316,731,train
43,7317,731,train
43,7318,731,train
43,7319,731,train
43,7320,732,train
43,7321,732,train
43,7322,732,train
43,7323,732,train
43,7324,732,train
43,7325,732,train
43,7326,732,train
43,7327,732,train
43,7328,732,train
43,7329,732,train
43,7330,733,train
43,7331,733,train
43,7332,733,train
43,7333,733,train
43,7334,733,train
43,7335,733,train
43,7336,733,train
43,7337,733,train
43,7338,733,train
43,7339,733,train
43,7350,735,train
43,7351,735,train
43,7352,735,train
43,7353,735,train
43,7354,735,train
43,7355,735,train
43,7356,735,train
43,7357,735,train
43,7358,735,train
43,7359,735,train
43,7360,736,train
43,7361,736,train
43,7362,736,train
43,7363,736,train
43,7364,736,train
43,7365,736,train
43,7366,736,train
43,7367,736,train
43,7368,736,train
43,7369,736,train
43,7370,737,train
43,7371,737,train
43,7372,737,train
43,7373,737,train
43,7374,737,train
43,7375,737,train
43,7376,737,train
43,7377,737,train
43,7378,737,train
43,7379,737,train
43,7380,738,train
43,7381,738,train
43,7382,738,train
43,7383,738,train
43,7384,738,train
43,7385,738,train
43,7386,738,train
43,7387,738,train
43,7388,738,train
43,7389,738,train
43,7390,739,train
43,7391,739,train
43,7392,739,train
43,7393,739,train
43,7394,739,train
43,7395,739,train
43,7396,739,train
43,7397,739,train
43,7398,739,train
43,7399,739,train
43,7400,740,train
43,7401,740,train
43,7402,740,train
43,7403,740,train
43,7404,740,train
43,7405,740,train
43,7406,740,train
43,7407,740,train
43,7408,740,train
43,7409,740,train
43,7420,742,train
43,7421,742,train
43,7422,742,train
43,7423,742,train
43,7424,742,train
43,7425,742,train
43,7426,742,train
43,7427,742,train
43,7428,742,train
43,7429,742,train
43,7430,743,train
43,7431,743,train
43,7432,743,train
43,7433,743,train
43,7434,743,train
43,7435,743,train
43,7436,743,train
43,7437,743,train
43,7438,743,train
43,7439,743,train
43,7440,744,train
43,7441,744,train
43,7442,744,train
43,7443,744,train
43,7444,744,train
43,7445,744,train
43,7446,744,train
43,7447,744,train
43,7448,744,train
43,7449,744,train
43,7470,747,train
43,7471,747,train
43,7472,747,train
43,7473,747,train
43,7474,747,train
43,7475,747,train
43,7476,747,train
43,7477,747,train
43,7478,747,train
43,7479,747,train
43,7500,750,train
43,7501,750,train
43,7502,750,train
43,7503,750,train
43,7504,750,train
43,7505,750,train
43,7506,750,train
43,7507,750,train
43,7508,750,train
43,7509,750,train
43,7510,751,train
43,7511,751,train
43,7512,751,train
43,7513,751,train
43,7514,751,train
43,7515,751,train
43,7516,751,train
43,7517,751,train
43,7518,751,train
43,7519,751,train
43,7520,752,train
43,7521,752,train
43,7522,752,train
43,7523,752,train
43,7524,752,train
43,7525,752,train
43,7526,752,train
43,7527,752,train
43,7528,752,train
43,7529,752,train
43,7530,753,train
43,7531,753,train
43,7532,753,train
43,7533,753,train
43,7534,753,train
43,7535,753,train
43,7536,753,train
43,7537,753,train
43,7538,753,train
43,7539,753,train
43,7570,757,train
43,7571,757,train
43,7572,757,train
43,7573,757,train
43,7574,757,train
43,7575,757,train
43,7576,757,train
43,7577,757,train
43,7578,757,train
43,7579,757,train
43,7580,758,train
43,7581,758,train
43,7582,758,train
43,7583,758,train
43,7584,758,train
43,7585,758,train
43,7586,758,train
43,7587,758,train
43,7588,758,train
43,7589,758,train
43,7590,759,train
43,7591,759,train
43,7592,759,train
43,7593,759,train
43,7594,759,train
43,7595,759,train
43,7596,759,train
43,7597,759,train
43,7598,759,train
43,7599,759,train
43,7600,760,train
43,7601,760,train
43,7602,760,train
43,7603,760,train
43,7604,760,train
43,7605,760,train
43,7606,760,train
43,7607,760,train
43,7608,760,train
43,7609,760,train
43,7620,762,train
43,7621,762,train
43,7622,762,train
43,7623,762,train
43,7624,762,train
43,7625,762,train
43,7626,762,train
43,7627,762,train
43,7628,762,train
43,7629,762,train
43,7640,764,train
43,7641,764,train
43,7642,764,train
43,7643,764,train
43,7644,764,train
43,7645,764,train
43,7646,764,train
43,7647,764,train
43,7648,764,train
43,7649,764,train
43,7660,766,train
43,7661,766,train
43,7662,766,train
43,7663,766,train
43,7664,766,train
43,7665,766,train
43,7666,766,train
43,7667,766,train
43,7668,766,train
43,7669,766,train
43,7670,767,train
43,7671,767,train
43,7672,767,train
43,7673,767,train
43,7674,767,train
43,7675,767,train
43,7676,767,train
43,7677,767,train
43,7678,767,train
43,7679,767,train
43,7700,770,train
43,7701,770,train
43,7702,770,train
43,7703,770,train
43,7704,770,train
43,7705,770,train
43,7706,770,train
43,7707,770,train
43,7708,770,train
43,7709,770,train
43,7710,771,train
43,7711,771,train
43,7712,771,train
43,7713,771,train
43,7714,771,train
43,7715,771,train
43,7716,771,train
43,7717,771,train
43,7718,771,train
43,7719,771,train
43,7730,773,train
43,7731,773,train
43,7732,773,train
43,7733,773,train
43,7734,773,train
43,7735,773,train
43,7736,773,train
43,7737,773,train
43,7738,773,train
43,7739,773,train
43,7740,774,train
43,7741,774,train
43,7742,774,train
43,7743,774,train
43,7744,774,train
43,7745,774,train
43,7746,774,train
43,7747,774,train
43,7748,774,train
43,7749,774,train
43,7750,775,train
43,7751,775,train
43,7752,775,train
43,7753,775,train
43,7754,775,train
43,7755,775,train
43,7756,775,train
43,7757,775,train
43,7758,775,train
43,7759,775,train
43,7760,776,train
43,7761,776,train
43,7762,776,train
43,7763,776,train
43,7764,776,train
43,7765,776,train
43,7766,776,train
43,7767,776,train
43,7768,776,train
43,7769,776,train
43,7770,777,train
43,7771,777,train
43,7772,777,train
43,7773,777,train
43,7774,777,train
43,7775,777,train
43,7776,777,train
43,7777,777,train
43,7778,777,train
43,7779,777,train
43,7780,778,train
43,7781,778,train
43,7782,778,train
43,7783,778,train
43,7784,778,train
43,7785,778,train
43,7786,778,train
43,7787,778,train
43,7788,778,train
43,7789,778,train
43,7790,779,train
43,7791,779,train
43,7792,779,train
43,7793,779,train
43,7794,779,train
43,7795,779,train
43,7796,779,train
43,7797,779,train
43,7798,779,train
43,7799,779,train
43,7820,782,train
43,7821,782,train
43,7822,782,train
43,7823,782,train
43,7824,782,train
43,7825,782,train
43,7826,782,train
43,7827,782,train
43,7828,782,train
43,7829,782,train
43,7830,783,train
43,7831,783,train
43,7832,783,train
43,7833,783,train
43,7834,783,train
43,7835,783,train
43,7836,783,train
43,7837,783,train
43,7838,783,train
43,7839,783,train
43,7850,785,train
43,7851,785,train
43,7852,785,train
43,7853,785,train
43,7854,785,train
43,7855,785,train
43,7856,785,train
43,7857,785,train
43,7858,785,train
43,7859,785,train
43,7900,790,train
43,7901,790,train
43,7902,790,train
43,7903,790,train
43,7904,790,train
43,7905,790,train
43,7906,790,train
43,7907,790,train
43,7908,790,train
43,7909,790,train
43,7910,791,train
43,7911,791,train
43,7912,791,train
43,7913,791,train
43,7914,791,train
43,7915,791,train
43,7916,791,train
43,7917,791,train
43,7918,791,train
43,7919,791,train
43,7920,792,train
43,7921,792,train
43,7922,792,train
43,7923,792,train
43,7924,792,train
43,7925,792,train
43,7926,792,train
43,7927,792,train
43,7928,792,train
43,7929,792,train
43,7960,796,train
43,7961,796,train
43,7962,796,train
43,7963,796,train
43,7964,796,train
43,7965,796,train
43,7966,796,train
43,7967,796,train
43,7968,796,train
43,7969,796,train
43,7970,797,train
43,7971,797,train
43,7972,797,train
43,7973,797,train
43,7974,797,train
43,7975,797,train
43,7976,797,train
43,7977,797,train
43,7978,797,train
43,7979,797,train
43,7980,798,train
43,7981,798,train
43,7982,798,train
43,7983,798,train
43,7984,798,train
43,7985,798,train
43,7986,798,train
43,7987,798,train
43,7988,798,train
43,7989,798,train
43,8010,801,train
43,8011,801,train
43,8012,801,train
43,8013,801,train
43,8014,801,train
43,8015,801,train
43,8016,801,train
43,8017,801,train
43,8018,801,train
43,8019,801,train
43,8020,802,train
43,8021,802,train
43,8022,802,train
43,8023,802,train
43,8024,802,train
43,8025,802,train
43,8026,802,train
43,8027,802,train
43,8028,802,train
43,8029,802,train
43,8030,803,train
43,8031,803,train
43,8032,803,train
43,8033,803,train
43,8034,803,train
43,8035,803,train
43,8036,803,train
43,8037,803,train
43,8038,803,train
43,8039,803,train
43,8040,804,train
43,8041,804,train
43,8042,804,train
43,8043,804,train
43,8044,804,train
43,8045,804,train
43,8046,804,train
43,8047,804,train
43,8048,804,train
43,8049,804,train
43,8050,805,train
43,8051,805,train
43,8052,805,train
43,8053,805,train
43,8054,805,train
43,8055,805,train
43,8056,805,train
43,8057,805,train
43,8058,805,train
43,8059,805,train
43,8070,807,train
43,8071,807,train
43,8072,807,train
43,8073,807,train
43,8074,807,train
43,8075,807,train
43,8076,807,train
43,8077,807,train
43,8078,807,train
43,8079,807,train
43,8080,808,train
43,8081,808,train
43,8082,808,train
43,8083,808,train
43,8084,808,train
43,8085,808,train
43,8086,808,train
43,8087,808,train
43,8088,808,train
43,8089,808,train
43,8090,809,train
43,8091,809,train
43,8092,809,train
43,8093,809,train
43,8094,809,train
43,8095,809,train
43,8096,809,train
43,8097,809,train
43,8098,809,train
43,8099,809,train
43,8110,811,train
43,8111,811,train
43,8112,811,train
43,8113,811,train
43,8114,811,train
43,8115,811,train
43,8116,811,train
43,8117,811,train
43,8118,811,train
43,8119,811,train
43,8120,812,train
43,8121,812,train
43,8122,812,train
43,8123,812,train
43,8124,812,train
43,8125,812,train
43,8126,812,train
43,8127,812,train
43,8128,812,train
43,8129,812,train
43,8130,813,train
43,8131,813,train
43,8132,813,train
43,8133,813,train
43,8134,813,train
43,8135,813,train
43,8136,813,train
43,8137,813,train
43,8138,813,train
43,8139,813,train
43,8170,817,train
43,8171,817,train
43,8172,817,train
43,8173,817,train
43,8174,817,train
43,8175,817,train
43,8176,817,train
43,8177,817,train
43,8178,817,train
43,8179,817,train
43,8180,818,train
43,8181,818,train
43,8182,818,train
43,8183,818,train
43,8184,818,train
43,8185,818,train
43,8186,818,train
43,8187,818,train
43,8188,818,train
43,8189,818,train
43,8190,819,train
43,8191,819,train
43,8192,819,train
43,8193,819,train
43,8194,819,train
43,8195,819,train
43,8196,819,train
43,8197,819,train
43,8198,819,train
43,8199,819,train
43,8200,820,train
43,8201,820,train
43,8202,820,train
43,8203,820,train
43,8204,820,train
43,8205,820,train
43,8206,820,train
43,8207,820,train
43,8208,820,train
43,8209,820,train
43,8220,822,train
43,8221,822,train
43,8222,822,train
43,8223,822,train
43,8224,822,train
43,8225,822,train
43,8226,822,train
43,8227,822,train
43,8228,822,train
43,8229,822,train
43,8230,823,train
43,8231,823,train
43,8232,823,train
43,8233,823,train
43,8234,823,train
43,8235,823,train
43,8236,823,train
43,8237,823,train
43,8238,823,train
43,8239,823,train
43,8240,824,train
43,8241,824,train
43,8242,824,train
43,8243,824,train
43,8244,824,train
43,8245,824,train
43,8246,824,train
43,8247,824,train
43,8248,824,train
43,8249,824,train
43,8260,826,train
43,8261,826,train
43,8262,826,train
43,8263,826,train
43,8264,826,train
43,8265,826,train
43,8266,826,train
43,8267,826,train
43,8268,826,train
43,8269,826,train
43,8270,827,train
43,8271,827,train
43,8272,827,train
43,8273,827,train
43,8274,827,train
43,8275,827,train
43,8276,827,train
43,8277,827,train
43,8278,827,train
43,8279,827,train
43,8280,828,train
43,8281,828,train
43,8282,828,train
43,8283,828,train
43,8284,828,train
43,8285,828,train
43,8286,828,train
43,8287,828,train
43,8288,828,train
43,8289,828,train
43,8300,830,train
43,8301,830,train
43,8302,830,train
43,8303,830,train
43,8304,830,train
43,8305,830,train
43,8306,830,train
43,8307,830,train
43,8308,830,train
43,8309,830,train
43,8310,831,train
43,8311,831,train
43,8312,831,train
43,8313,831,train
43,8314,831,train
43,8315,831,train
43,8316,831,train
43,8317,831,train
43,8318,831,train
43,8319,831,train
43,8330,833,train
43,8331,833,train
43,8332,833,train
43,8333,833,train
43,8334,833,train
43,8335,833,train
43,8336,833,train
43,8337,833,train
43,8338,833,train
43,8339,833,train
43,8340,834,train
43,8341,834,train
43,8342,834,train
43,8343,834,train
43,8344,834,train
43,8345,834,train
43,8346,834,train
43,8347,834,train
43,8348,834,train
43,8349,834,train
43,8350,835,train
43,8351,835,train
43,8352,835,train
43,8353,835,train
43,8354,835,train
43,8355,835,train
43,8356,835,train
43,8357,835,train
43,8358,835,train
43,8359,835,train
43,8360,836,train
43,8361,836,train
43,8362,836,train
43,8363,836,train
43,8364,836,train
43,8365,836,train
43,8366,836,train
43,8367,836,train
43,8368,836,train
43,8369,836,train
43,8370,837,train
43,8371,837,train
43,8372,837,train
43,8373,837,train
43,8374,837,train
43,8375,837,train
43,8376,837,train
43,8377,837,train
43,8378,837,train
43,8379,837,train
43,8380,838,train
43,8381,838,train
43,8382,838,train
43,8383,838,train
43,8384,838,train
43,8385,838,train
43,8386,838,train
43,8387,838,train
43,8388,838,train
43,8389,838,train
43,8390,839,train
43,8391,839,train
43,8392,839,train
43,8393,839,train
43,8394,839,train
43,8395,839,train
43,8396,839,train
43,8397,839,train
43,8398,839,train
43,8399,839,train
43,8400,840,train
43,8401,840,train
43,8402,840,train
43,8403,840,train
43,8404,840,train
43,8405,840,train
43,8406,840,train
43,8407,840,train
43,8408,840,train
43,8409,840,train
43,8430,843,train
43,8431,843,train
43,8432,843,train
43,8433,843,train
43,8434,843,train
43,8435,843,train
43,8436,843,train
43,8437,843,train
43,8438,843,train
43,8439,843,train
43,8440,844,train
43,8441,844,train
43,8442,844,train
43,8443,844,train
43,8444,844,train
43,8445,844,train
43,8446,844,train
43,8447,844,train
43,8448,844,train
43,8449,844,train
43,8460,846,train
43,8461,846,train
43,8462,846,train
43,8463,846,train
43,8464,846,train
43,8465,846,train
43,8466,846,train
43,8467,846,train
43,8468,846,train
43,8469,846,train
43,8550,855,train
43,8551,855,train
43,8552,855,train
43,8553,855,train
43,8554,855,train
43,8555,855,train
43,8556,855,train
43,8557,855,train
43,8558,855,train
43,8559,855,train
43,8580,858,train
43,8581,858,train
43,8582,858,train
43,8583,858,train
43,8584,858,train
43,8585,858,train
43,8586,858,train
43,8587,858,train
43,8588,858,train
43,8589,858,train
43,8590,859,train
43,8591,859,train
43,8592,859,train
43,8593,859,train
43,8594,859,train
43,8595,859,train
43,8596,859,train
43,8597,859,train
43,8598,859,train
43,8599,859,train
43,8600,860,train
43,8601,860,train
43,8602,860,train
43,8603,860,train
43,8604,860,train
43,8605,860,train
43,8606,860,train
43,8607,860,train
43,8608,860,train
43,8609,860,train
43,8620,862,train
43,8621,862,train
43,8622,862,train
43,8623,862,train
43,8624,862,train
43,8625,862,train
43,8626,862,train
43,8627,862,train
43,8628,862,train
43,8629,862,train
43,8630,863,train
43,8631,863,train
43,8632,863,train
43,8633,863,train
43,8634,863,train
43,8635,863,train
43,8636,863,train
43,8637,863,train
43,8638,863,train
43,8639,863,train
43,8640,864,train
43,8641,864,train
43,8642,864,train
43,8643,864,train
43,8644,864,train
43,8645,864,train
43,8646,864,train
43,8647,864,train
43,8648,864,train
43,8649,864,train
43,8650,865,train
43,8651,865,train
43,8652,865,train
43,8653,865,train
43,8654,865,train
43,8655,865,train
43,8656,865,train
43,8657,865,train
43,8658,865,train
43,8659,865,train
43,8660,866,train
43,8661,866,train
43,8662,866,train
43,8663,866,train
43,8664,866,train
43,8665,866,train
43,8666,866,train
43,8667,866,train
43,8668,866,train
43,8669,866,train
43,8680,868,train
43,8681,868,train
43,8682,868,train
43,8683,868,train
43,8684,868,train
43,8685,868,train
43,8686,868,train
43,8687,868,train
43,8688,868,train
43,8689,868,train
43,8710,871,train
43,8711,871,train
43,8712,871,train
43,8713,871,train
43,8714,871,train
43,8715,871,train
43,8716,871,train
43,8717,871,train
43,8718,871,train
43,8719,871,train
43,8750,875,train
43,8751,875,train
43,8752,875,train
43,8753,875,train
43,8754,875,train
43,8755,875,train
43,8756,875,train
43,8757,875,train
43,8758,875,train
43,8759,875,train
43,8760,876,train
43,8761,876,train
43,8762,876,train
43,8763,876,train
43,8764,876,train
43,8765,876,train
43,8766,876,train
43,8767,876,train
43,8768,876,train
43,8769,876,train
43,8770,877,train
43,8771,877,train
43,8772,877,train
43,8773,877,train
43,8774,877,train
43,8775,877,train
43,8776,877,train
43,8777,877,train
43,8778,877,train
43,8779,877,train
43,8780,878,train
43,8781,878,train
43,8782,878,train
43,8783,878,train
43,8784,878,train
43,8785,878,train
43,8786,878,train
43,8787,878,train
43,8788,878,train
43,8789,878,train
43,8790,879,train
43,8791,879,train
43,8792,879,train
43,8793,879,train
43,8794,879,train
43,8795,879,train
43,8796,879,train
43,8797,879,train
43,8798,879,train
43,8799,879,train
43,8800,880,train
43,8801,880,train
43,8802,880,train
43,8803,880,train
43,8804,880,train
43,8805,880,train
43,8806,880,train
43,8807,880,train
43,8808,880,train
43,8809,880,train
43,8810,881,train
43,8811,881,train
43,8812,881,train
43,8813,881,train
43,8814,881,train
43,8815,881,train
43,8816,881,train
43,8817,881,train
43,8818,881,train
43,8819,881,train
43,8830,883,train
43,8831,883,train
43,8832,883,train
43,8833,883,train
43,8834,883,train
43,8835,883,train
43,8836,883,train
43,8837,883,train
43,8838,883,train
43,8839,883,train
43,8840,884,train
43,8841,884,train
43,8842,884,train
43,8843,884,train
43,8844,884,train
43,8845,884,train
43,8846,884,train
43,8847,884,train
43,8848,884,train
43,8849,884,train
43,8850,885,train
43,8851,885,train
43,8852,885,train
43,8853,885,train
43,8854,885,train
43,8855,885,train
43,8856,885,train
43,8857,885,train
43,8858,885,train
43,8859,885,train
43,8880,888,train
43,8881,888,train
43,8882,888,train
43,8883,888,train
43,8884,888,train
43,8885,888,train
43,8886,888,train
43,8887,888,train
43,8888,888,train
43,8889,888,train
43,8890,889,train
43,8891,889,train
43,8892,889,train
43,8893,889,train
43,8894,889,train
43,8895,889,train
43,8896,889,train
43,8897,889,train
43,8898,889,train
43,8899,889,train
43,8910,891,train
43,8911,891,train
43,8912,891,train
43,8913,891,train
43,8914,891,train
43,8915,891,train
43,8916,891,train
43,8917,891,train
43,8918,891,train
43,8919,891,train
43,8920,892,train
43,8921,892,train
43,8922,892,train
43,8923,892,train
43,8924,892,train
43,8925,892,train
43,8926,892,train
43,8927,892,train
43,8928,892,train
43,8929,892,train
43,8930,893,train
43,8931,893,train
43,8932,893,train
43,8933,893,train
43,8934,893,train
43,8935,893,train
43,8936,893,train
43,8937,893,train
43,8938,893,train
43,8939,893,train
43,8940,894,train
43,8941,894,train
43,8942,894,train
43,8943,894,train
43,8944,894,train
43,8945,894,train
43,8946,894,train
43,8947,894,train
43,8948,894,train
43,8949,894,train
43,8970,897,train
43,8971,897,train
43,8972,897,train
43,8973,897,train
43,8974,897,train
43,8975,897,train
43,8976,897,train
43,8977,897,train
43,8978,897,train
43,8979,897,train
43,9010,901,train
43,9011,901,train
43,9012,901,train
43,9013,901,train
43,9014,901,train
43,9015,901,train
43,9016,901,train
43,9017,901,train
43,9018,901,train
43,9019,901,train
43,9020,902,train
43,9021,902,train
43,9022,902,train
43,9023,902,train
43,9024,902,train
43,9025,902,train
43,9026,902,train
43,9027,902,train
43,9028,902,train
43,9029,902,train
43,9040,904,train
43,9041,904,train
43,9042,904,train
43,9043,904,train
43,9044,904,train
43,9045,904,train
43,9046,904,train
43,9047,904,train
43,9048,904,train
43,9049,904,train
43,9050,905,train
43,9051,905,train
43,9052,905,train
43,9053,905,train
43,9054,905,train
43,9055,905,train
43,9056,905,train
43,9057,905,train
43,9058,905,train
43,9059,905,train
43,9060,906,train
43,9061,906,train
43,9062,906,train
43,9063,906,train
43,9064,906,train
43,9065,906,train
43,9066,906,train
43,9067,906,train
43,9068,906,train
43,9069,906,train
43,9120,912,train
43,9121,912,train
43,9122,912,train
43,9123,912,train
43,9124,912,train
43,9125,912,train
43,9126,912,train
43,9127,912,train
43,9128,912,train
43,9129,912,train
43,9140,914,train
43,9141,914,train
43,9142,914,train
43,9143,914,train
43,9144,914,train
43,9145,914,train
43,9146,914,train
43,9147,914,train
43,9148,914,train
43,9149,914,train
43,9190,919,train
43,9191,919,train
43,9192,919,train
43,9193,919,train
43,9194,919,train
43,9195,919,train
43,9196,919,train
43,9197,919,train
43,9198,919,train
43,9199,919,train
43,9200,920,train
43,9201,920,train
43,9202,920,train
43,9203,920,train
43,9204,920,train
43,9205,920,train
43,9206,920,train
43,9207,920,train
43,9208,920,train
43,9209,920,train
43,9220,922,train
43,9221,922,train
43,9222,922,train
43,9223,922,train
43,9224,922,train
43,9225,922,train
43,9226,922,train
43,9227,922,train
43,9228,922,train
43,9229,922,train
43,9240,924,train
43,9241,924,train
43,9242,924,train
43,9243,924,train
43,9244,924,train
43,9245,924,train
43,9246,924,train
43,9247,924,train
43,9248,924,train
43,9249,924,train
43,9260,926,train
43,9261,926,train
43,9262,926,train
43,9263,926,train
43,9264,926,train
43,9265,926,train
43,9266,926,train
43,9267,926,train
43,9268,926,train
43,9269,926,train
43,9270,927,train
43,9271,927,train
43,9272,927,train
43,9273,927,train
43,9274,927,train
43,9275,927,train
43,9276,927,train
43,9277,927,train
43,9278,927,train
43,9279,927,train
43,9300,930,train
43,9301,930,train
43,9302,930,train
43,9303,930,train
43,9304,930,train
43,9305,930,train
43,9306,930,train
43,9307,930,train
43,9308,930,train
43,9309,930,train
43,9320,932,train
43,9321,932,train
43,9322,932,train
43,9323,932,train
43,9324,932,train
43,9325,932,train
43,9326,932,train
43,9327,932,train
43,9328,932,train
43,9329,932,train
43,9340,934,train
43,9341,934,train
43,9342,934,train
43,9343,934,train
43,9344,934,train
43,9345,934,train
43,9346,934,train
43,9347,934,train
43,9348,934,train
43,9349,934,train
43,9350,935,train
43,9351,935,train
43,9352,935,train
43,9353,935,train
43,9354,935,train
43,9355,935,train
43,9356,935,train
43,9357,935,train
43,9358,935,train
43,9359,935,train
43,9360,936,train
43,9361,936,train
43,9362,936,train
43,9363,936,train
43,9364,936,train
43,9365,936,train
43,9366,936,train
43,9367,936,train
43,9368,936,train
43,9369,936,train
43,9390,939,train
43,9391,939,train
43,9392,939,train
43,9393,939,train
43,9394,939,train
43,9395,939,train
43,9396,939,train
43,9397,939,train
43,9398,939,train
43,9399,939,train
43,9400,940,train
43,9401,940,train
43,9402,940,train
43,9403,940,train
43,9404,940,train
43,9405,940,train
43,9406,940,train
43,9407,940,train
43,9408,940,train
43,9409,940,train
43,9410,941,train
43,9411,941,train
43,9412,941,train
43,9413,941,train
43,9414,941,train
43,9415,941,train
43,9416,941,train
43,9417,941,train
43,9418,941,train
43,9419,941,train
43,9430,943,train
43,9431,943,train
43,9432,943,train
43,9433,943,train
43,9434,943,train
43,9435,943,train
43,9436,943,train
43,9437,943,train
43,9438,943,train
43,9439,943,train
43,9440,944,train
43,9441,944,train
43,9442,944,train
43,9443,944,train
43,9444,944,train
43,9445,944,train
43,9446,944,train
43,9447,944,train
43,9448,944,train
43,9449,944,train
43,9450,945,train
43,9451,945,train
43,9452,945,train
43,9453,945,train
43,9454,945,train
43,9455,945,train
43,9456,945,train
43,9457,945,train
43,9458,945,train
43,9459,945,train
43,9460,946,train
43,9461,946,train
43,9462,946,train
43,9463,946,train
43,9464,946,train
43,9465,946,train
43,9466,946,train
43,9467,946,train
43,9468,946,train
43,9469,946,train
43,9490,949,train
43,9491,949,train
43,9492,949,train
43,9493,949,train
43,9494,949,train
43,9495,949,train
43,9496,949,train
43,9497,949,train
43,9498,949,train
43,9499,949,train
43,9500,950,train
43,9501,950,train
43,9502,950,train
43,9503,950,train
43,9504,950,train
43,9505,950,train
43,9506,950,train
43,9507,950,train
43,9508,950,train
43,9509,950,train
43,9510,951,train
43,9511,951,train
43,9512,951,train
43,9513,951,train
43,9514,951,train
43,9515,951,train
43,9516,951,train
43,9517,951,train
43,9518,951,train
43,9519,951,train
43,9530,953,train
43,9531,953,train
43,9532,953,train
43,9533,953,train
43,9534,953,train
43,9535,953,train
43,9536,953,train
43,9537,953,train
43,9538,953,train
43,9539,953,train
43,9540,954,train
43,9541,954,train
43,9542,954,train
43,9543,954,train
43,9544,954,train
43,9545,954,train
43,9546,954,train
43,9547,954,train
43,9548,954,train
43,9549,954,train
43,9560,956,train
43,9561,956,train
43,9562,956,train
43,9563,956,train
43,9564,956,train
43,9565,956,train
43,9566,956,train
43,9567,956,train
43,9568,956,train
43,9569,956,train
43,9570,957,train
43,9571,957,train
43,9572,957,train
43,9573,957,train
43,9574,957,train
43,9575,957,train
43,9576,957,train
43,9577,957,train
43,9578,957,train
43,9579,957,train
43,9580,958,train
43,9581,958,train
43,9582,958,train
43,9583,958,train
43,9584,958,train
43,9585,958,train
43,9586,958,train
43,9587,958,train
43,9588,958,train
43,9589,958,train
43,9590,959,train
43,9591,959,train
43,9592,959,train
43,9593,959,train
43,9594,959,train
43,9595,959,train
43,9596,959,train
43,9597,959,train
43,9598,959,train
43,9599,959,train
43,9610,961,train
43,9611,961,train
43,9612,961,train
43,9613,961,train
43,9614,961,train
43,9615,961,train
43,9616,961,train
43,9617,961,train
43,9618,961,train
43,9619,961,train
43,9620,962,train
43,9621,962,train
43,9622,962,train
43,9623,962,train
43,9624,962,train
43,9625,962,train
43,9626,962,train
43,9627,962,train
43,9628,962,train
43,9629,962,train
43,9630,963,train
43,9631,963,train
43,9632,963,train
43,9633,963,train
43,9634,963,train
43,9635,963,train
43,9636,963,train
43,9637,963,train
43,9638,963,train
43,9639,963,train
43,9640,964,train
43,9641,964,train
43,9642,964,train
43,9643,964,train
43,9644,964,train
43,9645,964,train
43,9646,964,train
43,9647,964,train
43,9648,964,train
43,9649,964,train
43,9650,965,train
43,9651,965,train
43,9652,965,train
43,9653,965,train
43,9654,965,train
43,9655,965,train
43,9656,965,train
43,9657,965,train
43,9658,965,train
43,9659,965,train
43,9690,969,train
43,9691,969,train
43,9692,969,train
43,9693,969,train
43,9694,969,train
43,9695,969,train
43,9696,969,train
43,9697,969,train
43,9698,969,train
43,9699,969,train
43,9700,970,train
43,9701,970,train
43,9702,970,train
43,9703,970,train
43,9704,970,train
43,9705,970,train
43,9706,970,train
43,9707,970,train
43,9708,970,train
43,9709,970,train
43,9720,972,train
43,9721,972,train
43,9722,972,train
43,9723,972,train
43,9724,972,train
43,9725,972,train
43,9726,972,train
43,9727,972,train
43,9728,972,train
43,9729,972,train
43,9730,973,train
43,9731,973,train
43,9732,973,train
43,9733,973,train
43,9734,973,train
43,9735,973,train
43,9736,973,train
43,9737,973,train
43,9738,973,train
43,9739,973,train
43,9740,974,train
43,9741,974,train
43,9742,974,train
43,9743,974,train
43,9744,974,train
43,9745,974,train
43,9746,974,train
43,9747,974,train
43,9748,974,train
43,9749,974,train
43,9760,976,train
43,9761,976,train
43,9762,976,train
43,9763,976,train
43,9764,976,train
43,9765,976,train
43,9766,976,train
43,9767,976,train
43,9768,976,train
43,9769,976,train
43,9770,977,train
43,9771,977,train
43,9772,977,train
43,9773,977,train
43,9774,977,train
43,9775,977,train
43,9776,977,train
43,9777,977,train
43,9778,977,train
43,9779,977,train
43,9790,979,train
43,9791,979,train
43,9792,979,train
43,9793,979,train
43,9794,979,train
43,9795,979,train
43,9796,979,train
43,9797,979,train
43,9798,979,train
43,9799,979,train
43,9800,980,train
43,9801,980,train
43,9802,980,train
43,9803,980,train
43,9804,980,train
43,9805,980,train
43,9806,980,train
43,9807,980,train
43,9808,980,train
43,9809,980,train
43,9810,981,train
43,9811,981,train
43,9812,981,train
43,9813,981,train
43,9814,981,train
43,9815,981,train
43,9816,981,train
43,9817,981,train
43,9818,981,train
43,9819,981,train
43,9820,982,train
43,9821,982,train
43,9822,982,train
43,9823,982,train
43,9824,982,train
43,9825,982,train
43,9826,982,train
43,9827,982,train
43,9828,982,train
43,9829,982,train
43,9840,984,train
43,9841,984,train
43,9842,984,train
43,9843,984,train
43,9844,984,train
43,9845,984,train
43,9846,984,train
43,9847,984,train
43,9848,984,train
43,9849,984,train
43,9850,985,train
43,9851,985,train
43,9852,985,train
43,9853,985,train
43,9854,985,train
43,9855,985,train
43,9856,985,train
43,9857,985,train
43,9858,985,train
43,9859,985,train
43,9860,986,train
43,9861,986,train
43,9862,986,train
43,9863,986,train
43,9864,986,train
43,9865,986,train
43,9866,986,train
43,9867,986,train
43,9868,986,train
43,9869,986,train
43,9870,987,train
43,9871,987,train
43,9872,987,train
43,9873,987,train
43,9874,987,train
43,9875,987,train
43,9876,987,train
43,9877,987,train
43,9878,987,train
43,9879,987,train
43,9910,991,train
43,9911,991,train
43,9912,991,train
43,9913,991,train
43,9914,991,train
43,9915,991,train
43,9916,991,train
43,9917,991,train
43,9918,991,train
43,9919,991,train
43,9920,992,train
43,9921,992,train
43,9922,992,train
43,9923,992,train
43,9924,992,train
43,9925,992,train
43,9926,992,train
43,9927,992,train
43,9928,992,train
43,9929,992,train
43,9940,994,train
43,9941,994,train
43,9942,994,train
43,9943,994,train
43,9944,994,train
43,9945,994,train
43,9946,994,train
43,9947,994,train
43,9948,994,train
43,9949,994,train
43,60,6,calibration
43,61,6,calibration
43,62,6,calibration
43,63,6,calibration
43,64,6,calibration
43,65,6,calibration
43,66,6,calibration
43,67,6,calibration
43,68,6,calibration
43,69,6,calibration
43,80,8,calibration
43,81,8,calibration
43,82,8,calibration
43,83,8,calibration
43,84,8,calibration
43,85,8,calibration
43,86,8,calibration
43,87,8,calibration
43,88,8,calibration
43,89,8,calibration
43,190,19,calibration
43,191,19,calibration
43,192,19,calibration
43,193,19,calibration
43,194,19,calibration
43,195,19,calibration
43,196,19,calibration
43,197,19,calibration
43,198,19,calibration
43,199,19,calibration
43,250,25,calibration
43,251,25,calibration
43,252,25,calibration
43,253,25,calibration
43,254,25,calibration
43,255,25,calibration
43,256,25,calibration
43,257,25,calibration
43,258,25,calibration
43,259,25,calibration
43,290,29,calibration
43,291,29,calibration
43,292,29,calibration
43,293,29,calibration
43,294,29,calibration
43,295,29,calibration
43,296,29,calibration
43,297,29,calibration
43,298,29,calibration
43,299,29,calibration
43,300,30,calibration
43,301,30,calibration
43,302,30,calibration
43,303,30,calibration
43,304,30,calibration
43,305,30,calibration
43,306,30,calibration
43,307,30,calibration
43,308,30,calibration
43,309,30,calibration
43,390,39,calibration
43,391,39,calibration
43,392,39,calibration
43,393,39,calibration
43,394,39,calibration
43,395,39,calibration
43,396,39,calibration
43,397,39,calibration
43,398,39,calibration
43,399,39,calibration
43,430,43,calibration
43,431,43,calibration
43,432,43,calibration
43,433,43,calibration
43,434,43,calibration
43,435,43,calibration
43,436,43,calibration
43,437,43,calibration
43,438,43,calibration
43,439,43,calibration
43,440,44,calibration
43,441,44,calibration
43,442,44,calibration
43,443,44,calibration
43,444,44,calibration
43,445,44,calibration
43,446,44,calibration
43,447,44,calibration
43,448,44,calibration
43,449,44,calibration
43,470,47,calibration
43,471,47,calibration
43,472,47,calibration
43,473,47,calibration
43,474,47,calibration
43,475,47,calibration
43,476,47,calibration
43,477,47,calibration
43,478,47,calibration
43,479,47,calibration
43,550,55,calibration
43,551,55,calibration
43,552,55,calibration
43,553,55,calibration
43,554,55,calibration
43,555,55,calibration
43,556,55,calibration
43,557,55,calibration
43,558,55,calibration
43,559,55,calibration
43,590,59,calibration
43,591,59,calibration
43,592,59,calibration
43,593,59,calibration
43,594,59,calibration
43,595,59,calibration
43,596,59,calibration
43,597,59,calibration
43,598,59,calibration
43,599,59,calibration
43,610,61,calibration
43,611,61,calibration
43,612,61,calibration
43,613,61,calibration
43,614,61,calibration
43,615,61,calibration
43,616,61,calibration
43,617,61,calibration
43,618,61,calibration
43,619,61,calibration
43,710,71,calibration
43,711,71,calibration
43,712,71,calibration
43,713,71,calibration
43,714,71,calibration
43,715,71,calibration
43,716,71,calibration
43,717,71,calibration
43,718,71,calibration
43,719,71,calibration
43,720,72,calibration
43,721,72,calibration
43,722,72,calibration
43,723,72,calibration
43,724,72,calibration
43,725,72,calibration
43,726,72,calibration
43,727,72,calibration
43,728,72,calibration
43,729,72,calibration
43,780,78,calibration
43,781,78,calibration
43,782,78,calibration
43,783,78,calibration
43,784,78,calibration
43,785,78,calibration
43,786,78,calibration
43,787,78,calibration
43,788,78,calibration
43,789,78,calibration
43,800,80,calibration
43,801,80,calibration
43,802,80,calibration
43,803,80,calibration
43,804,80,calibration
43,805,80,calibration
43,806,80,calibration
43,807,80,calibration
43,808,80,calibration
43,809,80,calibration
43,830,83,calibration
43,831,83,calibration
43,832,83,calibration
43,833,83,calibration
43,834,83,calibration
43,835,83,calibration
43,836,83,calibration
43,837,83,calibration
43,838,83,calibration
43,839,83,calibration
43,850,85,calibration
43,851,85,calibration
43,852,85,calibration
43,853,85,calibration
43,854,85,calibration
43,855,85,calibration
43,856,85,calibration
43,857,85,calibration
43,858,85,calibration
43,859,85,calibration
43,890,89,calibration
43,891,89,calibration
43,892,89,calibration
43,893,89,calibration
43,894,89,calibration
43,895,89,calibration
43,896,89,calibration
43,897,89,calibration
43,898,89,calibration
43,899,89,calibration
43,900,90,calibration
43,901,90,calibration
43,902,90,calibration
43,903,90,calibration
43,904,90,calibration
43,905,90,calibration
43,906,90,calibration
43,907,90,calibration
43,908,90,calibration
43,909,90,calibration
43,930,93,calibration
43,931,93,calibration
43,932,93,calibration
43,933,93,calibration
43,934,93,calibration
43,935,93,calibration
43,936,93,calibration
43,937,93,calibration
43,938,93,calibration
43,939,93,calibration
43,1010,101,calibration
43,1011,101,calibration
43,1012,101,calibration
43,1013,101,calibration
43,1014,101,calibration
43,1015,101,calibration
43,1016,101,calibration
43,1017,101,calibration
43,1018,101,calibration
43,1019,101,calibration
43,1090,109,calibration
43,1091,109,calibration
43,1092,109,calibration
43,1093,109,calibration
43,1094,109,calibration
43,1095,109,calibration
43,1096,109,calibration
43,1097,109,calibration
43,1098,109,calibration
43,1099,109,calibration
43,1160,116,calibration
43,1161,116,calibration
43,1162,116,calibration
43,1163,116,calibration
43,1164,116,calibration
43,1165,116,calibration
43,1166,116,calibration
43,1167,116,calibration
43,1168,116,calibration
43,1169,116,calibration
43,1260,126,calibration
43,1261,126,calibration
43,1262,126,calibration
43,1263,126,calibration
43,1264,126,calibration
43,1265,126,calibration
43,1266,126,calibration
43,1267,126,calibration
43,1268,126,calibration
43,1269,126,calibration
43,1330,133,calibration
43,1331,133,calibration
43,1332,133,calibration
43,1333,133,calibration
43,1334,133,calibration
43,1335,133,calibration
43,1336,133,calibration
43,1337,133,calibration
43,1338,133,calibration
43,1339,133,calibration
43,1400,140,calibration
43,1401,140,calibration
43,1402,140,calibration
43,1403,140,calibration
43,1404,140,calibration
43,1405,140,calibration
43,1406,140,calibration
43,1407,140,calibration
43,1408,140,calibration
43,1409,140,calibration
43,1430,143,calibration
43,1431,143,calibration
43,1432,143,calibration
43,1433,143,calibration
43,1434,143,calibration
43,1435,143,calibration
43,1436,143,calibration
43,1437,143,calibration
43,1438,143,calibration
43,1439,143,calibration
43,1470,147,calibration
43,1471,147,calibration
43,1472,147,calibration
43,1473,147,calibration
43,1474,147,calibration
43,1475,147,calibration
43,1476,147,calibration
43,1477,147,calibration
43,1478,147,calibration
43,1479,147,calibration
43,1490,149,calibration
43,1491,149,calibration
43,1492,149,calibration
43,1493,149,calibration
43,1494,149,calibration
43,1495,149,calibration
43,1496,149,calibration
43,1497,149,calibration
43,1498,149,calibration
43,1499,149,calibration
43,1510,151,calibration
43,1511,151,calibration
43,1512,151,calibration
43,1513,151,calibration
43,1514,151,calibration
43,1515,151,calibration
43,1516,151,calibration
43,1517,151,calibration
43,1518,151,calibration
43,1519,151,calibration
43,1590,159,calibration
43,1591,159,calibration
43,1592,159,calibration
43,1593,159,calibration
43,1594,159,calibration
43,1595,159,calibration
43,1596,159,calibration
43,1597,159,calibration
43,1598,159,calibration
43,1599,159,calibration
43,1600,160,calibration
43,1601,160,calibration
43,1602,160,calibration
43,1603,160,calibration
43,1604,160,calibration
43,1605,160,calibration
43,1606,160,calibration
43,1607,160,calibration
43,1608,160,calibration
43,1609,160,calibration
43,1610,161,calibration
43,1611,161,calibration
43,1612,161,calibration
43,1613,161,calibration
43,1614,161,calibration
43,1615,161,calibration
43,1616,161,calibration
43,1617,161,calibration
43,1618,161,calibration
43,1619,161,calibration
43,1630,163,calibration
43,1631,163,calibration
43,1632,163,calibration
43,1633,163,calibration
43,1634,163,calibration
43,1635,163,calibration
43,1636,163,calibration
43,1637,163,calibration
43,1638,163,calibration
43,1639,163,calibration
43,1650,165,calibration
43,1651,165,calibration
43,1652,165,calibration
43,1653,165,calibration
43,1654,165,calibration
43,1655,165,calibration
43,1656,165,calibration
43,1657,165,calibration
43,1658,165,calibration
43,1659,165,calibration
43,1730,173,calibration
43,1731,173,calibration
43,1732,173,calibration
43,1733,173,calibration
43,1734,173,calibration
43,1735,173,calibration
43,1736,173,calibration
43,1737,173,calibration
43,1738,173,calibration
43,1739,173,calibration
43,1800,180,calibration
43,1801,180,calibration
43,1802,180,calibration
43,1803,180,calibration
43,1804,180,calibration
43,1805,180,calibration
43,1806,180,calibration
43,1807,180,calibration
43,1808,180,calibration
43,1809,180,calibration
43,1850,185,calibration
43,1851,185,calibration
43,1852,185,calibration
43,1853,185,calibration
43,1854,185,calibration
43,1855,185,calibration
43,1856,185,calibration
43,1857,185,calibration
43,1858,185,calibration
43,1859,185,calibration
43,1910,191,calibration
43,1911,191,calibration
43,1912,191,calibration
43,1913,191,calibration
43,1914,191,calibration
43,1915,191,calibration
43,1916,191,calibration
43,1917,191,calibration
43,1918,191,calibration
43,1919,191,calibration
43,1960,196,calibration
43,1961,196,calibration
43,1962,196,calibration
43,1963,196,calibration
43,1964,196,calibration
43,1965,196,calibration
43,1966,196,calibration
43,1967,196,calibration
43,1968,196,calibration
43,1969,196,calibration
43,2120,212,calibration
43,2121,212,calibration
43,2122,212,calibration
43,2123,212,calibration
43,2124,212,calibration
43,2125,212,calibration
43,2126,212,calibration
43,2127,212,calibration
43,2128,212,calibration
43,2129,212,calibration
43,2230,223,calibration
43,2231,223,calibration
43,2232,223,calibration
43,2233,223,calibration
43,2234,223,calibration
43,2235,223,calibration
43,2236,223,calibration
43,2237,223,calibration
43,2238,223,calibration
43,2239,223,calibration
43,2360,236,calibration
43,2361,236,calibration
43,2362,236,calibration
43,2363,236,calibration
43,2364,236,calibration
43,2365,236,calibration
43,2366,236,calibration
43,2367,236,calibration
43,2368,236,calibration
43,2369,236,calibration
43,2370,237,calibration
43,2371,237,calibration
43,2372,237,calibration
43,2373,237,calibration
43,2374,237,calibration
43,2375,237,calibration
43,2376,237,calibration
43,2377,237,calibration
43,2378,237,calibration
43,2379,237,calibration
43,2410,241,calibration
43,2411,241,calibration
43,2412,241,calibration
43,2413,241,calibration
43,2414,241,calibration
43,2415,241,calibration
43,2416,241,calibration
43,2417,241,calibration
43,2418,241,calibration
43,2419,241,calibration
43,2440,244,calibration
43,2441,244,calibration
43,2442,244,calibration
43,2443,244,calibration
43,2444,244,calibration
43,2445,244,calibration
43,2446,244,calibration
43,2447,244,calibration
43,2448,244,calibration
43,2449,244,calibration
43,2650,265,calibration
43,2651,265,calibration
43,2652,265,calibration
43,2653,265,calibration
43,2654,265,calibration
43,2655,265,calibration
43,2656,265,calibration
43,2657,265,calibration
43,2658,265,calibration
43,2659,265,calibration
43,2710,271,calibration
43,2711,271,calibration
43,2712,271,calibration
43,2713,271,calibration
43,2714,271,calibration
43,2715,271,calibration
43,2716,271,calibration
43,2717,271,calibration
43,2718,271,calibration
43,2719,271,calibration
43,2900,290,calibration
43,2901,290,calibration
43,2902,290,calibration
43,2903,290,calibration
43,2904,290,calibration
43,2905,290,calibration
43,2906,290,calibration
43,2907,290,calibration
43,2908,290,calibration
43,2909,290,calibration
43,2930,293,calibration
43,2931,293,calibration
43,2932,293,calibration
43,2933,293,calibration
43,2934,293,calibration
43,2935,293,calibration
43,2936,293,calibration
43,2937,293,calibration
43,2938,293,calibration
43,2939,293,calibration
43,3000,300,calibration
43,3001,300,calibration
43,3002,300,calibration
43,3003,300,calibration
43,3004,300,calibration
43,3005,300,calibration
43,3006,300,calibration
43,3007,300,calibration
43,3008,300,calibration
43,3009,300,calibration
43,3080,308,calibration
43,3081,308,calibration
43,3082,308,calibration
43,3083,308,calibration
43,3084,308,calibration
43,3085,308,calibration
43,3086,308,calibration
43,3087,308,calibration
43,3088,308,calibration
43,3089,308,calibration
43,3100,310,calibration
43,3101,310,calibration
43,3102,310,calibration
43,3103,310,calibration
43,3104,310,calibration
43,3105,310,calibration
43,3106,310,calibration
43,3107,310,calibration
43,3108,310,calibration
43,3109,310,calibration
43,3190,319,calibration
43,3191,319,calibration
43,3192,319,calibration
43,3193,319,calibration
43,3194,319,calibration
43,3195,319,calibration
43,3196,319,calibration
43,3197,319,calibration
43,3198,319,calibration
43,3199,319,calibration
43,3210,321,calibration
43,3211,321,calibration
43,3212,321,calibration
43,3213,321,calibration
43,3214,321,calibration
43,3215,321,calibration
43,3216,321,calibration
43,3217,321,calibration
43,3218,321,calibration
43,3219,321,calibration
43,3230,323,calibration
43,3231,323,calibration
43,3232,323,calibration
43,3233,323,calibration
43,3234,323,calibration
43,3235,323,calibration
43,3236,323,calibration
43,3237,323,calibration
43,3238,323,calibration
43,3239,323,calibration
43,3300,330,calibration
43,3301,330,calibration
43,3302,330,calibration
43,3303,330,calibration
43,3304,330,calibration
43,3305,330,calibration
43,3306,330,calibration
43,3307,330,calibration
43,3308,330,calibration
43,3309,330,calibration
43,3320,332,calibration
43,3321,332,calibration
43,3322,332,calibration
43,3323,332,calibration
43,3324,332,calibration
43,3325,332,calibration
43,3326,332,calibration
43,3327,332,calibration
43,3328,332,calibration
43,3329,332,calibration
43,3330,333,calibration
43,3331,333,calibration
43,3332,333,calibration
43,3333,333,calibration
43,3334,333,calibration
43,3335,333,calibration
43,3336,333,calibration
43,3337,333,calibration
43,3338,333,calibration
43,3339,333,calibration
43,3340,334,calibration
43,3341,334,calibration
43,3342,334,calibration
43,3343,334,calibration
43,3344,334,calibration
43,3345,334,calibration
43,3346,334,calibration
43,3347,334,calibration
43,3348,334,calibration
43,3349,334,calibration
43,3360,336,calibration
43,3361,336,calibration
43,3362,336,calibration
43,3363,336,calibration
43,3364,336,calibration
43,3365,336,calibration
43,3366,336,calibration
43,3367,336,calibration
43,3368,336,calibration
43,3369,336,calibration
43,3420,342,calibration
43,3421,342,calibration
43,3422,342,calibration
43,3423,342,calibration
43,3424,342,calibration
43,3425,342,calibration
43,3426,342,calibration
43,3427,342,calibration
43,3428,342,calibration
43,3429,342,calibration
43,3490,349,calibration
43,3491,349,calibration
43,3492,349,calibration
43,3493,349,calibration
43,3494,349,calibration
43,3495,349,calibration
43,3496,349,calibration
43,3497,349,calibration
43,3498,349,calibration
43,3499,349,calibration
43,3610,361,calibration
43,3611,361,calibration
43,3612,361,calibration
43,3613,361,calibration
43,3614,361,calibration
43,3615,361,calibration
43,3616,361,calibration
43,3617,361,calibration
43,3618,361,calibration
43,3619,361,calibration
43,3640,364,calibration
43,3641,364,calibration
43,3642,364,calibration
43,3643,364,calibration
43,3644,364,calibration
43,3645,364,calibration
43,3646,364,calibration
43,3647,364,calibration
43,3648,364,calibration
43,3649,364,calibration
43,3650,365,calibration
43,3651,365,calibration
43,3652,365,calibration
43,3653,365,calibration
43,3654,365,calibration
43,3655,365,calibration
43,3656,365,calibration
43,3657,365,calibration
43,3658,365,calibration
43,3659,365,calibration
43,3750,375,calibration
43,3751,375,calibration
43,3752,375,calibration
43,3753,375,calibration
43,3754,375,calibration
43,3755,375,calibration
43,3756,375,calibration
43,3757,375,calibration
43,3758,375,calibration
43,3759,375,calibration
43,3770,377,calibration
43,3771,377,calibration
43,3772,377,calibration
43,3773,377,calibration
43,3774,377,calibration
43,3775,377,calibration
43,3776,377,calibration
43,3777,377,calibration
43,3778,377,calibration
43,3779,377,calibration
43,3790,379,calibration
43,3791,379,calibration
43,3792,379,calibration
43,3793,379,calibration
43,3794,379,calibration
43,3795,379,calibration
43,3796,379,calibration
43,3797,379,calibration
43,3798,379,calibration
43,3799,379,calibration
43,3800,380,calibration
43,3801,380,calibration
43,3802,380,calibration
43,3803,380,calibration
43,3804,380,calibration
43,3805,380,calibration
43,3806,380,calibration
43,3807,380,calibration
43,3808,380,calibration
43,3809,380,calibration
43,3890,389,calibration
43,3891,389,calibration
43,3892,389,calibration
43,3893,389,calibration
43,3894,389,calibration
43,3895,389,calibration
43,3896,389,calibration
43,3897,389,calibration
43,3898,389,calibration
43,3899,389,calibration
43,4100,410,calibration
43,4101,410,calibration
43,4102,410,calibration
43,4103,410,calibration
43,4104,410,calibration
43,4105,410,calibration
43,4106,410,calibration
43,4107,410,calibration
43,4108,410,calibration
43,4109,410,calibration
43,4120,412,calibration
43,4121,412,calibration
43,4122,412,calibration
43,4123,412,calibration
43,4124,412,calibration
43,4125,412,calibration
43,4126,412,calibration
43,4127,412,calibration
43,4128,412,calibration
43,4129,412,calibration
43,4130,413,calibration
43,4131,413,calibration
43,4132,413,calibration
43,4133,413,calibration
43,4134,413,calibration
43,4135,413,calibration
43,4136,413,calibration
43,4137,413,calibration
43,4138,413,calibration
43,4139,413,calibration
43,4160,416,calibration
43,4161,416,calibration
43,4162,416,calibration
43,4163,416,calibration
43,4164,416,calibration
43,4165,416,calibration
43,4166,416,calibration
43,4167,416,calibration
43,4168,416,calibration
43,4169,416,calibration
43,4170,417,calibration
43,4171,417,calibration
43,4172,417,calibration
43,4173,417,calibration
43,4174,417,calibration
43,4175,417,calibration
43,4176,417,calibration
43,4177,417,calibration
43,4178,417,calibration
43,4179,417,calibration
43,4190,419,calibration
43,4191,419,calibration
43,4192,419,calibration
43,4193,419,calibration
43,4194,419,calibration
43,4195,419,calibration
43,4196,419,calibration
43,4197,419,calibration
43,4198,419,calibration
43,4199,419,calibration
43,4220,422,calibration
43,4221,422,calibration
43,4222,422,calibration
43,4223,422,calibration
43,4224,422,calibration
43,4225,422,calibration
43,4226,422,calibration
43,4227,422,calibration
43,4228,422,calibration
43,4229,422,calibration
43,4310,431,calibration
43,4311,431,calibration
43,4312,431,calibration
43,4313,431,calibration
43,4314,431,calibration
43,4315,431,calibration
43,4316,431,calibration
43,4317,431,calibration
43,4318,431,calibration
43,4319,431,calibration
43,4320,432,calibration
43,4321,432,calibration
43,4322,432,calibration
43,4323,432,calibration
43,4324,432,calibration
43,4325,432,calibration
43,4326,432,calibration
43,4327,432,calibration
43,4328,432,calibration
43,4329,432,calibration
43,4350,435,calibration
43,4351,435,calibration
43,4352,435,calibration
43,4353,435,calibration
43,4354,435,calibration
43,4355,435,calibration
43,4356,435,calibration
43,4357,435,calibration
43,4358,435,calibration
43,4359,435,calibration
43,4370,437,calibration
43,4371,437,calibration
43,4372,437,calibration
43,4373,437,calibration
43,4374,437,calibration
43,4375,437,calibration
43,4376,437,calibration
43,4377,437,calibration
43,4378,437,calibration
43,4379,437,calibration
43,4380,438,calibration
43,4381,438,calibration
43,4382,438,calibration
43,4383,438,calibration
43,4384,438,calibration
43,4385,438,calibration
43,4386,438,calibration
43,4387,438,calibration
43,4388,438,calibration
43,4389,438,calibration
43,4410,441,calibration
43,4411,441,calibration
43,4412,441,calibration
43,4413,441,calibration
43,4414,441,calibration
43,4415,441,calibration
43,4416,441,calibration
43,4417,441,calibration
43,4418,441,calibration
43,4419,441,calibration
43,4490,449,calibration
43,4491,449,calibration
43,4492,449,calibration
43,4493,449,calibration
43,4494,449,calibration
43,4495,449,calibration
43,4496,449,calibration
43,4497,449,calibration
43,4498,449,calibration
43,4499,449,calibration
43,4530,453,calibration
43,4531,453,calibration
43,4532,453,calibration
43,4533,453,calibration
43,4534,453,calibration
43,4535,453,calibration
43,4536,453,calibration
43,4537,453,calibration
43,4538,453,calibration
43,4539,453,calibration
43,4600,460,calibration
43,4601,460,calibration
43,4602,460,calibration
43,4603,460,calibration
43,4604,460,calibration
43,4605,460,calibration
43,4606,460,calibration
43,4607,460,calibration
43,4608,460,calibration
43,4609,460,calibration
43,4620,462,calibration
43,4621,462,calibration
43,4622,462,calibration
43,4623,462,calibration
43,4624,462,calibration
43,4625,462,calibration
43,4626,462,calibration
43,4627,462,calibration
43,4628,462,calibration
43,4629,462,calibration
43,4630,463,calibration
43,4631,463,calibration
43,4632,463,calibration
43,4633,463,calibration
43,4634,463,calibration
43,4635,463,calibration
43,4636,463,calibration
43,4637,463,calibration
43,4638,463,calibration
43,4639,463,calibration
43,4750,475,calibration
43,4751,475,calibration
43,4752,475,calibration
43,4753,475,calibration
43,4754,475,calibration
43,4755,475,calibration
43,4756,475,calibration
43,4757,475,calibration
43,4758,475,calibration
43,4759,475,calibration
43,4820,482,calibration
43,4821,482,calibration
43,4822,482,calibration
43,4823,482,calibration
43,4824,482,calibration
43,4825,482,calibration
43,4826,482,calibration
43,4827,482,calibration
43,4828,482,calibration
43,4829,482,calibration
43,4840,484,calibration
43,4841,484,calibration
43,4842,484,calibration
43,4843,484,calibration
43,4844,484,calibration
43,4845,484,calibration
43,4846,484,calibration
43,4847,484,calibration
43,4848,484,calibration
43,4849,484,calibration
43,4880,488,calibration
43,4881,488,calibration
43,4882,488,calibration
43,4883,488,calibration
43,4884,488,calibration
43,4885,488,calibration
43,4886,488,calibration
43,4887,488,calibration
43,4888,488,calibration
43,4889,488,calibration
43,4890,489,calibration
43,4891,489,calibration
43,4892,489,calibration
43,4893,489,calibration
43,4894,489,calibration
43,4895,489,calibration
43,4896,489,calibration
43,4897,489,calibration
43,4898,489,calibration
43,4899,489,calibration
43,5000,500,calibration
43,5001,500,calibration
43,5002,500,calibration
43,5003,500,calibration
43,5004,500,calibration
43,5005,500,calibration
43,5006,500,calibration
43,5007,500,calibration
43,5008,500,calibration
43,5009,500,calibration
43,5030,503,calibration
43,5031,503,calibration
43,5032,503,calibration
43,5033,503,calibration
43,5034,503,calibration
43,5035,503,calibration
43,5036,503,calibration
43,5037,503,calibration
43,5038,503,calibration
43,5039,503,calibration
43,5150,515,calibration
43,5151,515,calibration
43,5152,515,calibration
43,5153,515,calibration
43,5154,515,calibration
43,5155,515,calibration
43,5156,515,calibration
43,5157,515,calibration
43,5158,515,calibration
43,5159,515,calibration
43,5360,536,calibration
43,5361,536,calibration
43,5362,536,calibration
43,5363,536,calibration
43,5364,536,calibration
43,5365,536,calibration
43,5366,536,calibration
43,5367,536,calibration
43,5368,536,calibration
43,5369,536,calibration
43,5380,538,calibration
43,5381,538,calibration
43,5382,538,calibration
43,5383,538,calibration
43,5384,538,calibration
43,5385,538,calibration
43,5386,538,calibration
43,5387,538,calibration
43,5388,538,calibration
43,5389,538,calibration
43,5410,541,calibration
43,5411,541,calibration
43,5412,541,calibration
43,5413,541,calibration
43,5414,541,calibration
43,5415,541,calibration
43,5416,541,calibration
43,5417,541,calibration
43,5418,541,calibration
43,5419,541,calibration
43,5440,544,calibration
43,5441,544,calibration
43,5442,544,calibration
43,5443,544,calibration
43,5444,544,calibration
43,5445,544,calibration
43,5446,544,calibration
43,5447,544,calibration
43,5448,544,calibration
43,5449,544,calibration
43,5460,546,calibration
43,5461,546,calibration
43,5462,546,calibration
43,5463,546,calibration
43,5464,546,calibration
43,5465,546,calibration
43,5466,546,calibration
43,5467,546,calibration
43,5468,546,calibration
43,5469,546,calibration
43,5570,557,calibration
43,5571,557,calibration
43,5572,557,calibration
43,5573,557,calibration
43,5574,557,calibration
43,5575,557,calibration
43,5576,557,calibration
43,5577,557,calibration
43,5578,557,calibration
43,5579,557,calibration
43,5580,558,calibration
43,5581,558,calibration
43,5582,558,calibration
43,5583,558,calibration
43,5584,558,calibration
43,5585,558,calibration
43,5586,558,calibration
43,5587,558,calibration
43,5588,558,calibration
43,5589,558,calibration
43,5590,559,calibration
43,5591,559,calibration
43,5592,559,calibration
43,5593,559,calibration
43,5594,559,calibration
43,5595,559,calibration
43,5596,559,calibration
43,5597,559,calibration
43,5598,559,calibration
43,5599,559,calibration
43,5640,564,calibration
43,5641,564,calibration
43,5642,564,calibration
43,5643,564,calibration
43,5644,564,calibration
43,5645,564,calibration
43,5646,564,calibration
43,5647,564,calibration
43,5648,564,calibration
43,5649,564,calibration
43,5710,571,calibration
43,5711,571,calibration
43,5712,571,calibration
43,5713,571,calibration
43,5714,571,calibration
43,5715,571,calibration
43,5716,571,calibration
43,5717,571,calibration
43,5718,571,calibration
43,5719,571,calibration
43,5750,575,calibration
43,5751,575,calibration
43,5752,575,calibration
43,5753,575,calibration
43,5754,575,calibration
43,5755,575,calibration
43,5756,575,calibration
43,5757,575,calibration
43,5758,575,calibration
43,5759,575,calibration
43,5800,580,calibration
43,5801,580,calibration
43,5802,580,calibration
43,5803,580,calibration
43,5804,580,calibration
43,5805,580,calibration
43,5806,580,calibration
43,5807,580,calibration
43,5808,580,calibration
43,5809,580,calibration
43,5860,586,calibration
43,5861,586,calibration
43,5862,586,calibration
43,5863,586,calibration
43,5864,586,calibration
43,5865,586,calibration
43,5866,586,calibration
43,5867,586,calibration
43,5868,586,calibration
43,5869,586,calibration
43,5930,593,calibration
43,5931,593,calibration
43,5932,593,calibration
43,5933,593,calibration
43,5934,593,calibration
43,5935,593,calibration
43,5936,593,calibration
43,5937,593,calibration
43,5938,593,calibration
43,5939,593,calibration
43,6020,602,calibration
43,6021,602,calibration
43,6022,602,calibration
43,6023,602,calibration
43,6024,602,calibration
43,6025,602,calibration
43,6026,602,calibration
43,6027,602,calibration
43,6028,602,calibration
43,6029,602,calibration
43,6080,608,calibration
43,6081,608,calibration
43,6082,608,calibration
43,6083,608,calibration
43,6084,608,calibration
43,6085,608,calibration
43,6086,608,calibration
43,6087,608,calibration
43,6088,608,calibration
43,6089,608,calibration
43,6240,624,calibration
43,6241,624,calibration
43,6242,624,calibration
43,6243,624,calibration
43,6244,624,calibration
43,6245,624,calibration
43,6246,624,calibration
43,6247,624,calibration
43,6248,624,calibration
43,6249,624,calibration
43,6250,625,calibration
43,6251,625,calibration
43,6252,625,calibration
43,6253,625,calibration
43,6254,625,calibration
43,6255,625,calibration
43,6256,625,calibration
43,6257,625,calibration
43,6258,625,calibration
43,6259,625,calibration
43,6280,628,calibration
43,6281,628,calibration
43,6282,628,calibration
43,6283,628,calibration
43,6284,628,calibration
43,6285,628,calibration
43,6286,628,calibration
43,6287,628,calibration
43,6288,628,calibration
43,6289,628,calibration
43,6360,636,calibration
43,6361,636,calibration
43,6362,636,calibration
43,6363,636,calibration
43,6364,636,calibration
43,6365,636,calibration
43,6366,636,calibration
43,6367,636,calibration
43,6368,636,calibration
43,6369,636,calibration
43,6390,639,calibration
43,6391,639,calibration
43,6392,639,calibration
43,6393,639,calibration
43,6394,639,calibration
43,6395,639,calibration
43,6396,639,calibration
43,6397,639,calibration
43,6398,639,calibration
43,6399,639,calibration
43,6450,645,calibration
43,6451,645,calibration
43,6452,645,calibration
43,6453,645,calibration
43,6454,645,calibration
43,6455,645,calibration
43,6456,645,calibration
43,6457,645,calibration
43,6458,645,calibration
43,6459,645,calibration
43,6500,650,calibration
43,6501,650,calibration
43,6502,650,calibration
43,6503,650,calibration
43,6504,650,calibration
43,6505,650,calibration
43,6506,650,calibration
43,6507,650,calibration
43,6508,650,calibration
43,6509,650,calibration
43,6520,652,calibration
43,6521,652,calibration
43,6522,652,calibration
43,6523,652,calibration
43,6524,652,calibration
43,6525,652,calibration
43,6526,652,calibration
43,6527,652,calibration
43,6528,652,calibration
43,6529,652,calibration
43,6530,653,calibration
43,6531,653,calibration
43,6532,653,calibration
43,6533,653,calibration
43,6534,653,calibration
43,6535,653,calibration
43,6536,653,calibration
43,6537,653,calibration
43,6538,653,calibration
43,6539,653,calibration
43,6550,655,calibration
43,6551,655,calibration
43,6552,655,calibration
43,6553,655,calibration
43,6554,655,calibration
43,6555,655,calibration
43,6556,655,calibration
43,6557,655,calibration
43,6558,655,calibration
43,6559,655,calibration
43,6560,656,calibration
43,6561,656,calibration
43,6562,656,calibration
43,6563,656,calibration
43,6564,656,calibration
43,6565,656,calibration
43,6566,656,calibration
43,6567,656,calibration
43,6568,656,calibration
43,6569,656,calibration
43,6680,668,calibration
43,6681,668,calibration
43,6682,668,calibration
43,6683,668,calibration
43,6684,668,calibration
43,6685,668,calibration
43,6686,668,calibration
43,6687,668,calibration
43,6688,668,calibration
43,6689,668,calibration
43,6700,670,calibration
43,6701,670,calibration
43,6702,670,calibration
43,6703,670,calibration
43,6704,670,calibration
43,6705,670,calibration
43,6706,670,calibration
43,6707,670,calibration
43,6708,670,calibration
43,6709,670,calibration
43,6720,672,calibration
43,6721,672,calibration
43,6722,672,calibration
43,6723,672,calibration
43,6724,672,calibration
43,6725,672,calibration
43,6726,672,calibration
43,6727,672,calibration
43,6728,672,calibration
43,6729,672,calibration
43,6730,673,calibration
43,6731,673,calibration
43,6732,673,calibration
43,6733,673,calibration
43,6734,673,calibration
43,6735,673,calibration
43,6736,673,calibration
43,6737,673,calibration
43,6738,673,calibration
43,6739,673,calibration
43,6740,674,calibration
43,6741,674,calibration
43,6742,674,calibration
43,6743,674,calibration
43,6744,674,calibration
43,6745,674,calibration
43,6746,674,calibration
43,6747,674,calibration
43,6748,674,calibration
43,6749,674,calibration
43,6810,681,calibration
43,6811,681,calibration
43,6812,681,calibration
43,6813,681,calibration
43,6814,681,calibration
43,6815,681,calibration
43,6816,681,calibration
43,6817,681,calibration
43,6818,681,calibration
43,6819,681,calibration
43,6820,682,calibration
43,6821,682,calibration
43,6822,682,calibration
43,6823,682,calibration
43,6824,682,calibration
43,6825,682,calibration
43,6826,682,calibration
43,6827,682,calibration
43,6828,682,calibration
43,6829,682,calibration
43,6830,683,calibration
43,6831,683,calibration
43,6832,683,calibration
43,6833,683,calibration
43,6834,683,calibration
43,6835,683,calibration
43,6836,683,calibration
43,6837,683,calibration
43,6838,683,calibration
43,6839,683,calibration
43,6900,690,calibration
43,6901,690,calibration
43,6902,690,calibration
43,6903,690,calibration
43,6904,690,calibration
43,6905,690,calibration
43,6906,690,calibration
43,6907,690,calibration
43,6908,690,calibration
43,6909,690,calibration
43,6980,698,calibration
43,6981,698,calibration
43,6982,698,calibration
43,6983,698,calibration
43,6984,698,calibration
43,6985,698,calibration
43,6986,698,calibration
43,6987,698,calibration
43,6988,698,calibration
43,6989,698,calibration
43,7010,701,calibration
43,7011,701,calibration
43,7012,701,calibration
43,7013,701,calibration
43,7014,701,calibration
43,7015,701,calibration
43,7016,701,calibration
43,7017,701,calibration
43,7018,701,calibration
43,7019,701,calibration
43,7020,702,calibration
43,7021,702,calibration
43,7022,702,calibration
43,7023,702,calibration
43,7024,702,calibration
43,7025,702,calibration
43,7026,702,calibration
43,7027,702,calibration
43,7028,702,calibration
43,7029,702,calibration
43,7070,707,calibration
43,7071,707,calibration
43,7072,707,calibration
43,7073,707,calibration
43,7074,707,calibration
43,7075,707,calibration
43,7076,707,calibration
43,7077,707,calibration
43,7078,707,calibration
43,7079,707,calibration
43,7160,716,calibration
43,7161,716,calibration
43,7162,716,calibration
43,7163,716,calibration
43,7164,716,calibration
43,7165,716,calibration
43,7166,716,calibration
43,7167,716,calibration
43,7168,716,calibration
43,7169,716,calibration
43,7220,722,calibration
43,7221,722,calibration
43,7222,722,calibration
43,7223,722,calibration
43,7224,722,calibration
43,7225,722,calibration
43,7226,722,calibration
43,7227,722,calibration
43,7228,722,calibration
43,7229,722,calibration
43,7230,723,calibration
43,7231,723,calibration
43,7232,723,calibration
43,7233,723,calibration
43,7234,723,calibration
43,7235,723,calibration
43,7236,723,calibration
43,7237,723,calibration
43,7238,723,calibration
43,7239,723,calibration
43,7290,729,calibration
43,7291,729,calibration
43,7292,729,calibration
43,7293,729,calibration
43,7294,729,calibration
43,7295,729,calibration
43,7296,729,calibration
43,7297,729,calibration
43,7298,729,calibration
43,7299,729,calibration
43,7410,741,calibration
43,7411,741,calibration
43,7412,741,calibration
43,7413,741,calibration
43,7414,741,calibration
43,7415,741,calibration
43,7416,741,calibration
43,7417,741,calibration
43,7418,741,calibration
43,7419,741,calibration
43,7450,745,calibration
43,7451,745,calibration
43,7452,745,calibration
43,7453,745,calibration
43,7454,745,calibration
43,7455,745,calibration
43,7456,745,calibration
43,7457,745,calibration
43,7458,745,calibration
43,7459,745,calibration
43,7460,746,calibration
43,7461,746,calibration
43,7462,746,calibration
43,7463,746,calibration
43,7464,746,calibration
43,7465,746,calibration
43,7466,746,calibration
43,7467,746,calibration
43,7468,746,calibration
43,7469,746,calibration
43,7480,748,calibration
43,7481,748,calibration
43,7482,748,calibration
43,7483,748,calibration
43,7484,748,calibration
43,7485,748,calibration
43,7486,748,calibration
43,7487,748,calibration
43,7488,748,calibration
43,7489,748,calibration
43,7490,749,calibration
43,7491,749,calibration
43,7492,749,calibration
43,7493,749,calibration
43,7494,749,calibration
43,7495,749,calibration
43,7496,749,calibration
43,7497,749,calibration
43,7498,749,calibration
43,7499,749,calibration
43,7540,754,calibration
43,7541,754,calibration
43,7542,754,calibration
43,7543,754,calibration
43,7544,754,calibration
43,7545,754,calibration
43,7546,754,calibration
43,7547,754,calibration
43,7548,754,calibration
43,7549,754,calibration
43,7550,755,calibration
43,7551,755,calibration
43,7552,755,calibration
43,7553,755,calibration
43,7554,755,calibration
43,7555,755,calibration
43,7556,755,calibration
43,7557,755,calibration
43,7558,755,calibration
43,7559,755,calibration
43,7610,761,calibration
43,7611,761,calibration
43,7612,761,calibration
43,7613,761,calibration
43,7614,761,calibration
43,7615,761,calibration
43,7616,761,calibration
43,7617,761,calibration
43,7618,761,calibration
43,7619,761,calibration
43,7630,763,calibration
43,7631,763,calibration
43,7632,763,calibration
43,7633,763,calibration
43,7634,763,calibration
43,7635,763,calibration
43,7636,763,calibration
43,7637,763,calibration
43,7638,763,calibration
43,7639,763,calibration
43,7650,765,calibration
43,7651,765,calibration
43,7652,765,calibration
43,7653,765,calibration
43,7654,765,calibration
43,7655,765,calibration
43,7656,765,calibration
43,7657,765,calibration
43,7658,765,calibration
43,7659,765,calibration
43,7680,768,calibration
43,7681,768,calibration
43,7682,768,calibration
43,7683,768,calibration
43,7684,768,calibration
43,7685,768,calibration
43,7686,768,calibration
43,7687,768,calibration
43,7688,768,calibration
43,7689,768,calibration
43,7690,769,calibration
43,7691,769,calibration
43,7692,769,calibration
43,7693,769,calibration
43,7694,769,calibration
43,7695,769,calibration
43,7696,769,calibration
43,7697,769,calibration
43,7698,769,calibration
43,7699,769,calibration
43,7720,772,calibration
43,7721,772,calibration
43,7722,772,calibration
43,7723,772,calibration
43,7724,772,calibration
43,7725,772,calibration
43,7726,772,calibration
43,7727,772,calibration
43,7728,772,calibration
43,7729,772,calibration
43,7810,781,calibration
43,7811,781,calibration
43,7812,781,calibration
43,7813,781,calibration
43,7814,781,calibration
43,7815,781,calibration
43,7816,781,calibration
43,7817,781,calibration
43,7818,781,calibration
43,7819,781,calibration
43,7870,787,calibration
43,7871,787,calibration
43,7872,787,calibration
43,7873,787,calibration
43,7874,787,calibration
43,7875,787,calibration
43,7876,787,calibration
43,7877,787,calibration
43,7878,787,calibration
43,7879,787,calibration
43,7930,793,calibration
43,7931,793,calibration
43,7932,793,calibration
43,7933,793,calibration
43,7934,793,calibration
43,7935,793,calibration
43,7936,793,calibration
43,7937,793,calibration
43,7938,793,calibration
43,7939,793,calibration
43,8060,806,calibration
43,8061,806,calibration
43,8062,806,calibration
43,8063,806,calibration
43,8064,806,calibration
43,8065,806,calibration
43,8066,806,calibration
43,8067,806,calibration
43,8068,806,calibration
43,8069,806,calibration
43,8100,810,calibration
43,8101,810,calibration
43,8102,810,calibration
43,8103,810,calibration
43,8104,810,calibration
43,8105,810,calibration
43,8106,810,calibration
43,8107,810,calibration
43,8108,810,calibration
43,8109,810,calibration
43,8140,814,calibration
43,8141,814,calibration
43,8142,814,calibration
43,8143,814,calibration
43,8144,814,calibration
43,8145,814,calibration
43,8146,814,calibration
43,8147,814,calibration
43,8148,814,calibration
43,8149,814,calibration
43,8160,816,calibration
43,8161,816,calibration
43,8162,816,calibration
43,8163,816,calibration
43,8164,816,calibration
43,8165,816,calibration
43,8166,816,calibration
43,8167,816,calibration
43,8168,816,calibration
43,8169,816,calibration
43,8210,821,calibration
43,8211,821,calibration
43,8212,821,calibration
43,8213,821,calibration
43,8214,821,calibration
43,8215,821,calibration
43,8216,821,calibration
43,8217,821,calibration
43,8218,821,calibration
43,8219,821,calibration
43,8290,829,calibration
43,8291,829,calibration
43,8292,829,calibration
43,8293,829,calibration
43,8294,829,calibration
43,8295,829,calibration
43,8296,829,calibration
43,8297,829,calibration
43,8298,829,calibration
43,8299,829,calibration
43,8320,832,calibration
43,8321,832,calibration
43,8322,832,calibration
43,8323,832,calibration
43,8324,832,calibration
43,8325,832,calibration
43,8326,832,calibration
43,8327,832,calibration
43,8328,832,calibration
43,8329,832,calibration
43,8410,841,calibration
43,8411,841,calibration
43,8412,841,calibration
43,8413,841,calibration
43,8414,841,calibration
43,8415,841,calibration
43,8416,841,calibration
43,8417,841,calibration
43,8418,841,calibration
43,8419,841,calibration
43,8420,842,calibration
43,8421,842,calibration
43,8422,842,calibration
43,8423,842,calibration
43,8424,842,calibration
43,8425,842,calibration
43,8426,842,calibration
43,8427,842,calibration
43,8428,842,calibration
43,8429,842,calibration
43,8450,845,calibration
43,8451,845,calibration
43,8452,845,calibration
43,8453,845,calibration
43,8454,845,calibration
43,8455,845,calibration
43,8456,845,calibration
43,8457,845,calibration
43,8458,845,calibration
43,8459,845,calibration
43,8490,849,calibration
43,8491,849,calibration
43,8492,849,calibration
43,8493,849,calibration
43,8494,849,calibration
43,8495,849,calibration
43,8496,849,calibration
43,8497,849,calibration
43,8498,849,calibration
43,8499,849,calibration
43,8500,850,calibration
43,8501,850,calibration
43,8502,850,calibration
43,8503,850,calibration
43,8504,850,calibration
43,8505,850,calibration
43,8506,850,calibration
43,8507,850,calibration
43,8508,850,calibration
43,8509,850,calibration
43,8510,851,calibration
43,8511,851,calibration
43,8512,851,calibration
43,8513,851,calibration
43,8514,851,calibration
43,8515,851,calibration
43,8516,851,calibration
43,8517,851,calibration
43,8518,851,calibration
43,8519,851,calibration
43,8540,854,calibration
43,8541,854,calibration
43,8542,854,calibration
43,8543,854,calibration
43,8544,854,calibration
43,8545,854,calibration
43,8546,854,calibration
43,8547,854,calibration
43,8548,854,calibration
43,8549,854,calibration
43,8560,856,calibration
43,8561,856,calibration
43,8562,856,calibration
43,8563,856,calibration
43,8564,856,calibration
43,8565,856,calibration
43,8566,856,calibration
43,8567,856,calibration
43,8568,856,calibration
43,8569,856,calibration
43,8610,861,calibration
43,8611,861,calibration
43,8612,861,calibration
43,8613,861,calibration
43,8614,861,calibration
43,8615,861,calibration
43,8616,861,calibration
43,8617,861,calibration
43,8618,861,calibration
43,8619,861,calibration
43,8670,867,calibration
43,8671,867,calibration
43,8672,867,calibration
43,8673,867,calibration
43,8674,867,calibration
43,8675,867,calibration
43,8676,867,calibration
43,8677,867,calibration
43,8678,867,calibration
43,8679,867,calibration
43,8700,870,calibration
43,8701,870,calibration
43,8702,870,calibration
43,8703,870,calibration
43,8704,870,calibration
43,8705,870,calibration
43,8706,870,calibration
43,8707,870,calibration
43,8708,870,calibration
43,8709,870,calibration
43,8730,873,calibration
43,8731,873,calibration
43,8732,873,calibration
43,8733,873,calibration
43,8734,873,calibration
43,8735,873,calibration
43,8736,873,calibration
43,8737,873,calibration
43,8738,873,calibration
43,8739,873,calibration
43,8820,882,calibration
43,8821,882,calibration
43,8822,882,calibration
43,8823,882,calibration
43,8824,882,calibration
43,8825,882,calibration
43,8826,882,calibration
43,8827,882,calibration
43,8828,882,calibration
43,8829,882,calibration
43,8860,886,calibration
43,8861,886,calibration
43,8862,886,calibration
43,8863,886,calibration
43,8864,886,calibration
43,8865,886,calibration
43,8866,886,calibration
43,8867,886,calibration
43,8868,886,calibration
43,8869,886,calibration
43,8950,895,calibration
43,8951,895,calibration
43,8952,895,calibration
43,8953,895,calibration
43,8954,895,calibration
43,8955,895,calibration
43,8956,895,calibration
43,8957,895,calibration
43,8958,895,calibration
43,8959,895,calibration
43,8960,896,calibration
43,8961,896,calibration
43,8962,896,calibration
43,8963,896,calibration
43,8964,896,calibration
43,8965,896,calibration
43,8966,896,calibration
43,8967,896,calibration
43,8968,896,calibration
43,8969,896,calibration
43,8980,898,calibration
43,8981,898,calibration
43,8982,898,calibration
43,8983,898,calibration
43,8984,898,calibration
43,8985,898,calibration
43,8986,898,calibration
43,8987,898,calibration
43,8988,898,calibration
43,8989,898,calibration
43,9030,903,calibration
43,9031,903,calibration
43,9032,903,calibration
43,9033,903,calibration
43,9034,903,calibration
43,9035,903,calibration
43,9036,903,calibration
43,9037,903,calibration
43,9038,903,calibration
43,9039,903,calibration
43,9090,909,calibration
43,9091,909,calibration
43,9092,909,calibration
43,9093,909,calibration
43,9094,909,calibration
43,9095,909,calibration
43,9096,909,calibration
43,9097,909,calibration
43,9098,909,calibration
43,9099,909,calibration
43,9170,917,calibration
43,9171,917,calibration
43,9172,917,calibration
43,9173,917,calibration
43,9174,917,calibration
43,9175,917,calibration
43,9176,917,calibration
43,9177,917,calibration
43,9178,917,calibration
43,9179,917,calibration
43,9230,923,calibration
43,9231,923,calibration
43,9232,923,calibration
43,9233,923,calibration
43,9234,923,calibration
43,9235,923,calibration
43,9236,923,calibration
43,9237,923,calibration
43,9238,923,calibration
43,9239,923,calibration
43,9250,925,calibration
43,9251,925,calibration
43,9252,925,calibration
43,9253,925,calibration
43,9254,925,calibration
43,9255,925,calibration
43,9256,925,calibration
43,9257,925,calibration
43,9258,925,calibration
43,9259,925,calibration
43,9280,928,calibration
43,9281,928,calibration
43,9282,928,calibration
43,9283,928,calibration
43,9284,928,calibration
43,9285,928,calibration
43,9286,928,calibration
43,9287,928,calibration
43,9288,928,calibration
43,9289,928,calibration
43,9330,933,calibration
43,9331,933,calibration
43,9332,933,calibration
43,9333,933,calibration
43,9334,933,calibration
43,9335,933,calibration
43,9336,933,calibration
43,9337,933,calibration
43,9338,933,calibration
43,9339,933,calibration
43,9480,948,calibration
43,9481,948,calibration
43,9482,948,calibration
43,9483,948,calibration
43,9484,948,calibration
43,9485,948,calibration
43,9486,948,calibration
43,9487,948,calibration
43,9488,948,calibration
43,9489,948,calibration
43,9520,952,calibration
43,9521,952,calibration
43,9522,952,calibration
43,9523,952,calibration
43,9524,952,calibration
43,9525,952,calibration
43,9526,952,calibration
43,9527,952,calibration
43,9528,952,calibration
43,9529,952,calibration
43,9550,955,calibration
43,9551,955,calibration
43,9552,955,calibration
43,9553,955,calibration
43,9554,955,calibration
43,9555,955,calibration
43,9556,955,calibration
43,9557,955,calibration
43,9558,955,calibration
43,9559,955,calibration
43,9600,960,calibration
43,9601,960,calibration
43,9602,960,calibration
43,9603,960,calibration
43,9604,960,calibration
43,9605,960,calibration
43,9606,960,calibration
43,9607,960,calibration
43,9608,960,calibration
43,9609,960,calibration
43,9660,966,calibration
43,9661,966,calibration
43,9662,966,calibration
43,9663,966,calibration
43,9664,966,calibration
43,9665,966,calibration
43,9666,966,calibration
43,9667,966,calibration
43,9668,966,calibration
43,9669,966,calibration
43,9670,967,calibration
43,9671,967,calibration
43,9672,967,calibration
43,9673,967,calibration
43,9674,967,calibration
43,9675,967,calibration
43,9676,967,calibration
43,9677,967,calibration
43,9678,967,calibration
43,9679,967,calibration
43,9680,968,calibration
43,9681,968,calibration
43,9682,968,calibration
43,9683,968,calibration
43,9684,968,calibration
43,9685,968,calibration
43,9686,968,calibration
43,9687,968,calibration
43,9688,968,calibration
43,9689,968,calibration
43,9890,989,calibration
43,9891,989,calibration
43,9892,989,calibration
43,9893,989,calibration
43,9894,989,calibration
43,9895,989,calibration
43,9896,989,calibration
43,9897,989,calibration
43,9898,989,calibration
43,9899,989,calibration
43,9950,995,calibration
43,9951,995,calibration
43,9952,995,calibration
43,9953,995,calibration
43,9954,995,calibration
43,9955,995,calibration
43,9956,995,calibration
43,9957,995,calibration
43,9958,995,calibration
43,9959,995,calibration
43,9980,998,calibration
43,9981,998,calibration
43,9982,998,calibration
43,9983,998,calibration
43,9984,998,calibration
43,9985,998,calibration
43,9986,998,calibration
43,9987,998,calibration
43,9988,998,calibration
43,9989,998,calibration
43,0,0,test
43,1,0,test
43,2,0,test
43,3,0,test
43,4,0,test
43,5,0,test
43,6,0,test
43,7,0,test
43,8,0,test
43,9,0,test
43,10,1,test
43,11,1,test
43,12,1,test
43,13,1,test
43,14,1,test
43,15,1,test
43,16,1,test
43,17,1,test
43,18,1,test
43,19,1,test
43,40,4,test
43,41,4,test
43,42,4,test
43,43,4,test
43,44,4,test
43,45,4,test
43,46,4,test
43,47,4,test
43,48,4,test
43,49,4,test
43,110,11,test
43,111,11,test
43,112,11,test
43,113,11,test
43,114,11,test
43,115,11,test
43,116,11,test
43,117,11,test
43,118,11,test
43,119,11,test
43,120,12,test
43,121,12,test
43,122,12,test
43,123,12,test
43,124,12,test
43,125,12,test
43,126,12,test
43,127,12,test
43,128,12,test
43,129,12,test
43,170,17,test
43,171,17,test
43,172,17,test
43,173,17,test
43,174,17,test
43,175,17,test
43,176,17,test
43,177,17,test
43,178,17,test
43,179,17,test
43,230,23,test
43,231,23,test
43,232,23,test
43,233,23,test
43,234,23,test
43,235,23,test
43,236,23,test
43,237,23,test
43,238,23,test
43,239,23,test
43,240,24,test
43,241,24,test
43,242,24,test
43,243,24,test
43,244,24,test
43,245,24,test
43,246,24,test
43,247,24,test
43,248,24,test
43,249,24,test
43,310,31,test
43,311,31,test
43,312,31,test
43,313,31,test
43,314,31,test
43,315,31,test
43,316,31,test
43,317,31,test
43,318,31,test
43,319,31,test
43,320,32,test
43,321,32,test
43,322,32,test
43,323,32,test
43,324,32,test
43,325,32,test
43,326,32,test
43,327,32,test
43,328,32,test
43,329,32,test
43,350,35,test
43,351,35,test
43,352,35,test
43,353,35,test
43,354,35,test
43,355,35,test
43,356,35,test
43,357,35,test
43,358,35,test
43,359,35,test
43,380,38,test
43,381,38,test
43,382,38,test
43,383,38,test
43,384,38,test
43,385,38,test
43,386,38,test
43,387,38,test
43,388,38,test
43,389,38,test
43,420,42,test
43,421,42,test
43,422,42,test
43,423,42,test
43,424,42,test
43,425,42,test
43,426,42,test
43,427,42,test
43,428,42,test
43,429,42,test
43,490,49,test
43,491,49,test
43,492,49,test
43,493,49,test
43,494,49,test
43,495,49,test
43,496,49,test
43,497,49,test
43,498,49,test
43,499,49,test
43,540,54,test
43,541,54,test
43,542,54,test
43,543,54,test
43,544,54,test
43,545,54,test
43,546,54,test
43,547,54,test
43,548,54,test
43,549,54,test
43,570,57,test
43,571,57,test
43,572,57,test
43,573,57,test
43,574,57,test
43,575,57,test
43,576,57,test
43,577,57,test
43,578,57,test
43,579,57,test
43,630,63,test
43,631,63,test
43,632,63,test
43,633,63,test
43,634,63,test
43,635,63,test
43,636,63,test
43,637,63,test
43,638,63,test
43,639,63,test
43,650,65,test
43,651,65,test
43,652,65,test
43,653,65,test
43,654,65,test
43,655,65,test
43,656,65,test
43,657,65,test
43,658,65,test
43,659,65,test
43,680,68,test
43,681,68,test
43,682,68,test
43,683,68,test
43,684,68,test
43,685,68,test
43,686,68,test
43,687,68,test
43,688,68,test
43,689,68,test
43,700,70,test
43,701,70,test
43,702,70,test
43,703,70,test
43,704,70,test
43,705,70,test
43,706,70,test
43,707,70,test
43,708,70,test
43,709,70,test
43,740,74,test
43,741,74,test
43,742,74,test
43,743,74,test
43,744,74,test
43,745,74,test
43,746,74,test
43,747,74,test
43,748,74,test
43,749,74,test
43,760,76,test
43,761,76,test
43,762,76,test
43,763,76,test
43,764,76,test
43,765,76,test
43,766,76,test
43,767,76,test
43,768,76,test
43,769,76,test
43,840,84,test
43,841,84,test
43,842,84,test
43,843,84,test
43,844,84,test
43,845,84,test
43,846,84,test
43,847,84,test
43,848,84,test
43,849,84,test
43,910,91,test
43,911,91,test
43,912,91,test
43,913,91,test
43,914,91,test
43,915,91,test
43,916,91,test
43,917,91,test
43,918,91,test
43,919,91,test
43,920,92,test
43,921,92,test
43,922,92,test
43,923,92,test
43,924,92,test
43,925,92,test
43,926,92,test
43,927,92,test
43,928,92,test
43,929,92,test
43,940,94,test
43,941,94,test
43,942,94,test
43,943,94,test
43,944,94,test
43,945,94,test
43,946,94,test
43,947,94,test
43,948,94,test
43,949,94,test
43,950,95,test
43,951,95,test
43,952,95,test
43,953,95,test
43,954,95,test
43,955,95,test
43,956,95,test
43,957,95,test
43,958,95,test
43,959,95,test
43,970,97,test
43,971,97,test
43,972,97,test
43,973,97,test
43,974,97,test
43,975,97,test
43,976,97,test
43,977,97,test
43,978,97,test
43,979,97,test
43,1020,102,test
43,1021,102,test
43,1022,102,test
43,1023,102,test
43,1024,102,test
43,1025,102,test
43,1026,102,test
43,1027,102,test
43,1028,102,test
43,1029,102,test
43,1030,103,test
43,1031,103,test
43,1032,103,test
43,1033,103,test
43,1034,103,test
43,1035,103,test
43,1036,103,test
43,1037,103,test
43,1038,103,test
43,1039,103,test
43,1060,106,test
43,1061,106,test
43,1062,106,test
43,1063,106,test
43,1064,106,test
43,1065,106,test
43,1066,106,test
43,1067,106,test
43,1068,106,test
43,1069,106,test
43,1220,122,test
43,1221,122,test
43,1222,122,test
43,1223,122,test
43,1224,122,test
43,1225,122,test
43,1226,122,test
43,1227,122,test
43,1228,122,test
43,1229,122,test
43,1320,132,test
43,1321,132,test
43,1322,132,test
43,1323,132,test
43,1324,132,test
43,1325,132,test
43,1326,132,test
43,1327,132,test
43,1328,132,test
43,1329,132,test
43,1350,135,test
43,1351,135,test
43,1352,135,test
43,1353,135,test
43,1354,135,test
43,1355,135,test
43,1356,135,test
43,1357,135,test
43,1358,135,test
43,1359,135,test
43,1420,142,test
43,1421,142,test
43,1422,142,test
43,1423,142,test
43,1424,142,test
43,1425,142,test
43,1426,142,test
43,1427,142,test
43,1428,142,test
43,1429,142,test
43,1440,144,test
43,1441,144,test
43,1442,144,test
43,1443,144,test
43,1444,144,test
43,1445,144,test
43,1446,144,test
43,1447,144,test
43,1448,144,test
43,1449,144,test
43,1450,145,test
43,1451,145,test
43,1452,145,test
43,1453,145,test
43,1454,145,test
43,1455,145,test
43,1456,145,test
43,1457,145,test
43,1458,145,test
43,1459,145,test
43,1500,150,test
43,1501,150,test
43,1502,150,test
43,1503,150,test
43,1504,150,test
43,1505,150,test
43,1506,150,test
43,1507,150,test
43,1508,150,test
43,1509,150,test
43,1520,152,test
43,1521,152,test
43,1522,152,test
43,1523,152,test
43,1524,152,test
43,1525,152,test
43,1526,152,test
43,1527,152,test
43,1528,152,test
43,1529,152,test
43,1540,154,test
43,1541,154,test
43,1542,154,test
43,1543,154,test
43,1544,154,test
43,1545,154,test
43,1546,154,test
43,1547,154,test
43,1548,154,test
43,1549,154,test
43,1570,157,test
43,1571,157,test
43,1572,157,test
43,1573,157,test
43,1574,157,test
43,1575,157,test
43,1576,157,test
43,1577,157,test
43,1578,157,test
43,1579,157,test
43,1660,166,test
43,1661,166,test
43,1662,166,test
43,1663,166,test
43,1664,166,test
43,1665,166,test
43,1666,166,test
43,1667,166,test
43,1668,166,test
43,1669,166,test
43,1670,167,test
43,1671,167,test
43,1672,167,test
43,1673,167,test
43,1674,167,test
43,1675,167,test
43,1676,167,test
43,1677,167,test
43,1678,167,test
43,1679,167,test
43,1720,172,test
43,1721,172,test
43,1722,172,test
43,1723,172,test
43,1724,172,test
43,1725,172,test
43,1726,172,test
43,1727,172,test
43,1728,172,test
43,1729,172,test
43,1810,181,test
43,1811,181,test
43,1812,181,test
43,1813,181,test
43,1814,181,test
43,1815,181,test
43,1816,181,test
43,1817,181,test
43,1818,181,test
43,1819,181,test
43,1820,182,test
43,1821,182,test
43,1822,182,test
43,1823,182,test
43,1824,182,test
43,1825,182,test
43,1826,182,test
43,1827,182,test
43,1828,182,test
43,1829,182,test
43,1840,184,test
43,1841,184,test
43,1842,184,test
43,1843,184,test
43,1844,184,test
43,1845,184,test
43,1846,184,test
43,1847,184,test
43,1848,184,test
43,1849,184,test
43,1860,186,test
43,1861,186,test
43,1862,186,test
43,1863,186,test
43,1864,186,test
43,1865,186,test
43,1866,186,test
43,1867,186,test
43,1868,186,test
43,1869,186,test
43,1920,192,test
43,1921,192,test
43,1922,192,test
43,1923,192,test
43,1924,192,test
43,1925,192,test
43,1926,192,test
43,1927,192,test
43,1928,192,test
43,1929,192,test
43,2080,208,test
43,2081,208,test
43,2082,208,test
43,2083,208,test
43,2084,208,test
43,2085,208,test
43,2086,208,test
43,2087,208,test
43,2088,208,test
43,2089,208,test
43,2190,219,test
43,2191,219,test
43,2192,219,test
43,2193,219,test
43,2194,219,test
43,2195,219,test
43,2196,219,test
43,2197,219,test
43,2198,219,test
43,2199,219,test
43,2250,225,test
43,2251,225,test
43,2252,225,test
43,2253,225,test
43,2254,225,test
43,2255,225,test
43,2256,225,test
43,2257,225,test
43,2258,225,test
43,2259,225,test
43,2280,228,test
43,2281,228,test
43,2282,228,test
43,2283,228,test
43,2284,228,test
43,2285,228,test
43,2286,228,test
43,2287,228,test
43,2288,228,test
43,2289,228,test
43,2300,230,test
43,2301,230,test
43,2302,230,test
43,2303,230,test
43,2304,230,test
43,2305,230,test
43,2306,230,test
43,2307,230,test
43,2308,230,test
43,2309,230,test
43,2320,232,test
43,2321,232,test
43,2322,232,test
43,2323,232,test
43,2324,232,test
43,2325,232,test
43,2326,232,test
43,2327,232,test
43,2328,232,test
43,2329,232,test
43,2460,246,test
43,2461,246,test
43,2462,246,test
43,2463,246,test
43,2464,246,test
43,2465,246,test
43,2466,246,test
43,2467,246,test
43,2468,246,test
43,2469,246,test
43,2490,249,test
43,2491,249,test
43,2492,249,test
43,2493,249,test
43,2494,249,test
43,2495,249,test
43,2496,249,test
43,2497,249,test
43,2498,249,test
43,2499,249,test
43,2540,254,test
43,2541,254,test
43,2542,254,test
43,2543,254,test
43,2544,254,test
43,2545,254,test
43,2546,254,test
43,2547,254,test
43,2548,254,test
43,2549,254,test
43,2550,255,test
43,2551,255,test
43,2552,255,test
43,2553,255,test
43,2554,255,test
43,2555,255,test
43,2556,255,test
43,2557,255,test
43,2558,255,test
43,2559,255,test
43,2600,260,test
43,2601,260,test
43,2602,260,test
43,2603,260,test
43,2604,260,test
43,2605,260,test
43,2606,260,test
43,2607,260,test
43,2608,260,test
43,2609,260,test
43,2670,267,test
43,2671,267,test
43,2672,267,test
43,2673,267,test
43,2674,267,test
43,2675,267,test
43,2676,267,test
43,2677,267,test
43,2678,267,test
43,2679,267,test
43,2770,277,test
43,2771,277,test
43,2772,277,test
43,2773,277,test
43,2774,277,test
43,2775,277,test
43,2776,277,test
43,2777,277,test
43,2778,277,test
43,2779,277,test
43,2790,279,test
43,2791,279,test
43,2792,279,test
43,2793,279,test
43,2794,279,test
43,2795,279,test
43,2796,279,test
43,2797,279,test
43,2798,279,test
43,2799,279,test
43,2840,284,test
43,2841,284,test
43,2842,284,test
43,2843,284,test
43,2844,284,test
43,2845,284,test
43,2846,284,test
43,2847,284,test
43,2848,284,test
43,2849,284,test
43,2850,285,test
43,2851,285,test
43,2852,285,test
43,2853,285,test
43,2854,285,test
43,2855,285,test
43,2856,285,test
43,2857,285,test
43,2858,285,test
43,2859,285,test
43,2990,299,test
43,2991,299,test
43,2992,299,test
43,2993,299,test
43,2994,299,test
43,2995,299,test
43,2996,299,test
43,2997,299,test
43,2998,299,test
43,2999,299,test
43,3010,301,test
43,3011,301,test
43,3012,301,test
43,3013,301,test
43,3014,301,test
43,3015,301,test
43,3016,301,test
43,3017,301,test
43,3018,301,test
43,3019,301,test
43,3070,307,test
43,3071,307,test
43,3072,307,test
43,3073,307,test
43,3074,307,test
43,3075,307,test
43,3076,307,test
43,3077,307,test
43,3078,307,test
43,3079,307,test
43,3110,311,test
43,3111,311,test
43,3112,311,test
43,3113,311,test
43,3114,311,test
43,3115,311,test
43,3116,311,test
43,3117,311,test
43,3118,311,test
43,3119,311,test
43,3130,313,test
43,3131,313,test
43,3132,313,test
43,3133,313,test
43,3134,313,test
43,3135,313,test
43,3136,313,test
43,3137,313,test
43,3138,313,test
43,3139,313,test
43,3140,314,test
43,3141,314,test
43,3142,314,test
43,3143,314,test
43,3144,314,test
43,3145,314,test
43,3146,314,test
43,3147,314,test
43,3148,314,test
43,3149,314,test
43,3160,316,test
43,3161,316,test
43,3162,316,test
43,3163,316,test
43,3164,316,test
43,3165,316,test
43,3166,316,test
43,3167,316,test
43,3168,316,test
43,3169,316,test
43,3170,317,test
43,3171,317,test
43,3172,317,test
43,3173,317,test
43,3174,317,test
43,3175,317,test
43,3176,317,test
43,3177,317,test
43,3178,317,test
43,3179,317,test
43,3200,320,test
43,3201,320,test
43,3202,320,test
43,3203,320,test
43,3204,320,test
43,3205,320,test
43,3206,320,test
43,3207,320,test
43,3208,320,test
43,3209,320,test
43,3400,340,test
43,3401,340,test
43,3402,340,test
43,3403,340,test
43,3404,340,test
43,3405,340,test
43,3406,340,test
43,3407,340,test
43,3408,340,test
43,3409,340,test
43,3440,344,test
43,3441,344,test
43,3442,344,test
43,3443,344,test
43,3444,344,test
43,3445,344,test
43,3446,344,test
43,3447,344,test
43,3448,344,test
43,3449,344,test
43,3470,347,test
43,3471,347,test
43,3472,347,test
43,3473,347,test
43,3474,347,test
43,3475,347,test
43,3476,347,test
43,3477,347,test
43,3478,347,test
43,3479,347,test
43,3500,350,test
43,3501,350,test
43,3502,350,test
43,3503,350,test
43,3504,350,test
43,3505,350,test
43,3506,350,test
43,3507,350,test
43,3508,350,test
43,3509,350,test
43,3520,352,test
43,3521,352,test
43,3522,352,test
43,3523,352,test
43,3524,352,test
43,3525,352,test
43,3526,352,test
43,3527,352,test
43,3528,352,test
43,3529,352,test
43,3540,354,test
43,3541,354,test
43,3542,354,test
43,3543,354,test
43,3544,354,test
43,3545,354,test
43,3546,354,test
43,3547,354,test
43,3548,354,test
43,3549,354,test
43,3560,356,test
43,3561,356,test
43,3562,356,test
43,3563,356,test
43,3564,356,test
43,3565,356,test
43,3566,356,test
43,3567,356,test
43,3568,356,test
43,3569,356,test
43,3700,370,test
43,3701,370,test
43,3702,370,test
43,3703,370,test
43,3704,370,test
43,3705,370,test
43,3706,370,test
43,3707,370,test
43,3708,370,test
43,3709,370,test
43,3710,371,test
43,3711,371,test
43,3712,371,test
43,3713,371,test
43,3714,371,test
43,3715,371,test
43,3716,371,test
43,3717,371,test
43,3718,371,test
43,3719,371,test
43,3720,372,test
43,3721,372,test
43,3722,372,test
43,3723,372,test
43,3724,372,test
43,3725,372,test
43,3726,372,test
43,3727,372,test
43,3728,372,test
43,3729,372,test
43,3840,384,test
43,3841,384,test
43,3842,384,test
43,3843,384,test
43,3844,384,test
43,3845,384,test
43,3846,384,test
43,3847,384,test
43,3848,384,test
43,3849,384,test
43,3870,387,test
43,3871,387,test
43,3872,387,test
43,3873,387,test
43,3874,387,test
43,3875,387,test
43,3876,387,test
43,3877,387,test
43,3878,387,test
43,3879,387,test
43,3910,391,test
43,3911,391,test
43,3912,391,test
43,3913,391,test
43,3914,391,test
43,3915,391,test
43,3916,391,test
43,3917,391,test
43,3918,391,test
43,3919,391,test
43,3940,394,test
43,3941,394,test
43,3942,394,test
43,3943,394,test
43,3944,394,test
43,3945,394,test
43,3946,394,test
43,3947,394,test
43,3948,394,test
43,3949,394,test
43,3960,396,test
43,3961,396,test
43,3962,396,test
43,3963,396,test
43,3964,396,test
43,3965,396,test
43,3966,396,test
43,3967,396,test
43,3968,396,test
43,3969,396,test
43,3980,398,test
43,3981,398,test
43,3982,398,test
43,3983,398,test
43,3984,398,test
43,3985,398,test
43,3986,398,test
43,3987,398,test
43,3988,398,test
43,3989,398,test
43,4010,401,test
43,4011,401,test
43,4012,401,test
43,4013,401,test
43,4014,401,test
43,4015,401,test
43,4016,401,test
43,4017,401,test
43,4018,401,test
43,4019,401,test
43,4150,415,test
43,4151,415,test
43,4152,415,test
43,4153,415,test
43,4154,415,test
43,4155,415,test
43,4156,415,test
43,4157,415,test
43,4158,415,test
43,4159,415,test
43,4270,427,test
43,4271,427,test
43,4272,427,test
43,4273,427,test
43,4274,427,test
43,4275,427,test
43,4276,427,test
43,4277,427,test
43,4278,427,test
43,4279,427,test
43,4290,429,test
43,4291,429,test
43,4292,429,test
43,4293,429,test
43,4294,429,test
43,4295,429,test
43,4296,429,test
43,4297,429,test
43,4298,429,test
43,4299,429,test
43,4300,430,test
43,4301,430,test
43,4302,430,test
43,4303,430,test
43,4304,430,test
43,4305,430,test
43,4306,430,test
43,4307,430,test
43,4308,430,test
43,4309,430,test
43,4330,433,test
43,4331,433,test
43,4332,433,test
43,4333,433,test
43,4334,433,test
43,4335,433,test
43,4336,433,test
43,4337,433,test
43,4338,433,test
43,4339,433,test
43,4390,439,test
43,4391,439,test
43,4392,439,test
43,4393,439,test
43,4394,439,test
43,4395,439,test
43,4396,439,test
43,4397,439,test
43,4398,439,test
43,4399,439,test
43,4430,443,test
43,4431,443,test
43,4432,443,test
43,4433,443,test
43,4434,443,test
43,4435,443,test
43,4436,443,test
43,4437,443,test
43,4438,443,test
43,4439,443,test
43,4460,446,test
43,4461,446,test
43,4462,446,test
43,4463,446,test
43,4464,446,test
43,4465,446,test
43,4466,446,test
43,4467,446,test
43,4468,446,test
43,4469,446,test
43,4560,456,test
43,4561,456,test
43,4562,456,test
43,4563,456,test
43,4564,456,test
43,4565,456,test
43,4566,456,test
43,4567,456,test
43,4568,456,test
43,4569,456,test
43,4650,465,test
43,4651,465,test
43,4652,465,test
43,4653,465,test
43,4654,465,test
43,4655,465,test
43,4656,465,test
43,4657,465,test
43,4658,465,test
43,4659,465,test
43,4690,469,test
43,4691,469,test
43,4692,469,test
43,4693,469,test
43,4694,469,test
43,4695,469,test
43,4696,469,test
43,4697,469,test
43,4698,469,test
43,4699,469,test
43,4710,471,test
43,4711,471,test
43,4712,471,test
43,4713,471,test
43,4714,471,test
43,4715,471,test
43,4716,471,test
43,4717,471,test
43,4718,471,test
43,4719,471,test
43,4810,481,test
43,4811,481,test
43,4812,481,test
43,4813,481,test
43,4814,481,test
43,4815,481,test
43,4816,481,test
43,4817,481,test
43,4818,481,test
43,4819,481,test
43,4830,483,test
43,4831,483,test
43,4832,483,test
43,4833,483,test
43,4834,483,test
43,4835,483,test
43,4836,483,test
43,4837,483,test
43,4838,483,test
43,4839,483,test
43,4910,491,test
43,4911,491,test
43,4912,491,test
43,4913,491,test
43,4914,491,test
43,4915,491,test
43,4916,491,test
43,4917,491,test
43,4918,491,test
43,4919,491,test
43,4940,494,test
43,4941,494,test
43,4942,494,test
43,4943,494,test
43,4944,494,test
43,4945,494,test
43,4946,494,test
43,4947,494,test
43,4948,494,test
43,4949,494,test
43,5020,502,test
43,5021,502,test
43,5022,502,test
43,5023,502,test
43,5024,502,test
43,5025,502,test
43,5026,502,test
43,5027,502,test
43,5028,502,test
43,5029,502,test
43,5080,508,test
43,5081,508,test
43,5082,508,test
43,5083,508,test
43,5084,508,test
43,5085,508,test
43,5086,508,test
43,5087,508,test
43,5088,508,test
43,5089,508,test
43,5180,518,test
43,5181,518,test
43,5182,518,test
43,5183,518,test
43,5184,518,test
43,5185,518,test
43,5186,518,test
43,5187,518,test
43,5188,518,test
43,5189,518,test
43,5200,520,test
43,5201,520,test
43,5202,520,test
43,5203,520,test
43,5204,520,test
43,5205,520,test
43,5206,520,test
43,5207,520,test
43,5208,520,test
43,5209,520,test
43,5210,521,test
43,5211,521,test
43,5212,521,test
43,5213,521,test
43,5214,521,test
43,5215,521,test
43,5216,521,test
43,5217,521,test
43,5218,521,test
43,5219,521,test
43,5220,522,test
43,5221,522,test
43,5222,522,test
43,5223,522,test
43,5224,522,test
43,5225,522,test
43,5226,522,test
43,5227,522,test
43,5228,522,test
43,5229,522,test
43,5270,527,test
43,5271,527,test
43,5272,527,test
43,5273,527,test
43,5274,527,test
43,5275,527,test
43,5276,527,test
43,5277,527,test
43,5278,527,test
43,5279,527,test
43,5280,528,test
43,5281,528,test
43,5282,528,test
43,5283,528,test
43,5284,528,test
43,5285,528,test
43,5286,528,test
43,5287,528,test
43,5288,528,test
43,5289,528,test
43,5290,529,test
43,5291,529,test
43,5292,529,test
43,5293,529,test
43,5294,529,test
43,5295,529,test
43,5296,529,test
43,5297,529,test
43,5298,529,test
43,5299,529,test
43,5310,531,test
43,5311,531,test
43,5312,531,test
43,5313,531,test
43,5314,531,test
43,5315,531,test
43,5316,531,test
43,5317,531,test
43,5318,531,test
43,5319,531,test
43,5330,533,test
43,5331,533,test
43,5332,533,test
43,5333,533,test
43,5334,533,test
43,5335,533,test
43,5336,533,test
43,5337,533,test
43,5338,533,test
43,5339,533,test
43,5390,539,test
43,5391,539,test
43,5392,539,test
43,5393,539,test
43,5394,539,test
43,5395,539,test
43,5396,539,test
43,5397,539,test
43,5398,539,test
43,5399,539,test
43,5500,550,test
43,5501,550,test
43,5502,550,test
43,5503,550,test
43,5504,550,test
43,5505,550,test
43,5506,550,test
43,5507,550,test
43,5508,550,test
43,5509,550,test
43,5550,555,test
43,5551,555,test
43,5552,555,test
43,5553,555,test
43,5554,555,test
43,5555,555,test
43,5556,555,test
43,5557,555,test
43,5558,555,test
43,5559,555,test
43,5650,565,test
43,5651,565,test
43,5652,565,test
43,5653,565,test
43,5654,565,test
43,5655,565,test
43,5656,565,test
43,5657,565,test
43,5658,565,test
43,5659,565,test
43,5680,568,test
43,5681,568,test
43,5682,568,test
43,5683,568,test
43,5684,568,test
43,5685,568,test
43,5686,568,test
43,5687,568,test
43,5688,568,test
43,5689,568,test
43,5720,572,test
43,5721,572,test
43,5722,572,test
43,5723,572,test
43,5724,572,test
43,5725,572,test
43,5726,572,test
43,5727,572,test
43,5728,572,test
43,5729,572,test
43,5760,576,test
43,5761,576,test
43,5762,576,test
43,5763,576,test
43,5764,576,test
43,5765,576,test
43,5766,576,test
43,5767,576,test
43,5768,576,test
43,5769,576,test
43,5840,584,test
43,5841,584,test
43,5842,584,test
43,5843,584,test
43,5844,584,test
43,5845,584,test
43,5846,584,test
43,5847,584,test
43,5848,584,test
43,5849,584,test
43,5850,585,test
43,5851,585,test
43,5852,585,test
43,5853,585,test
43,5854,585,test
43,5855,585,test
43,5856,585,test
43,5857,585,test
43,5858,585,test
43,5859,585,test
43,5900,590,test
43,5901,590,test
43,5902,590,test
43,5903,590,test
43,5904,590,test
43,5905,590,test
43,5906,590,test
43,5907,590,test
43,5908,590,test
43,5909,590,test
43,5950,595,test
43,5951,595,test
43,5952,595,test
43,5953,595,test
43,5954,595,test
43,5955,595,test
43,5956,595,test
43,5957,595,test
43,5958,595,test
43,5959,595,test
43,5960,596,test
43,5961,596,test
43,5962,596,test
43,5963,596,test
43,5964,596,test
43,5965,596,test
43,5966,596,test
43,5967,596,test
43,5968,596,test
43,5969,596,test
43,6040,604,test
43,6041,604,test
43,6042,604,test
43,6043,604,test
43,6044,604,test
43,6045,604,test
43,6046,604,test
43,6047,604,test
43,6048,604,test
43,6049,604,test
43,6050,605,test
43,6051,605,test
43,6052,605,test
43,6053,605,test
43,6054,605,test
43,6055,605,test
43,6056,605,test
43,6057,605,test
43,6058,605,test
43,6059,605,test
43,6070,607,test
43,6071,607,test
43,6072,607,test
43,6073,607,test
43,6074,607,test
43,6075,607,test
43,6076,607,test
43,6077,607,test
43,6078,607,test
43,6079,607,test
43,6090,609,test
43,6091,609,test
43,6092,609,test
43,6093,609,test
43,6094,609,test
43,6095,609,test
43,6096,609,test
43,6097,609,test
43,6098,609,test
43,6099,609,test
43,6190,619,test
43,6191,619,test
43,6192,619,test
43,6193,619,test
43,6194,619,test
43,6195,619,test
43,6196,619,test
43,6197,619,test
43,6198,619,test
43,6199,619,test
43,6260,626,test
43,6261,626,test
43,6262,626,test
43,6263,626,test
43,6264,626,test
43,6265,626,test
43,6266,626,test
43,6267,626,test
43,6268,626,test
43,6269,626,test
43,6430,643,test
43,6431,643,test
43,6432,643,test
43,6433,643,test
43,6434,643,test
43,6435,643,test
43,6436,643,test
43,6437,643,test
43,6438,643,test
43,6439,643,test
43,6470,647,test
43,6471,647,test
43,6472,647,test
43,6473,647,test
43,6474,647,test
43,6475,647,test
43,6476,647,test
43,6477,647,test
43,6478,647,test
43,6479,647,test
43,6570,657,test
43,6571,657,test
43,6572,657,test
43,6573,657,test
43,6574,657,test
43,6575,657,test
43,6576,657,test
43,6577,657,test
43,6578,657,test
43,6579,657,test
43,6650,665,test
43,6651,665,test
43,6652,665,test
43,6653,665,test
43,6654,665,test
43,6655,665,test
43,6656,665,test
43,6657,665,test
43,6658,665,test
43,6659,665,test
43,6750,675,test
43,6751,675,test
43,6752,675,test
43,6753,675,test
43,6754,675,test
43,6755,675,test
43,6756,675,test
43,6757,675,test
43,6758,675,test
43,6759,675,test
43,6790,679,test
43,6791,679,test
43,6792,679,test
43,6793,679,test
43,6794,679,test
43,6795,679,test
43,6796,679,test
43,6797,679,test
43,6798,679,test
43,6799,679,test
43,6870,687,test
43,6871,687,test
43,6872,687,test
43,6873,687,test
43,6874,687,test
43,6875,687,test
43,6876,687,test
43,6877,687,test
43,6878,687,test
43,6879,687,test
43,6920,692,test
43,6921,692,test
43,6922,692,test
43,6923,692,test
43,6924,692,test
43,6925,692,test
43,6926,692,test
43,6927,692,test
43,6928,692,test
43,6929,692,test
43,6930,693,test
43,6931,693,test
43,6932,693,test
43,6933,693,test
43,6934,693,test
43,6935,693,test
43,6936,693,test
43,6937,693,test
43,6938,693,test
43,6939,693,test
43,6950,695,test
43,6951,695,test
43,6952,695,test
43,6953,695,test
43,6954,695,test
43,6955,695,test
43,6956,695,test
43,6957,695,test
43,6958,695,test
43,6959,695,test
43,7040,704,test
43,7041,704,test
43,7042,704,test
43,7043,704,test
43,7044,704,test
43,7045,704,test
43,7046,704,test
43,7047,704,test
43,7048,704,test
43,7049,704,test
43,7050,705,test
43,7051,705,test
43,7052,705,test
43,7053,705,test
43,7054,705,test
43,7055,705,test
43,7056,705,test
43,7057,705,test
43,7058,705,test
43,7059,705,test
43,7060,706,test
43,7061,706,test
43,7062,706,test
43,7063,706,test
43,7064,706,test
43,7065,706,test
43,7066,706,test
43,7067,706,test
43,7068,706,test
43,7069,706,test
43,7270,727,test
43,7271,727,test
43,7272,727,test
43,7273,727,test
43,7274,727,test
43,7275,727,test
43,7276,727,test
43,7277,727,test
43,7278,727,test
43,7279,727,test
43,7340,734,test
43,7341,734,test
43,7342,734,test
43,7343,734,test
43,7344,734,test
43,7345,734,test
43,7346,734,test
43,7347,734,test
43,7348,734,test
43,7349,734,test
43,7560,756,test
43,7561,756,test
43,7562,756,test
43,7563,756,test
43,7564,756,test
43,7565,756,test
43,7566,756,test
43,7567,756,test
43,7568,756,test
43,7569,756,test
43,7800,780,test
43,7801,780,test
43,7802,780,test
43,7803,780,test
43,7804,780,test
43,7805,780,test
43,7806,780,test
43,7807,780,test
43,7808,780,test
43,7809,780,test
43,7840,784,test
43,7841,784,test
43,7842,784,test
43,7843,784,test
43,7844,784,test
43,7845,784,test
43,7846,784,test
43,7847,784,test
43,7848,784,test
43,7849,784,test
43,7860,786,test
43,7861,786,test
43,7862,786,test
43,7863,786,test
43,7864,786,test
43,7865,786,test
43,7866,786,test
43,7867,786,test
43,7868,786,test
43,7869,786,test
43,7880,788,test
43,7881,788,test
43,7882,788,test
43,7883,788,test
43,7884,788,test
43,7885,788,test
43,7886,788,test
43,7887,788,test
43,7888,788,test
43,7889,788,test
43,7890,789,test
43,7891,789,test
43,7892,789,test
43,7893,789,test
43,7894,789,test
43,7895,789,test
43,7896,789,test
43,7897,789,test
43,7898,789,test
43,7899,789,test
43,7940,794,test
43,7941,794,test
43,7942,794,test
43,7943,794,test
43,7944,794,test
43,7945,794,test
43,7946,794,test
43,7947,794,test
43,7948,794,test
43,7949,794,test
43,7950,795,test
43,7951,795,test
43,7952,795,test
43,7953,795,test
43,7954,795,test
43,7955,795,test
43,7956,795,test
43,7957,795,test
43,7958,795,test
43,7959,795,test
43,7990,799,test
43,7991,799,test
43,7992,799,test
43,7993,799,test
43,7994,799,test
43,7995,799,test
43,7996,799,test
43,7997,799,test
43,7998,799,test
43,7999,799,test
43,8000,800,test
43,8001,800,test
43,8002,800,test
43,8003,800,test
43,8004,800,test
43,8005,800,test
43,8006,800,test
43,8007,800,test
43,8008,800,test
43,8009,800,test
43,8150,815,test
43,8151,815,test
43,8152,815,test
43,8153,815,test
43,8154,815,test
43,8155,815,test
43,8156,815,test
43,8157,815,test
43,8158,815,test
43,8159,815,test
43,8250,825,test
43,8251,825,test
43,8252,825,test
43,8253,825,test
43,8254,825,test
43,8255,825,test
43,8256,825,test
43,8257,825,test
43,8258,825,test
43,8259,825,test
43,8470,847,test
43,8471,847,test
43,8472,847,test
43,8473,847,test
43,8474,847,test
43,8475,847,test
43,8476,847,test
43,8477,847,test
43,8478,847,test
43,8479,847,test
43,8480,848,test
43,8481,848,test
43,8482,848,test
43,8483,848,test
43,8484,848,test
43,8485,848,test
43,8486,848,test
43,8487,848,test
43,8488,848,test
43,8489,848,test
43,8520,852,test
43,8521,852,test
43,8522,852,test
43,8523,852,test
43,8524,852,test
43,8525,852,test
43,8526,852,test
43,8527,852,test
43,8528,852,test
43,8529,852,test
43,8530,853,test
43,8531,853,test
43,8532,853,test
43,8533,853,test
43,8534,853,test
43,8535,853,test
43,8536,853,test
43,8537,853,test
43,8538,853,test
43,8539,853,test
43,8570,857,test
43,8571,857,test
43,8572,857,test
43,8573,857,test
43,8574,857,test
43,8575,857,test
43,8576,857,test
43,8577,857,test
43,8578,857,test
43,8579,857,test
43,8690,869,test
43,8691,869,test
43,8692,869,test
43,8693,869,test
43,8694,869,test
43,8695,869,test
43,8696,869,test
43,8697,869,test
43,8698,869,test
43,8699,869,test
43,8720,872,test
43,8721,872,test
43,8722,872,test
43,8723,872,test
43,8724,872,test
43,8725,872,test
43,8726,872,test
43,8727,872,test
43,8728,872,test
43,8729,872,test
43,8740,874,test
43,8741,874,test
43,8742,874,test
43,8743,874,test
43,8744,874,test
43,8745,874,test
43,8746,874,test
43,8747,874,test
43,8748,874,test
43,8749,874,test
43,8870,887,test
43,8871,887,test
43,8872,887,test
43,8873,887,test
43,8874,887,test
43,8875,887,test
43,8876,887,test
43,8877,887,test
43,8878,887,test
43,8879,887,test
43,8900,890,test
43,8901,890,test
43,8902,890,test
43,8903,890,test
43,8904,890,test
43,8905,890,test
43,8906,890,test
43,8907,890,test
43,8908,890,test
43,8909,890,test
43,8990,899,test
43,8991,899,test
43,8992,899,test
43,8993,899,test
43,8994,899,test
43,8995,899,test
43,8996,899,test
43,8997,899,test
43,8998,899,test
43,8999,899,test
43,9000,900,test
43,9001,900,test
43,9002,900,test
43,9003,900,test
43,9004,900,test
43,9005,900,test
43,9006,900,test
43,9007,900,test
43,9008,900,test
43,9009,900,test
43,9070,907,test
43,9071,907,test
43,9072,907,test
43,9073,907,test
43,9074,907,test
43,9075,907,test
43,9076,907,test
43,9077,907,test
43,9078,907,test
43,9079,907,test
43,9080,908,test
43,9081,908,test
43,9082,908,test
43,9083,908,test
43,9084,908,test
43,9085,908,test
43,9086,908,test
43,9087,908,test
43,9088,908,test
43,9089,908,test
43,9100,910,test
43,9101,910,test
43,9102,910,test
43,9103,910,test
43,9104,910,test
43,9105,910,test
43,9106,910,test
43,9107,910,test
43,9108,910,test
43,9109,910,test
43,9110,911,test
43,9111,911,test
43,9112,911,test
43,9113,911,test
43,9114,911,test
43,9115,911,test
43,9116,911,test
43,9117,911,test
43,9118,911,test
43,9119,911,test
43,9130,913,test
43,9131,913,test
43,9132,913,test
43,9133,913,test
43,9134,913,test
43,9135,913,test
43,9136,913,test
43,9137,913,test
43,9138,913,test
43,9139,913,test
43,9150,915,test
43,9151,915,test
43,9152,915,test
43,9153,915,test
43,9154,915,test
43,9155,915,test
43,9156,915,test
43,9157,915,test
43,9158,915,test
43,9159,915,test
43,9160,916,test
43,9161,916,test
43,9162,916,test
43,9163,916,test
43,9164,916,test
43,9165,916,test
43,9166,916,test
43,9167,916,test
43,9168,916,test
43,9169,916,test
43,9180,918,test
43,9181,918,test
43,9182,918,test
43,9183,918,test
43,9184,918,test
43,9185,918,test
43,9186,918,test
43,9187,918,test
43,9188,918,test
43,9189,918,test
43,9210,921,test
43,9211,921,test
43,9212,921,test
43,9213,921,test
43,9214,921,test
43,9215,921,test
43,9216,921,test
43,9217,921,test
43,9218,921,test
43,9219,921,test
43,9290,929,test
43,9291,929,test
43,9292,929,test
43,9293,929,test
43,9294,929,test
43,9295,929,test
43,9296,929,test
43,9297,929,test
43,9298,929,test
43,9299,929,test
43,9310,931,test
43,9311,931,test
43,9312,931,test
43,9313,931,test
43,9314,931,test
43,9315,931,test
43,9316,931,test
43,9317,931,test
43,9318,931,test
43,9319,931,test
43,9370,937,test
43,9371,937,test
43,9372,937,test
43,9373,937,test
43,9374,937,test
43,9375,937,test
43,9376,937,test
43,9377,937,test
43,9378,937,test
43,9379,937,test
43,9380,938,test
43,9381,938,test
43,9382,938,test
43,9383,938,test
43,9384,938,test
43,9385,938,test
43,9386,938,test
43,9387,938,test
43,9388,938,test
43,9389,938,test
43,9420,942,test
43,9421,942,test
43,9422,942,test
43,9423,942,test
43,9424,942,test
43,9425,942,test
43,9426,942,test
43,9427,942,test
43,9428,942,test
43,9429,942,test
43,9470,947,test
43,9471,947,test
43,9472,947,test
43,9473,947,test
43,9474,947,test
43,9475,947,test
43,9476,947,test
43,9477,947,test
43,9478,947,test
43,9479,947,test
43,9710,971,test
43,9711,971,test
43,9712,971,test
43,9713,971,test
43,9714,971,test
43,9715,971,test
43,9716,971,test
43,9717,971,test
43,9718,971,test
43,9719,971,test
43,9750,975,test
43,9751,975,test
43,9752,975,test
43,9753,975,test
43,9754,975,test
43,9755,975,test
43,9756,975,test
43,9757,975,test
43,9758,975,test
43,9759,975,test
43,9780,978,test
43,9781,978,test
43,9782,978,test
43,9783,978,test
43,9784,978,test
43,9785,978,test
43,9786,978,test
43,9787,978,test
43,9788,978,test
43,9789,978,test
43,9830,983,test
43,9831,983,test
43,9832,983,test
43,9833,983,test
43,9834,983,test
43,9835,983,test
43,9836,983,test
43,9837,983,test
43,9838,983,test
43,9839,983,test
43,9880,988,test
43,9881,988,test
43,9882,988,test
43,9883,988,test
43,9884,988,test
43,9885,988,test
43,9886,988,test
43,9887,988,test
43,9888,988,test
43,9889,988,test
43,9900,990,test
43,9901,990,test
43,9902,990,test
43,9903,990,test
43,9904,990,test
43,9905,990,test
43,9906,990,test
43,9907,990,test
43,9908,990,test
43,9909,990,test
43,9930,993,test
43,9931,993,test
43,9932,993,test
43,9933,993,test
43,9934,993,test
43,9935,993,test
43,9936,993,test
43,9937,993,test
43,9938,993,test
43,9939,993,test
43,9960,996,test
43,9961,996,test
43,9962,996,test
43,9963,996,test
43,9964,996,test
43,9965,996,test
43,9966,996,test
43,9967,996,test
43,9968,996,test
43,9969,996,test
43,9970,997,test
43,9971,997,test
43,9972,997,test
43,9973,997,test
43,9974,997,test
43,9975,997,test
43,9976,997,test
43,9977,997,test
43,9978,997,test
43,9979,997,test
43,9990,999,test
43,9991,999,test
43,9992,999,test
43,9993,999,test
43,9994,999,test
43,9995,999,test
43,9996,999,test
43,9997,999,test
43,9998,999,test
43,9999,999,test
44,10,1,train
44,11,1,train
44,12,1,train
44,13,1,train
44,14,1,train
44,15,1,train
44,16,1,train
44,17,1,train
44,18,1,train
44,19,1,train
44,20,2,train
44,21,2,train
44,22,2,train
44,23,2,train
44,24,2,train
44,25,2,train
44,26,2,train
44,27,2,train
44,28,2,train
44,29,2,train
44,30,3,train
44,31,3,train
44,32,3,train
44,33,3,train
44,34,3,train
44,35,3,train
44,36,3,train
44,37,3,train
44,38,3,train
44,39,3,train
44,40,4,train
44,41,4,train
44,42,4,train
44,43,4,train
44,44,4,train
44,45,4,train
44,46,4,train
44,47,4,train
44,48,4,train
44,49,4,train
44,50,5,train
44,51,5,train
44,52,5,train
44,53,5,train
44,54,5,train
44,55,5,train
44,56,5,train
44,57,5,train
44,58,5,train
44,59,5,train
44,100,10,train
44,101,10,train
44,102,10,train
44,103,10,train
44,104,10,train
44,105,10,train
44,106,10,train
44,107,10,train
44,108,10,train
44,109,10,train
44,150,15,train
44,151,15,train
44,152,15,train
44,153,15,train
44,154,15,train
44,155,15,train
44,156,15,train
44,157,15,train
44,158,15,train
44,159,15,train
44,160,16,train
44,161,16,train
44,162,16,train
44,163,16,train
44,164,16,train
44,165,16,train
44,166,16,train
44,167,16,train
44,168,16,train
44,169,16,train
44,180,18,train
44,181,18,train
44,182,18,train
44,183,18,train
44,184,18,train
44,185,18,train
44,186,18,train
44,187,18,train
44,188,18,train
44,189,18,train
44,210,21,train
44,211,21,train
44,212,21,train
44,213,21,train
44,214,21,train
44,215,21,train
44,216,21,train
44,217,21,train
44,218,21,train
44,219,21,train
44,220,22,train
44,221,22,train
44,222,22,train
44,223,22,train
44,224,22,train
44,225,22,train
44,226,22,train
44,227,22,train
44,228,22,train
44,229,22,train
44,230,23,train
44,231,23,train
44,232,23,train
44,233,23,train
44,234,23,train
44,235,23,train
44,236,23,train
44,237,23,train
44,238,23,train
44,239,23,train
44,240,24,train
44,241,24,train
44,242,24,train
44,243,24,train
44,244,24,train
44,245,24,train
44,246,24,train
44,247,24,train
44,248,24,train
44,249,24,train
44,260,26,train
44,261,26,train
44,262,26,train
44,263,26,train
44,264,26,train
44,265,26,train
44,266,26,train
44,267,26,train
44,268,26,train
44,269,26,train
44,270,27,train
44,271,27,train
44,272,27,train
44,273,27,train
44,274,27,train
44,275,27,train
44,276,27,train
44,277,27,train
44,278,27,train
44,279,27,train
44,280,28,train
44,281,28,train
44,282,28,train
44,283,28,train
44,284,28,train
44,285,28,train
44,286,28,train
44,287,28,train
44,288,28,train
44,289,28,train
44,300,30,train
44,301,30,train
44,302,30,train
44,303,30,train
44,304,30,train
44,305,30,train
44,306,30,train
44,307,30,train
44,308,30,train
44,309,30,train
44,310,31,train
44,311,31,train
44,312,31,train
44,313,31,train
44,314,31,train
44,315,31,train
44,316,31,train
44,317,31,train
44,318,31,train
44,319,31,train
44,320,32,train
44,321,32,train
44,322,32,train
44,323,32,train
44,324,32,train
44,325,32,train
44,326,32,train
44,327,32,train
44,328,32,train
44,329,32,train
44,350,35,train
44,351,35,train
44,352,35,train
44,353,35,train
44,354,35,train
44,355,35,train
44,356,35,train
44,357,35,train
44,358,35,train
44,359,35,train
44,360,36,train
44,361,36,train
44,362,36,train
44,363,36,train
44,364,36,train
44,365,36,train
44,366,36,train
44,367,36,train
44,368,36,train
44,369,36,train
44,380,38,train
44,381,38,train
44,382,38,train
44,383,38,train
44,384,38,train
44,385,38,train
44,386,38,train
44,387,38,train
44,388,38,train
44,389,38,train
44,390,39,train
44,391,39,train
44,392,39,train
44,393,39,train
44,394,39,train
44,395,39,train
44,396,39,train
44,397,39,train
44,398,39,train
44,399,39,train
44,400,40,train
44,401,40,train
44,402,40,train
44,403,40,train
44,404,40,train
44,405,40,train
44,406,40,train
44,407,40,train
44,408,40,train
44,409,40,train
44,410,41,train
44,411,41,train
44,412,41,train
44,413,41,train
44,414,41,train
44,415,41,train
44,416,41,train
44,417,41,train
44,418,41,train
44,419,41,train
44,440,44,train
44,441,44,train
44,442,44,train
44,443,44,train
44,444,44,train
44,445,44,train
44,446,44,train
44,447,44,train
44,448,44,train
44,449,44,train
44,450,45,train
44,451,45,train
44,452,45,train
44,453,45,train
44,454,45,train
44,455,45,train
44,456,45,train
44,457,45,train
44,458,45,train
44,459,45,train
44,460,46,train
44,461,46,train
44,462,46,train
44,463,46,train
44,464,46,train
44,465,46,train
44,466,46,train
44,467,46,train
44,468,46,train
44,469,46,train
44,490,49,train
44,491,49,train
44,492,49,train
44,493,49,train
44,494,49,train
44,495,49,train
44,496,49,train
44,497,49,train
44,498,49,train
44,499,49,train
44,510,51,train
44,511,51,train
44,512,51,train
44,513,51,train
44,514,51,train
44,515,51,train
44,516,51,train
44,517,51,train
44,518,51,train
44,519,51,train
44,520,52,train
44,521,52,train
44,522,52,train
44,523,52,train
44,524,52,train
44,525,52,train
44,526,52,train
44,527,52,train
44,528,52,train
44,529,52,train
44,530,53,train
44,531,53,train
44,532,53,train
44,533,53,train
44,534,53,train
44,535,53,train
44,536,53,train
44,537,53,train
44,538,53,train
44,539,53,train
44,540,54,train
44,541,54,train
44,542,54,train
44,543,54,train
44,544,54,train
44,545,54,train
44,546,54,train
44,547,54,train
44,548,54,train
44,549,54,train
44,560,56,train
44,561,56,train
44,562,56,train
44,563,56,train
44,564,56,train
44,565,56,train
44,566,56,train
44,567,56,train
44,568,56,train
44,569,56,train
44,610,61,train
44,611,61,train
44,612,61,train
44,613,61,train
44,614,61,train
44,615,61,train
44,616,61,train
44,617,61,train
44,618,61,train
44,619,61,train
44,630,63,train
44,631,63,train
44,632,63,train
44,633,63,train
44,634,63,train
44,635,63,train
44,636,63,train
44,637,63,train
44,638,63,train
44,639,63,train
44,640,64,train
44,641,64,train
44,642,64,train
44,643,64,train
44,644,64,train
44,645,64,train
44,646,64,train
44,647,64,train
44,648,64,train
44,649,64,train
44,650,65,train
44,651,65,train
44,652,65,train
44,653,65,train
44,654,65,train
44,655,65,train
44,656,65,train
44,657,65,train
44,658,65,train
44,659,65,train
44,660,66,train
44,661,66,train
44,662,66,train
44,663,66,train
44,664,66,train
44,665,66,train
44,666,66,train
44,667,66,train
44,668,66,train
44,669,66,train
44,670,67,train
44,671,67,train
44,672,67,train
44,673,67,train
44,674,67,train
44,675,67,train
44,676,67,train
44,677,67,train
44,678,67,train
44,679,67,train
44,680,68,train
44,681,68,train
44,682,68,train
44,683,68,train
44,684,68,train
44,685,68,train
44,686,68,train
44,687,68,train
44,688,68,train
44,689,68,train
44,690,69,train
44,691,69,train
44,692,69,train
44,693,69,train
44,694,69,train
44,695,69,train
44,696,69,train
44,697,69,train
44,698,69,train
44,699,69,train
44,700,70,train
44,701,70,train
44,702,70,train
44,703,70,train
44,704,70,train
44,705,70,train
44,706,70,train
44,707,70,train
44,708,70,train
44,709,70,train
44,710,71,train
44,711,71,train
44,712,71,train
44,713,71,train
44,714,71,train
44,715,71,train
44,716,71,train
44,717,71,train
44,718,71,train
44,719,71,train
44,740,74,train
44,741,74,train
44,742,74,train
44,743,74,train
44,744,74,train
44,745,74,train
44,746,74,train
44,747,74,train
44,748,74,train
44,749,74,train
44,760,76,train
44,761,76,train
44,762,76,train
44,763,76,train
44,764,76,train
44,765,76,train
44,766,76,train
44,767,76,train
44,768,76,train
44,769,76,train
44,780,78,train
44,781,78,train
44,782,78,train
44,783,78,train
44,784,78,train
44,785,78,train
44,786,78,train
44,787,78,train
44,788,78,train
44,789,78,train
44,790,79,train
44,791,79,train
44,792,79,train
44,793,79,train
44,794,79,train
44,795,79,train
44,796,79,train
44,797,79,train
44,798,79,train
44,799,79,train
44,810,81,train
44,811,81,train
44,812,81,train
44,813,81,train
44,814,81,train
44,815,81,train
44,816,81,train
44,817,81,train
44,818,81,train
44,819,81,train
44,830,83,train
44,831,83,train
44,832,83,train
44,833,83,train
44,834,83,train
44,835,83,train
44,836,83,train
44,837,83,train
44,838,83,train
44,839,83,train
44,850,85,train
44,851,85,train
44,852,85,train
44,853,85,train
44,854,85,train
44,855,85,train
44,856,85,train
44,857,85,train
44,858,85,train
44,859,85,train
44,860,86,train
44,861,86,train
44,862,86,train
44,863,86,train
44,864,86,train
44,865,86,train
44,866,86,train
44,867,86,train
44,868,86,train
44,869,86,train
44,880,88,train
44,881,88,train
44,882,88,train
44,883,88,train
44,884,88,train
44,885,88,train
44,886,88,train
44,887,88,train
44,888,88,train
44,889,88,train
44,890,89,train
44,891,89,train
44,892,89,train
44,893,89,train
44,894,89,train
44,895,89,train
44,896,89,train
44,897,89,train
44,898,89,train
44,899,89,train
44,900,90,train
44,901,90,train
44,902,90,train
44,903,90,train
44,904,90,train
44,905,90,train
44,906,90,train
44,907,90,train
44,908,90,train
44,909,90,train
44,920,92,train
44,921,92,train
44,922,92,train
44,923,92,train
44,924,92,train
44,925,92,train
44,926,92,train
44,927,92,train
44,928,92,train
44,929,92,train
44,940,94,train
44,941,94,train
44,942,94,train
44,943,94,train
44,944,94,train
44,945,94,train
44,946,94,train
44,947,94,train
44,948,94,train
44,949,94,train
44,960,96,train
44,961,96,train
44,962,96,train
44,963,96,train
44,964,96,train
44,965,96,train
44,966,96,train
44,967,96,train
44,968,96,train
44,969,96,train
44,980,98,train
44,981,98,train
44,982,98,train
44,983,98,train
44,984,98,train
44,985,98,train
44,986,98,train
44,987,98,train
44,988,98,train
44,989,98,train
44,990,99,train
44,991,99,train
44,992,99,train
44,993,99,train
44,994,99,train
44,995,99,train
44,996,99,train
44,997,99,train
44,998,99,train
44,999,99,train
44,1020,102,train
44,1021,102,train
44,1022,102,train
44,1023,102,train
44,1024,102,train
44,1025,102,train
44,1026,102,train
44,1027,102,train
44,1028,102,train
44,1029,102,train
44,1040,104,train
44,1041,104,train
44,1042,104,train
44,1043,104,train
44,1044,104,train
44,1045,104,train
44,1046,104,train
44,1047,104,train
44,1048,104,train
44,1049,104,train
44,1060,106,train
44,1061,106,train
44,1062,106,train
44,1063,106,train
44,1064,106,train
44,1065,106,train
44,1066,106,train
44,1067,106,train
44,1068,106,train
44,1069,106,train
44,1090,109,train
44,1091,109,train
44,1092,109,train
44,1093,109,train
44,1094,109,train
44,1095,109,train
44,1096,109,train
44,1097,109,train
44,1098,109,train
44,1099,109,train
44,1140,114,train
44,1141,114,train
44,1142,114,train
44,1143,114,train
44,1144,114,train
44,1145,114,train
44,1146,114,train
44,1147,114,train
44,1148,114,train
44,1149,114,train
44,1170,117,train
44,1171,117,train
44,1172,117,train
44,1173,117,train
44,1174,117,train
44,1175,117,train
44,1176,117,train
44,1177,117,train
44,1178,117,train
44,1179,117,train
44,1180,118,train
44,1181,118,train
44,1182,118,train
44,1183,118,train
44,1184,118,train
44,1185,118,train
44,1186,118,train
44,1187,118,train
44,1188,118,train
44,1189,118,train
44,1210,121,train
44,1211,121,train
44,1212,121,train
44,1213,121,train
44,1214,121,train
44,1215,121,train
44,1216,121,train
44,1217,121,train
44,1218,121,train
44,1219,121,train
44,1230,123,train
44,1231,123,train
44,1232,123,train
44,1233,123,train
44,1234,123,train
44,1235,123,train
44,1236,123,train
44,1237,123,train
44,1238,123,train
44,1239,123,train
44,1240,124,train
44,1241,124,train
44,1242,124,train
44,1243,124,train
44,1244,124,train
44,1245,124,train
44,1246,124,train
44,1247,124,train
44,1248,124,train
44,1249,124,train
44,1250,125,train
44,1251,125,train
44,1252,125,train
44,1253,125,train
44,1254,125,train
44,1255,125,train
44,1256,125,train
44,1257,125,train
44,1258,125,train
44,1259,125,train
44,1270,127,train
44,1271,127,train
44,1272,127,train
44,1273,127,train
44,1274,127,train
44,1275,127,train
44,1276,127,train
44,1277,127,train
44,1278,127,train
44,1279,127,train
44,1290,129,train
44,1291,129,train
44,1292,129,train
44,1293,129,train
44,1294,129,train
44,1295,129,train
44,1296,129,train
44,1297,129,train
44,1298,129,train
44,1299,129,train
44,1330,133,train
44,1331,133,train
44,1332,133,train
44,1333,133,train
44,1334,133,train
44,1335,133,train
44,1336,133,train
44,1337,133,train
44,1338,133,train
44,1339,133,train
44,1350,135,train
44,1351,135,train
44,1352,135,train
44,1353,135,train
44,1354,135,train
44,1355,135,train
44,1356,135,train
44,1357,135,train
44,1358,135,train
44,1359,135,train
44,1370,137,train
44,1371,137,train
44,1372,137,train
44,1373,137,train
44,1374,137,train
44,1375,137,train
44,1376,137,train
44,1377,137,train
44,1378,137,train
44,1379,137,train
44,1390,139,train
44,1391,139,train
44,1392,139,train
44,1393,139,train
44,1394,139,train
44,1395,139,train
44,1396,139,train
44,1397,139,train
44,1398,139,train
44,1399,139,train
44,1410,141,train
44,1411,141,train
44,1412,141,train
44,1413,141,train
44,1414,141,train
44,1415,141,train
44,1416,141,train
44,1417,141,train
44,1418,141,train
44,1419,141,train
44,1430,143,train
44,1431,143,train
44,1432,143,train
44,1433,143,train
44,1434,143,train
44,1435,143,train
44,1436,143,train
44,1437,143,train
44,1438,143,train
44,1439,143,train
44,1440,144,train
44,1441,144,train
44,1442,144,train
44,1443,144,train
44,1444,144,train
44,1445,144,train
44,1446,144,train
44,1447,144,train
44,1448,144,train
44,1449,144,train
44,1460,146,train
44,1461,146,train
44,1462,146,train
44,1463,146,train
44,1464,146,train
44,1465,146,train
44,1466,146,train
44,1467,146,train
44,1468,146,train
44,1469,146,train
44,1470,147,train
44,1471,147,train
44,1472,147,train
44,1473,147,train
44,1474,147,train
44,1475,147,train
44,1476,147,train
44,1477,147,train
44,1478,147,train
44,1479,147,train
44,1480,148,train
44,1481,148,train
44,1482,148,train
44,1483,148,train
44,1484,148,train
44,1485,148,train
44,1486,148,train
44,1487,148,train
44,1488,148,train
44,1489,148,train
44,1490,149,train
44,1491,149,train
44,1492,149,train
44,1493,149,train
44,1494,149,train
44,1495,149,train
44,1496,149,train
44,1497,149,train
44,1498,149,train
44,1499,149,train
44,1510,151,train
44,1511,151,train
44,1512,151,train
44,1513,151,train
44,1514,151,train
44,1515,151,train
44,1516,151,train
44,1517,151,train
44,1518,151,train
44,1519,151,train
44,1520,152,train
44,1521,152,train
44,1522,152,train
44,1523,152,train
44,1524,152,train
44,1525,152,train
44,1526,152,train
44,1527,152,train
44,1528,152,train
44,1529,152,train
44,1540,154,train
44,1541,154,train
44,1542,154,train
44,1543,154,train
44,1544,154,train
44,1545,154,train
44,1546,154,train
44,1547,154,train
44,1548,154,train
44,1549,154,train
44,1550,155,train
44,1551,155,train
44,1552,155,train
44,1553,155,train
44,1554,155,train
44,1555,155,train
44,1556,155,train
44,1557,155,train
44,1558,155,train
44,1559,155,train
44,1570,157,train
44,1571,157,train
44,1572,157,train
44,1573,157,train
44,1574,157,train
44,1575,157,train
44,1576,157,train
44,1577,157,train
44,1578,157,train
44,1579,157,train
44,1580,158,train
44,1581,158,train
44,1582,158,train
44,1583,158,train
44,1584,158,train
44,1585,158,train
44,1586,158,train
44,1587,158,train
44,1588,158,train
44,1589,158,train
44,1590,159,train
44,1591,159,train
44,1592,159,train
44,1593,159,train
44,1594,159,train
44,1595,159,train
44,1596,159,train
44,1597,159,train
44,1598,159,train
44,1599,159,train
44,1600,160,train
44,1601,160,train
44,1602,160,train
44,1603,160,train
44,1604,160,train
44,1605,160,train
44,1606,160,train
44,1607,160,train
44,1608,160,train
44,1609,160,train
44,1610,161,train
44,1611,161,train
44,1612,161,train
44,1613,161,train
44,1614,161,train
44,1615,161,train
44,1616,161,train
44,1617,161,train
44,1618,161,train
44,1619,161,train
44,1620,162,train
44,1621,162,train
44,1622,162,train
44,1623,162,train
44,1624,162,train
44,1625,162,train
44,1626,162,train
44,1627,162,train
44,1628,162,train
44,1629,162,train
44,1640,164,train
44,1641,164,train
44,1642,164,train
44,1643,164,train
44,1644,164,train
44,1645,164,train
44,1646,164,train
44,1647,164,train
44,1648,164,train
44,1649,164,train
44,1660,166,train
44,1661,166,train
44,1662,166,train
44,1663,166,train
44,1664,166,train
44,1665,166,train
44,1666,166,train
44,1667,166,train
44,1668,166,train
44,1669,166,train
44,1670,167,train
44,1671,167,train
44,1672,167,train
44,1673,167,train
44,1674,167,train
44,1675,167,train
44,1676,167,train
44,1677,167,train
44,1678,167,train
44,1679,167,train
44,1690,169,train
44,1691,169,train
44,1692,169,train
44,1693,169,train
44,1694,169,train
44,1695,169,train
44,1696,169,train
44,1697,169,train
44,1698,169,train
44,1699,169,train
44,1720,172,train
44,1721,172,train
44,1722,172,train
44,1723,172,train
44,1724,172,train
44,1725,172,train
44,1726,172,train
44,1727,172,train
44,1728,172,train
44,1729,172,train
44,1730,173,train
44,1731,173,train
44,1732,173,train
44,1733,173,train
44,1734,173,train
44,1735,173,train
44,1736,173,train
44,1737,173,train
44,1738,173,train
44,1739,173,train
44,1740,174,train
44,1741,174,train
44,1742,174,train
44,1743,174,train
44,1744,174,train
44,1745,174,train
44,1746,174,train
44,1747,174,train
44,1748,174,train
44,1749,174,train
44,1760,176,train
44,1761,176,train
44,1762,176,train
44,1763,176,train
44,1764,176,train
44,1765,176,train
44,1766,176,train
44,1767,176,train
44,1768,176,train
44,1769,176,train
44,1780,178,train
44,1781,178,train
44,1782,178,train
44,1783,178,train
44,1784,178,train
44,1785,178,train
44,1786,178,train
44,1787,178,train
44,1788,178,train
44,1789,178,train
44,1790,179,train
44,1791,179,train
44,1792,179,train
44,1793,179,train
44,1794,179,train
44,1795,179,train
44,1796,179,train
44,1797,179,train
44,1798,179,train
44,1799,179,train
44,1810,181,train
44,1811,181,train
44,1812,181,train
44,1813,181,train
44,1814,181,train
44,1815,181,train
44,1816,181,train
44,1817,181,train
44,1818,181,train
44,1819,181,train
44,1830,183,train
44,1831,183,train
44,1832,183,train
44,1833,183,train
44,1834,183,train
44,1835,183,train
44,1836,183,train
44,1837,183,train
44,1838,183,train
44,1839,183,train
44,1840,184,train
44,1841,184,train
44,1842,184,train
44,1843,184,train
44,1844,184,train
44,1845,184,train
44,1846,184,train
44,1847,184,train
44,1848,184,train
44,1849,184,train
44,1860,186,train
44,1861,186,train
44,1862,186,train
44,1863,186,train
44,1864,186,train
44,1865,186,train
44,1866,186,train
44,1867,186,train
44,1868,186,train
44,1869,186,train
44,1870,187,train
44,1871,187,train
44,1872,187,train
44,1873,187,train
44,1874,187,train
44,1875,187,train
44,1876,187,train
44,1877,187,train
44,1878,187,train
44,1879,187,train
44,1880,188,train
44,1881,188,train
44,1882,188,train
44,1883,188,train
44,1884,188,train
44,1885,188,train
44,1886,188,train
44,1887,188,train
44,1888,188,train
44,1889,188,train
44,1900,190,train
44,1901,190,train
44,1902,190,train
44,1903,190,train
44,1904,190,train
44,1905,190,train
44,1906,190,train
44,1907,190,train
44,1908,190,train
44,1909,190,train
44,1910,191,train
44,1911,191,train
44,1912,191,train
44,1913,191,train
44,1914,191,train
44,1915,191,train
44,1916,191,train
44,1917,191,train
44,1918,191,train
44,1919,191,train
44,1920,192,train
44,1921,192,train
44,1922,192,train
44,1923,192,train
44,1924,192,train
44,1925,192,train
44,1926,192,train
44,1927,192,train
44,1928,192,train
44,1929,192,train
44,1940,194,train
44,1941,194,train
44,1942,194,train
44,1943,194,train
44,1944,194,train
44,1945,194,train
44,1946,194,train
44,1947,194,train
44,1948,194,train
44,1949,194,train
44,1960,196,train
44,1961,196,train
44,1962,196,train
44,1963,196,train
44,1964,196,train
44,1965,196,train
44,1966,196,train
44,1967,196,train
44,1968,196,train
44,1969,196,train
44,1980,198,train
44,1981,198,train
44,1982,198,train
44,1983,198,train
44,1984,198,train
44,1985,198,train
44,1986,198,train
44,1987,198,train
44,1988,198,train
44,1989,198,train
44,2000,200,train
44,2001,200,train
44,2002,200,train
44,2003,200,train
44,2004,200,train
44,2005,200,train
44,2006,200,train
44,2007,200,train
44,2008,200,train
44,2009,200,train
44,2010,201,train
44,2011,201,train
44,2012,201,train
44,2013,201,train
44,2014,201,train
44,2015,201,train
44,2016,201,train
44,2017,201,train
44,2018,201,train
44,2019,201,train
44,2030,203,train
44,2031,203,train
44,2032,203,train
44,2033,203,train
44,2034,203,train
44,2035,203,train
44,2036,203,train
44,2037,203,train
44,2038,203,train
44,2039,203,train
44,2060,206,train
44,2061,206,train
44,2062,206,train
44,2063,206,train
44,2064,206,train
44,2065,206,train
44,2066,206,train
44,2067,206,train
44,2068,206,train
44,2069,206,train
44,2070,207,train
44,2071,207,train
44,2072,207,train
44,2073,207,train
44,2074,207,train
44,2075,207,train
44,2076,207,train
44,2077,207,train
44,2078,207,train
44,2079,207,train
44,2100,210,train
44,2101,210,train
44,2102,210,train
44,2103,210,train
44,2104,210,train
44,2105,210,train
44,2106,210,train
44,2107,210,train
44,2108,210,train
44,2109,210,train
44,2110,211,train
44,2111,211,train
44,2112,211,train
44,2113,211,train
44,2114,211,train
44,2115,211,train
44,2116,211,train
44,2117,211,train
44,2118,211,train
44,2119,211,train
44,2120,212,train
44,2121,212,train
44,2122,212,train
44,2123,212,train
44,2124,212,train
44,2125,212,train
44,2126,212,train
44,2127,212,train
44,2128,212,train
44,2129,212,train
44,2130,213,train
44,2131,213,train
44,2132,213,train
44,2133,213,train
44,2134,213,train
44,2135,213,train
44,2136,213,train
44,2137,213,train
44,2138,213,train
44,2139,213,train
44,2140,214,train
44,2141,214,train
44,2142,214,train
44,2143,214,train
44,2144,214,train
44,2145,214,train
44,2146,214,train
44,2147,214,train
44,2148,214,train
44,2149,214,train
44,2160,216,train
44,2161,216,train
44,2162,216,train
44,2163,216,train
44,2164,216,train
44,2165,216,train
44,2166,216,train
44,2167,216,train
44,2168,216,train
44,2169,216,train
44,2180,218,train
44,2181,218,train
44,2182,218,train
44,2183,218,train
44,2184,218,train
44,2185,218,train
44,2186,218,train
44,2187,218,train
44,2188,218,train
44,2189,218,train
44,2190,219,train
44,2191,219,train
44,2192,219,train
44,2193,219,train
44,2194,219,train
44,2195,219,train
44,2196,219,train
44,2197,219,train
44,2198,219,train
44,2199,219,train
44,2200,220,train
44,2201,220,train
44,2202,220,train
44,2203,220,train
44,2204,220,train
44,2205,220,train
44,2206,220,train
44,2207,220,train
44,2208,220,train
44,2209,220,train
44,2220,222,train
44,2221,222,train
44,2222,222,train
44,2223,222,train
44,2224,222,train
44,2225,222,train
44,2226,222,train
44,2227,222,train
44,2228,222,train
44,2229,222,train
44,2230,223,train
44,2231,223,train
44,2232,223,train
44,2233,223,train
44,2234,223,train
44,2235,223,train
44,2236,223,train
44,2237,223,train
44,2238,223,train
44,2239,223,train
44,2240,224,train
44,2241,224,train
44,2242,224,train
44,2243,224,train
44,2244,224,train
44,2245,224,train
44,2246,224,train
44,2247,224,train
44,2248,224,train
44,2249,224,train
44,2260,226,train
44,2261,226,train
44,2262,226,train
44,2263,226,train
44,2264,226,train
44,2265,226,train
44,2266,226,train
44,2267,226,train
44,2268,226,train
44,2269,226,train
44,2270,227,train
44,2271,227,train
44,2272,227,train
44,2273,227,train
44,2274,227,train
44,2275,227,train
44,2276,227,train
44,2277,227,train
44,2278,227,train
44,2279,227,train
44,2280,228,train
44,2281,228,train
44,2282,228,train
44,2283,228,train
44,2284,228,train
44,2285,228,train
44,2286,228,train
44,2287,228,train
44,2288,228,train
44,2289,228,train
44,2290,229,train
44,2291,229,train
44,2292,229,train
44,2293,229,train
44,2294,229,train
44,2295,229,train
44,2296,229,train
44,2297,229,train
44,2298,229,train
44,2299,229,train
44,2320,232,train
44,2321,232,train
44,2322,232,train
44,2323,232,train
44,2324,232,train
44,2325,232,train
44,2326,232,train
44,2327,232,train
44,2328,232,train
44,2329,232,train
44,2340,234,train
44,2341,234,train
44,2342,234,train
44,2343,234,train
44,2344,234,train
44,2345,234,train
44,2346,234,train
44,2347,234,train
44,2348,234,train
44,2349,234,train
44,2350,235,train
44,2351,235,train
44,2352,235,train
44,2353,235,train
44,2354,235,train
44,2355,235,train
44,2356,235,train
44,2357,235,train
44,2358,235,train
44,2359,235,train
44,2360,236,train
44,2361,236,train
44,2362,236,train
44,2363,236,train
44,2364,236,train
44,2365,236,train
44,2366,236,train
44,2367,236,train
44,2368,236,train
44,2369,236,train
44,2370,237,train
44,2371,237,train
44,2372,237,train
44,2373,237,train
44,2374,237,train
44,2375,237,train
44,2376,237,train
44,2377,237,train
44,2378,237,train
44,2379,237,train
44,2380,238,train
44,2381,238,train
44,2382,238,train
44,2383,238,train
44,2384,238,train
44,2385,238,train
44,2386,238,train
44,2387,238,train
44,2388,238,train
44,2389,238,train
44,2390,239,train
44,2391,239,train
44,2392,239,train
44,2393,239,train
44,2394,239,train
44,2395,239,train
44,2396,239,train
44,2397,239,train
44,2398,239,train
44,2399,239,train
44,2400,240,train
44,2401,240,train
44,2402,240,train
44,2403,240,train
44,2404,240,train
44,2405,240,train
44,2406,240,train
44,2407,240,train
44,2408,240,train
44,2409,240,train
44,2410,241,train
44,2411,241,train
44,2412,241,train
44,2413,241,train
44,2414,241,train
44,2415,241,train
44,2416,241,train
44,2417,241,train
44,2418,241,train
44,2419,241,train
44,2430,243,train
44,2431,243,train
44,2432,243,train
44,2433,243,train
44,2434,243,train
44,2435,243,train
44,2436,243,train
44,2437,243,train
44,2438,243,train
44,2439,243,train
44,2440,244,train
44,2441,244,train
44,2442,244,train
44,2443,244,train
44,2444,244,train
44,2445,244,train
44,2446,244,train
44,2447,244,train
44,2448,244,train
44,2449,244,train
44,2450,245,train
44,2451,245,train
44,2452,245,train
44,2453,245,train
44,2454,245,train
44,2455,245,train
44,2456,245,train
44,2457,245,train
44,2458,245,train
44,2459,245,train
44,2460,246,train
44,2461,246,train
44,2462,246,train
44,2463,246,train
44,2464,246,train
44,2465,246,train
44,2466,246,train
44,2467,246,train
44,2468,246,train
44,2469,246,train
44,2470,247,train
44,2471,247,train
44,2472,247,train
44,2473,247,train
44,2474,247,train
44,2475,247,train
44,2476,247,train
44,2477,247,train
44,2478,247,train
44,2479,247,train
44,2480,248,train
44,2481,248,train
44,2482,248,train
44,2483,248,train
44,2484,248,train
44,2485,248,train
44,2486,248,train
44,2487,248,train
44,2488,248,train
44,2489,248,train
44,2490,249,train
44,2491,249,train
44,2492,249,train
44,2493,249,train
44,2494,249,train
44,2495,249,train
44,2496,249,train
44,2497,249,train
44,2498,249,train
44,2499,249,train
44,2500,250,train
44,2501,250,train
44,2502,250,train
44,2503,250,train
44,2504,250,train
44,2505,250,train
44,2506,250,train
44,2507,250,train
44,2508,250,train
44,2509,250,train
44,2520,252,train
44,2521,252,train
44,2522,252,train
44,2523,252,train
44,2524,252,train
44,2525,252,train
44,2526,252,train
44,2527,252,train
44,2528,252,train
44,2529,252,train
44,2530,253,train
44,2531,253,train
44,2532,253,train
44,2533,253,train
44,2534,253,train
44,2535,253,train
44,2536,253,train
44,2537,253,train
44,2538,253,train
44,2539,253,train
44,2540,254,train
44,2541,254,train
44,2542,254,train
44,2543,254,train
44,2544,254,train
44,2545,254,train
44,2546,254,train
44,2547,254,train
44,2548,254,train
44,2549,254,train
44,2560,256,train
44,2561,256,train
44,2562,256,train
44,2563,256,train
44,2564,256,train
44,2565,256,train
44,2566,256,train
44,2567,256,train
44,2568,256,train
44,2569,256,train
44,2570,257,train
44,2571,257,train
44,2572,257,train
44,2573,257,train
44,2574,257,train
44,2575,257,train
44,2576,257,train
44,2577,257,train
44,2578,257,train
44,2579,257,train
44,2600,260,train
44,2601,260,train
44,2602,260,train
44,2603,260,train
44,2604,260,train
44,2605,260,train
44,2606,260,train
44,2607,260,train
44,2608,260,train
44,2609,260,train
44,2620,262,train
44,2621,262,train
44,2622,262,train
44,2623,262,train
44,2624,262,train
44,2625,262,train
44,2626,262,train
44,2627,262,train
44,2628,262,train
44,2629,262,train
44,2640,264,train
44,2641,264,train
44,2642,264,train
44,2643,264,train
44,2644,264,train
44,2645,264,train
44,2646,264,train
44,2647,264,train
44,2648,264,train
44,2649,264,train
44,2660,266,train
44,2661,266,train
44,2662,266,train
44,2663,266,train
44,2664,266,train
44,2665,266,train
44,2666,266,train
44,2667,266,train
44,2668,266,train
44,2669,266,train
44,2670,267,train
44,2671,267,train
44,2672,267,train
44,2673,267,train
44,2674,267,train
44,2675,267,train
44,2676,267,train
44,2677,267,train
44,2678,267,train
44,2679,267,train
44,2680,268,train
44,2681,268,train
44,2682,268,train
44,2683,268,train
44,2684,268,train
44,2685,268,train
44,2686,268,train
44,2687,268,train
44,2688,268,train
44,2689,268,train
44,2690,269,train
44,2691,269,train
44,2692,269,train
44,2693,269,train
44,2694,269,train
44,2695,269,train
44,2696,269,train
44,2697,269,train
44,2698,269,train
44,2699,269,train
44,2710,271,train
44,2711,271,train
44,2712,271,train
44,2713,271,train
44,2714,271,train
44,2715,271,train
44,2716,271,train
44,2717,271,train
44,2718,271,train
44,2719,271,train
44,2720,272,train
44,2721,272,train
44,2722,272,train
44,2723,272,train
44,2724,272,train
44,2725,272,train
44,2726,272,train
44,2727,272,train
44,2728,272,train
44,2729,272,train
44,2730,273,train
44,2731,273,train
44,2732,273,train
44,2733,273,train
44,2734,273,train
44,2735,273,train
44,2736,273,train
44,2737,273,train
44,2738,273,train
44,2739,273,train
44,2740,274,train
44,2741,274,train
44,2742,274,train
44,2743,274,train
44,2744,274,train
44,2745,274,train
44,2746,274,train
44,2747,274,train
44,2748,274,train
44,2749,274,train
44,2760,276,train
44,2761,276,train
44,2762,276,train
44,2763,276,train
44,2764,276,train
44,2765,276,train
44,2766,276,train
44,2767,276,train
44,2768,276,train
44,2769,276,train
44,2770,277,train
44,2771,277,train
44,2772,277,train
44,2773,277,train
44,2774,277,train
44,2775,277,train
44,2776,277,train
44,2777,277,train
44,2778,277,train
44,2779,277,train
44,2790,279,train
44,2791,279,train
44,2792,279,train
44,2793,279,train
44,2794,279,train
44,2795,279,train
44,2796,279,train
44,2797,279,train
44,2798,279,train
44,2799,279,train
44,2800,280,train
44,2801,280,train
44,2802,280,train
44,2803,280,train
44,2804,280,train
44,2805,280,train
44,2806,280,train
44,2807,280,train
44,2808,280,train
44,2809,280,train
44,2810,281,train
44,2811,281,train
44,2812,281,train
44,2813,281,train
44,2814,281,train
44,2815,281,train
44,2816,281,train
44,2817,281,train
44,2818,281,train
44,2819,281,train
44,2820,282,train
44,2821,282,train
44,2822,282,train
44,2823,282,train
44,2824,282,train
44,2825,282,train
44,2826,282,train
44,2827,282,train
44,2828,282,train
44,2829,282,train
44,2830,283,train
44,2831,283,train
44,2832,283,train
44,2833,283,train
44,2834,283,train
44,2835,283,train
44,2836,283,train
44,2837,283,train
44,2838,283,train
44,2839,283,train
44,2840,284,train
44,2841,284,train
44,2842,284,train
44,2843,284,train
44,2844,284,train
44,2845,284,train
44,2846,284,train
44,2847,284,train
44,2848,284,train
44,2849,284,train
44,2850,285,train
44,2851,285,train
44,2852,285,train
44,2853,285,train
44,2854,285,train
44,2855,285,train
44,2856,285,train
44,2857,285,train
44,2858,285,train
44,2859,285,train
44,2890,289,train
44,2891,289,train
44,2892,289,train
44,2893,289,train
44,2894,289,train
44,2895,289,train
44,2896,289,train
44,2897,289,train
44,2898,289,train
44,2899,289,train
44,2910,291,train
44,2911,291,train
44,2912,291,train
44,2913,291,train
44,2914,291,train
44,2915,291,train
44,2916,291,train
44,2917,291,train
44,2918,291,train
44,2919,291,train
44,2920,292,train
44,2921,292,train
44,2922,292,train
44,2923,292,train
44,2924,292,train
44,2925,292,train
44,2926,292,train
44,2927,292,train
44,2928,292,train
44,2929,292,train
44,2940,294,train
44,2941,294,train
44,2942,294,train
44,2943,294,train
44,2944,294,train
44,2945,294,train
44,2946,294,train
44,2947,294,train
44,2948,294,train
44,2949,294,train
44,2980,298,train
44,2981,298,train
44,2982,298,train
44,2983,298,train
44,2984,298,train
44,2985,298,train
44,2986,298,train
44,2987,298,train
44,2988,298,train
44,2989,298,train
44,2990,299,train
44,2991,299,train
44,2992,299,train
44,2993,299,train
44,2994,299,train
44,2995,299,train
44,2996,299,train
44,2997,299,train
44,2998,299,train
44,2999,299,train
44,3010,301,train
44,3011,301,train
44,3012,301,train
44,3013,301,train
44,3014,301,train
44,3015,301,train
44,3016,301,train
44,3017,301,train
44,3018,301,train
44,3019,301,train
44,3040,304,train
44,3041,304,train
44,3042,304,train
44,3043,304,train
44,3044,304,train
44,3045,304,train
44,3046,304,train
44,3047,304,train
44,3048,304,train
44,3049,304,train
44,3050,305,train
44,3051,305,train
44,3052,305,train
44,3053,305,train
44,3054,305,train
44,3055,305,train
44,3056,305,train
44,3057,305,train
44,3058,305,train
44,3059,305,train
44,3070,307,train
44,3071,307,train
44,3072,307,train
44,3073,307,train
44,3074,307,train
44,3075,307,train
44,3076,307,train
44,3077,307,train
44,3078,307,train
44,3079,307,train
44,3080,308,train
44,3081,308,train
44,3082,308,train
44,3083,308,train
44,3084,308,train
44,3085,308,train
44,3086,308,train
44,3087,308,train
44,3088,308,train
44,3089,308,train
44,3090,309,train
44,3091,309,train
44,3092,309,train
44,3093,309,train
44,3094,309,train
44,3095,309,train
44,3096,309,train
44,3097,309,train
44,3098,309,train
44,3099,309,train
44,3100,310,train
44,3101,310,train
44,3102,310,train
44,3103,310,train
44,3104,310,train
44,3105,310,train
44,3106,310,train
44,3107,310,train
44,3108,310,train
44,3109,310,train
44,3120,312,train
44,3121,312,train
44,3122,312,train
44,3123,312,train
44,3124,312,train
44,3125,312,train
44,3126,312,train
44,3127,312,train
44,3128,312,train
44,3129,312,train
44,3140,314,train
44,3141,314,train
44,3142,314,train
44,3143,314,train
44,3144,314,train
44,3145,314,train
44,3146,314,train
44,3147,314,train
44,3148,314,train
44,3149,314,train
44,3150,315,train
44,3151,315,train
44,3152,315,train
44,3153,315,train
44,3154,315,train
44,3155,315,train
44,3156,315,train
44,3157,315,train
44,3158,315,train
44,3159,315,train
44,3160,316,train
44,3161,316,train
44,3162,316,train
44,3163,316,train
44,3164,316,train
44,3165,316,train
44,3166,316,train
44,3167,316,train
44,3168,316,train
44,3169,316,train
44,3180,318,train
44,3181,318,train
44,3182,318,train
44,3183,318,train
44,3184,318,train
44,3185,318,train
44,3186,318,train
44,3187,318,train
44,3188,318,train
44,3189,318,train
44,3190,319,train
44,3191,319,train
44,3192,319,train
44,3193,319,train
44,3194,319,train
44,3195,319,train
44,3196,319,train
44,3197,319,train
44,3198,319,train
44,3199,319,train
44,3200,320,train
44,3201,320,train
44,3202,320,train
44,3203,320,train
44,3204,320,train
44,3205,320,train
44,3206,320,train
44,3207,320,train
44,3208,320,train
44,3209,320,train
44,3210,321,train
44,3211,321,train
44,3212,321,train
44,3213,321,train
44,3214,321,train
44,3215,321,train
44,3216,321,train
44,3217,321,train
44,3218,321,train
44,3219,321,train
44,3240,324,train
44,3241,324,train
44,3242,324,train
44,3243,324,train
44,3244,324,train
44,3245,324,train
44,3246,324,train
44,3247,324,train
44,3248,324,train
44,3249,324,train
44,3250,325,train
44,3251,325,train
44,3252,325,train
44,3253,325,train
44,3254,325,train
44,3255,325,train
44,3256,325,train
44,3257,325,train
44,3258,325,train
44,3259,325,train
44,3260,326,train
44,3261,326,train
44,3262,326,train
44,3263,326,train
44,3264,326,train
44,3265,326,train
44,3266,326,train
44,3267,326,train
44,3268,326,train
44,3269,326,train
44,3270,327,train
44,3271,327,train
44,3272,327,train
44,3273,327,train
44,3274,327,train
44,3275,327,train
44,3276,327,train
44,3277,327,train
44,3278,327,train
44,3279,327,train
44,3280,328,train
44,3281,328,train
44,3282,328,train
44,3283,328,train
44,3284,328,train
44,3285,328,train
44,3286,328,train
44,3287,328,train
44,3288,328,train
44,3289,328,train
44,3310,331,train
44,3311,331,train
44,3312,331,train
44,3313,331,train
44,3314,331,train
44,3315,331,train
44,3316,331,train
44,3317,331,train
44,3318,331,train
44,3319,331,train
44,3330,333,train
44,3331,333,train
44,3332,333,train
44,3333,333,train
44,3334,333,train
44,3335,333,train
44,3336,333,train
44,3337,333,train
44,3338,333,train
44,3339,333,train
44,3340,334,train
44,3341,334,train
44,3342,334,train
44,3343,334,train
44,3344,334,train
44,3345,334,train
44,3346,334,train
44,3347,334,train
44,3348,334,train
44,3349,334,train
44,3350,335,train
44,3351,335,train
44,3352,335,train
44,3353,335,train
44,3354,335,train
44,3355,335,train
44,3356,335,train
44,3357,335,train
44,3358,335,train
44,3359,335,train
44,3370,337,train
44,3371,337,train
44,3372,337,train
44,3373,337,train
44,3374,337,train
44,3375,337,train
44,3376,337,train
44,3377,337,train
44,3378,337,train
44,3379,337,train
44,3380,338,train
44,3381,338,train
44,3382,338,train
44,3383,338,train
44,3384,338,train
44,3385,338,train
44,3386,338,train
44,3387,338,train
44,3388,338,train
44,3389,338,train
44,3420,342,train
44,3421,342,train
44,3422,342,train
44,3423,342,train
44,3424,342,train
44,3425,342,train
44,3426,342,train
44,3427,342,train
44,3428,342,train
44,3429,342,train
44,3440,344,train
44,3441,344,train
44,3442,344,train
44,3443,344,train
44,3444,344,train
44,3445,344,train
44,3446,344,train
44,3447,344,train
44,3448,344,train
44,3449,344,train
44,3460,346,train
44,3461,346,train
44,3462,346,train
44,3463,346,train
44,3464,346,train
44,3465,346,train
44,3466,346,train
44,3467,346,train
44,3468,346,train
44,3469,346,train
44,3470,347,train
44,3471,347,train
44,3472,347,train
44,3473,347,train
44,3474,347,train
44,3475,347,train
44,3476,347,train
44,3477,347,train
44,3478,347,train
44,3479,347,train
44,3480,348,train
44,3481,348,train
44,3482,348,train
44,3483,348,train
44,3484,348,train
44,3485,348,train
44,3486,348,train
44,3487,348,train
44,3488,348,train
44,3489,348,train
44,3490,349,train
44,3491,349,train
44,3492,349,train
44,3493,349,train
44,3494,349,train
44,3495,349,train
44,3496,349,train
44,3497,349,train
44,3498,349,train
44,3499,349,train
44,3520,352,train
44,3521,352,train
44,3522,352,train
44,3523,352,train
44,3524,352,train
44,3525,352,train
44,3526,352,train
44,3527,352,train
44,3528,352,train
44,3529,352,train
44,3540,354,train
44,3541,354,train
44,3542,354,train
44,3543,354,train
44,3544,354,train
44,3545,354,train
44,3546,354,train
44,3547,354,train
44,3548,354,train
44,3549,354,train
44,3550,355,train
44,3551,355,train
44,3552,355,train
44,3553,355,train
44,3554,355,train
44,3555,355,train
44,3556,355,train
44,3557,355,train
44,3558,355,train
44,3559,355,train
44,3560,356,train
44,3561,356,train
44,3562,356,train
44,3563,356,train
44,3564,356,train
44,3565,356,train
44,3566,356,train
44,3567,356,train
44,3568,356,train
44,3569,356,train
44,3570,357,train
44,3571,357,train
44,3572,357,train
44,3573,357,train
44,3574,357,train
44,3575,357,train
44,3576,357,train
44,3577,357,train
44,3578,357,train
44,3579,357,train
44,3580,358,train
44,3581,358,train
44,3582,358,train
44,3583,358,train
44,3584,358,train
44,3585,358,train
44,3586,358,train
44,3587,358,train
44,3588,358,train
44,3589,358,train
44,3590,359,train
44,3591,359,train
44,3592,359,train
44,3593,359,train
44,3594,359,train
44,3595,359,train
44,3596,359,train
44,3597,359,train
44,3598,359,train
44,3599,359,train
44,3610,361,train
44,3611,361,train
44,3612,361,train
44,3613,361,train
44,3614,361,train
44,3615,361,train
44,3616,361,train
44,3617,361,train
44,3618,361,train
44,3619,361,train
44,3620,362,train
44,3621,362,train
44,3622,362,train
44,3623,362,train
44,3624,362,train
44,3625,362,train
44,3626,362,train
44,3627,362,train
44,3628,362,train
44,3629,362,train
44,3630,363,train
44,3631,363,train
44,3632,363,train
44,3633,363,train
44,3634,363,train
44,3635,363,train
44,3636,363,train
44,3637,363,train
44,3638,363,train
44,3639,363,train
44,3650,365,train
44,3651,365,train
44,3652,365,train
44,3653,365,train
44,3654,365,train
44,3655,365,train
44,3656,365,train
44,3657,365,train
44,3658,365,train
44,3659,365,train
44,3680,368,train
44,3681,368,train
44,3682,368,train
44,3683,368,train
44,3684,368,train
44,3685,368,train
44,3686,368,train
44,3687,368,train
44,3688,368,train
44,3689,368,train
44,3700,370,train
44,3701,370,train
44,3702,370,train
44,3703,370,train
44,3704,370,train
44,3705,370,train
44,3706,370,train
44,3707,370,train
44,3708,370,train
44,3709,370,train
44,3710,371,train
44,3711,371,train
44,3712,371,train
44,3713,371,train
44,3714,371,train
44,3715,371,train
44,3716,371,train
44,3717,371,train
44,3718,371,train
44,3719,371,train
44,3720,372,train
44,3721,372,train
44,3722,372,train
44,3723,372,train
44,3724,372,train
44,3725,372,train
44,3726,372,train
44,3727,372,train
44,3728,372,train
44,3729,372,train
44,3730,373,train
44,3731,373,train
44,3732,373,train
44,3733,373,train
44,3734,373,train
44,3735,373,train
44,3736,373,train
44,3737,373,train
44,3738,373,train
44,3739,373,train
44,3750,375,train
44,3751,375,train
44,3752,375,train
44,3753,375,train
44,3754,375,train
44,3755,375,train
44,3756,375,train
44,3757,375,train
44,3758,375,train
44,3759,375,train
44,3760,376,train
44,3761,376,train
44,3762,376,train
44,3763,376,train
44,3764,376,train
44,3765,376,train
44,3766,376,train
44,3767,376,train
44,3768,376,train
44,3769,376,train
44,3780,378,train
44,3781,378,train
44,3782,378,train
44,3783,378,train
44,3784,378,train
44,3785,378,train
44,3786,378,train
44,3787,378,train
44,3788,378,train
44,3789,378,train
44,3810,381,train
44,3811,381,train
44,3812,381,train
44,3813,381,train
44,3814,381,train
44,3815,381,train
44,3816,381,train
44,3817,381,train
44,3818,381,train
44,3819,381,train
44,3820,382,train
44,3821,382,train
44,3822,382,train
44,3823,382,train
44,3824,382,train
44,3825,382,train
44,3826,382,train
44,3827,382,train
44,3828,382,train
44,3829,382,train
44,3840,384,train
44,3841,384,train
44,3842,384,train
44,3843,384,train
44,3844,384,train
44,3845,384,train
44,3846,384,train
44,3847,384,train
44,3848,384,train
44,3849,384,train
44,3850,385,train
44,3851,385,train
44,3852,385,train
44,3853,385,train
44,3854,385,train
44,3855,385,train
44,3856,385,train
44,3857,385,train
44,3858,385,train
44,3859,385,train
44,3860,386,train
44,3861,386,train
44,3862,386,train
44,3863,386,train
44,3864,386,train
44,3865,386,train
44,3866,386,train
44,3867,386,train
44,3868,386,train
44,3869,386,train
44,3870,387,train
44,3871,387,train
44,3872,387,train
44,3873,387,train
44,3874,387,train
44,3875,387,train
44,3876,387,train
44,3877,387,train
44,3878,387,train
44,3879,387,train
44,3890,389,train
44,3891,389,train
44,3892,389,train
44,3893,389,train
44,3894,389,train
44,3895,389,train
44,3896,389,train
44,3897,389,train
44,3898,389,train
44,3899,389,train
44,3910,391,train
44,3911,391,train
44,3912,391,train
44,3913,391,train
44,3914,391,train
44,3915,391,train
44,3916,391,train
44,3917,391,train
44,3918,391,train
44,3919,391,train
44,3920,392,train
44,3921,392,train
44,3922,392,train
44,3923,392,train
44,3924,392,train
44,3925,392,train
44,3926,392,train
44,3927,392,train
44,3928,392,train
44,3929,392,train
44,3930,393,train
44,3931,393,train
44,3932,393,train
44,3933,393,train
44,3934,393,train
44,3935,393,train
44,3936,393,train
44,3937,393,train
44,3938,393,train
44,3939,393,train
44,3940,394,train
44,3941,394,train
44,3942,394,train
44,3943,394,train
44,3944,394,train
44,3945,394,train
44,3946,394,train
44,3947,394,train
44,3948,394,train
44,3949,394,train
44,3960,396,train
44,3961,396,train
44,3962,396,train
44,3963,396,train
44,3964,396,train
44,3965,396,train
44,3966,396,train
44,3967,396,train
44,3968,396,train
44,3969,396,train
44,3980,398,train
44,3981,398,train
44,3982,398,train
44,3983,398,train
44,3984,398,train
44,3985,398,train
44,3986,398,train
44,3987,398,train
44,3988,398,train
44,3989,398,train
44,3990,399,train
44,3991,399,train
44,3992,399,train
44,3993,399,train
44,3994,399,train
44,3995,399,train
44,3996,399,train
44,3997,399,train
44,3998,399,train
44,3999,399,train
44,4020,402,train
44,4021,402,train
44,4022,402,train
44,4023,402,train
44,4024,402,train
44,4025,402,train
44,4026,402,train
44,4027,402,train
44,4028,402,train
44,4029,402,train
44,4040,404,train
44,4041,404,train
44,4042,404,train
44,4043,404,train
44,4044,404,train
44,4045,404,train
44,4046,404,train
44,4047,404,train
44,4048,404,train
44,4049,404,train
44,4050,405,train
44,4051,405,train
44,4052,405,train
44,4053,405,train
44,4054,405,train
44,4055,405,train
44,4056,405,train
44,4057,405,train
44,4058,405,train
44,4059,405,train
44,4100,410,train
44,4101,410,train
44,4102,410,train
44,4103,410,train
44,4104,410,train
44,4105,410,train
44,4106,410,train
44,4107,410,train
44,4108,410,train
44,4109,410,train
44,4110,411,train
44,4111,411,train
44,4112,411,train
44,4113,411,train
44,4114,411,train
44,4115,411,train
44,4116,411,train
44,4117,411,train
44,4118,411,train
44,4119,411,train
44,4120,412,train
44,4121,412,train
44,4122,412,train
44,4123,412,train
44,4124,412,train
44,4125,412,train
44,4126,412,train
44,4127,412,train
44,4128,412,train
44,4129,412,train
44,4150,415,train
44,4151,415,train
44,4152,415,train
44,4153,415,train
44,4154,415,train
44,4155,415,train
44,4156,415,train
44,4157,415,train
44,4158,415,train
44,4159,415,train
44,4170,417,train
44,4171,417,train
44,4172,417,train
44,4173,417,train
44,4174,417,train
44,4175,417,train
44,4176,417,train
44,4177,417,train
44,4178,417,train
44,4179,417,train
44,4220,422,train
44,4221,422,train
44,4222,422,train
44,4223,422,train
44,4224,422,train
44,4225,422,train
44,4226,422,train
44,4227,422,train
44,4228,422,train
44,4229,422,train
44,4230,423,train
44,4231,423,train
44,4232,423,train
44,4233,423,train
44,4234,423,train
44,4235,423,train
44,4236,423,train
44,4237,423,train
44,4238,423,train
44,4239,423,train
44,4240,424,train
44,4241,424,train
44,4242,424,train
44,4243,424,train
44,4244,424,train
44,4245,424,train
44,4246,424,train
44,4247,424,train
44,4248,424,train
44,4249,424,train
44,4260,426,train
44,4261,426,train
44,4262,426,train
44,4263,426,train
44,4264,426,train
44,4265,426,train
44,4266,426,train
44,4267,426,train
44,4268,426,train
44,4269,426,train
44,4300,430,train
44,4301,430,train
44,4302,430,train
44,4303,430,train
44,4304,430,train
44,4305,430,train
44,4306,430,train
44,4307,430,train
44,4308,430,train
44,4309,430,train
44,4310,431,train
44,4311,431,train
44,4312,431,train
44,4313,431,train
44,4314,431,train
44,4315,431,train
44,4316,431,train
44,4317,431,train
44,4318,431,train
44,4319,431,train
44,4320,432,train
44,4321,432,train
44,4322,432,train
44,4323,432,train
44,4324,432,train
44,4325,432,train
44,4326,432,train
44,4327,432,train
44,4328,432,train
44,4329,432,train
44,4340,434,train
44,4341,434,train
44,4342,434,train
44,4343,434,train
44,4344,434,train
44,4345,434,train
44,4346,434,train
44,4347,434,train
44,4348,434,train
44,4349,434,train
44,4350,435,train
44,4351,435,train
44,4352,435,train
44,4353,435,train
44,4354,435,train
44,4355,435,train
44,4356,435,train
44,4357,435,train
44,4358,435,train
44,4359,435,train
44,4360,436,train
44,4361,436,train
44,4362,436,train
44,4363,436,train
44,4364,436,train
44,4365,436,train
44,4366,436,train
44,4367,436,train
44,4368,436,train
44,4369,436,train
44,4370,437,train
44,4371,437,train
44,4372,437,train
44,4373,437,train
44,4374,437,train
44,4375,437,train
44,4376,437,train
44,4377,437,train
44,4378,437,train
44,4379,437,train
44,4390,439,train
44,4391,439,train
44,4392,439,train
44,4393,439,train
44,4394,439,train
44,4395,439,train
44,4396,439,train
44,4397,439,train
44,4398,439,train
44,4399,439,train
44,4400,440,train
44,4401,440,train
44,4402,440,train
44,4403,440,train
44,4404,440,train
44,4405,440,train
44,4406,440,train
44,4407,440,train
44,4408,440,train
44,4409,440,train
44,4410,441,train
44,4411,441,train
44,4412,441,train
44,4413,441,train
44,4414,441,train
44,4415,441,train
44,4416,441,train
44,4417,441,train
44,4418,441,train
44,4419,441,train
44,4420,442,train
44,4421,442,train
44,4422,442,train
44,4423,442,train
44,4424,442,train
44,4425,442,train
44,4426,442,train
44,4427,442,train
44,4428,442,train
44,4429,442,train
44,4430,443,train
44,4431,443,train
44,4432,443,train
44,4433,443,train
44,4434,443,train
44,4435,443,train
44,4436,443,train
44,4437,443,train
44,4438,443,train
44,4439,443,train
44,4450,445,train
44,4451,445,train
44,4452,445,train
44,4453,445,train
44,4454,445,train
44,4455,445,train
44,4456,445,train
44,4457,445,train
44,4458,445,train
44,4459,445,train
44,4460,446,train
44,4461,446,train
44,4462,446,train
44,4463,446,train
44,4464,446,train
44,4465,446,train
44,4466,446,train
44,4467,446,train
44,4468,446,train
44,4469,446,train
44,4470,447,train
44,4471,447,train
44,4472,447,train
44,4473,447,train
44,4474,447,train
44,4475,447,train
44,4476,447,train
44,4477,447,train
44,4478,447,train
44,4479,447,train
44,4480,448,train
44,4481,448,train
44,4482,448,train
44,4483,448,train
44,4484,448,train
44,4485,448,train
44,4486,448,train
44,4487,448,train
44,4488,448,train
44,4489,448,train
44,4490,449,train
44,4491,449,train
44,4492,449,train
44,4493,449,train
44,4494,449,train
44,4495,449,train
44,4496,449,train
44,4497,449,train
44,4498,449,train
44,4499,449,train
44,4500,450,train
44,4501,450,train
44,4502,450,train
44,4503,450,train
44,4504,450,train
44,4505,450,train
44,4506,450,train
44,4507,450,train
44,4508,450,train
44,4509,450,train
44,4520,452,train
44,4521,452,train
44,4522,452,train
44,4523,452,train
44,4524,452,train
44,4525,452,train
44,4526,452,train
44,4527,452,train
44,4528,452,train
44,4529,452,train
44,4530,453,train
44,4531,453,train
44,4532,453,train
44,4533,453,train
44,4534,453,train
44,4535,453,train
44,4536,453,train
44,4537,453,train
44,4538,453,train
44,4539,453,train
44,4550,455,train
44,4551,455,train
44,4552,455,train
44,4553,455,train
44,4554,455,train
44,4555,455,train
44,4556,455,train
44,4557,455,train
44,4558,455,train
44,4559,455,train
44,4560,456,train
44,4561,456,train
44,4562,456,train
44,4563,456,train
44,4564,456,train
44,4565,456,train
44,4566,456,train
44,4567,456,train
44,4568,456,train
44,4569,456,train
44,4580,458,train
44,4581,458,train
44,4582,458,train
44,4583,458,train
44,4584,458,train
44,4585,458,train
44,4586,458,train
44,4587,458,train
44,4588,458,train
44,4589,458,train
44,4630,463,train
44,4631,463,train
44,4632,463,train
44,4633,463,train
44,4634,463,train
44,4635,463,train
44,4636,463,train
44,4637,463,train
44,4638,463,train
44,4639,463,train
44,4650,465,train
44,4651,465,train
44,4652,465,train
44,4653,465,train
44,4654,465,train
44,4655,465,train
44,4656,465,train
44,4657,465,train
44,4658,465,train
44,4659,465,train
44,4680,468,train
44,4681,468,train
44,4682,468,train
44,4683,468,train
44,4684,468,train
44,4685,468,train
44,4686,468,train
44,4687,468,train
44,4688,468,train
44,4689,468,train
44,4690,469,train
44,4691,469,train
44,4692,469,train
44,4693,469,train
44,4694,469,train
44,4695,469,train
44,4696,469,train
44,4697,469,train
44,4698,469,train
44,4699,469,train
44,4710,471,train
44,4711,471,train
44,4712,471,train
44,4713,471,train
44,4714,471,train
44,4715,471,train
44,4716,471,train
44,4717,471,train
44,4718,471,train
44,4719,471,train
44,4720,472,train
44,4721,472,train
44,4722,472,train
44,4723,472,train
44,4724,472,train
44,4725,472,train
44,4726,472,train
44,4727,472,train
44,4728,472,train
44,4729,472,train
44,4730,473,train
44,4731,473,train
44,4732,473,train
44,4733,473,train
44,4734,473,train
44,4735,473,train
44,4736,473,train
44,4737,473,train
44,4738,473,train
44,4739,473,train
44,4740,474,train
44,4741,474,train
44,4742,474,train
44,4743,474,train
44,4744,474,train
44,4745,474,train
44,4746,474,train
44,4747,474,train
44,4748,474,train
44,4749,474,train
44,4760,476,train
44,4761,476,train
44,4762,476,train
44,4763,476,train
44,4764,476,train
44,4765,476,train
44,4766,476,train
44,4767,476,train
44,4768,476,train
44,4769,476,train
44,4780,478,train
44,4781,478,train
44,4782,478,train
44,4783,478,train
44,4784,478,train
44,4785,478,train
44,4786,478,train
44,4787,478,train
44,4788,478,train
44,4789,478,train
44,4790,479,train
44,4791,479,train
44,4792,479,train
44,4793,479,train
44,4794,479,train
44,4795,479,train
44,4796,479,train
44,4797,479,train
44,4798,479,train
44,4799,479,train
44,4810,481,train
44,4811,481,train
44,4812,481,train
44,4813,481,train
44,4814,481,train
44,4815,481,train
44,4816,481,train
44,4817,481,train
44,4818,481,train
44,4819,481,train
44,4830,483,train
44,4831,483,train
44,4832,483,train
44,4833,483,train
44,4834,483,train
44,4835,483,train
44,4836,483,train
44,4837,483,train
44,4838,483,train
44,4839,483,train
44,4840,484,train
44,4841,484,train
44,4842,484,train
44,4843,484,train
44,4844,484,train
44,4845,484,train
44,4846,484,train
44,4847,484,train
44,4848,484,train
44,4849,484,train
44,4880,488,train
44,4881,488,train
44,4882,488,train
44,4883,488,train
44,4884,488,train
44,4885,488,train
44,4886,488,train
44,4887,488,train
44,4888,488,train
44,4889,488,train
44,4890,489,train
44,4891,489,train
44,4892,489,train
44,4893,489,train
44,4894,489,train
44,4895,489,train
44,4896,489,train
44,4897,489,train
44,4898,489,train
44,4899,489,train
44,4900,490,train
44,4901,490,train
44,4902,490,train
44,4903,490,train
44,4904,490,train
44,4905,490,train
44,4906,490,train
44,4907,490,train
44,4908,490,train
44,4909,490,train
44,4910,491,train
44,4911,491,train
44,4912,491,train
44,4913,491,train
44,4914,491,train
44,4915,491,train
44,4916,491,train
44,4917,491,train
44,4918,491,train
44,4919,491,train
44,4920,492,train
44,4921,492,train
44,4922,492,train
44,4923,492,train
44,4924,492,train
44,4925,492,train
44,4926,492,train
44,4927,492,train
44,4928,492,train
44,4929,492,train
44,4980,498,train
44,4981,498,train
44,4982,498,train
44,4983,498,train
44,4984,498,train
44,4985,498,train
44,4986,498,train
44,4987,498,train
44,4988,498,train
44,4989,498,train
44,5010,501,train
44,5011,501,train
44,5012,501,train
44,5013,501,train
44,5014,501,train
44,5015,501,train
44,5016,501,train
44,5017,501,train
44,5018,501,train
44,5019,501,train
44,5020,502,train
44,5021,502,train
44,5022,502,train
44,5023,502,train
44,5024,502,train
44,5025,502,train
44,5026,502,train
44,5027,502,train
44,5028,502,train
44,5029,502,train
44,5030,503,train
44,5031,503,train
44,5032,503,train
44,5033,503,train
44,5034,503,train
44,5035,503,train
44,5036,503,train
44,5037,503,train
44,5038,503,train
44,5039,503,train
44,5040,504,train
44,5041,504,train
44,5042,504,train
44,5043,504,train
44,5044,504,train
44,5045,504,train
44,5046,504,train
44,5047,504,train
44,5048,504,train
44,5049,504,train
44,5050,505,train
44,5051,505,train
44,5052,505,train
44,5053,505,train
44,5054,505,train
44,5055,505,train
44,5056,505,train
44,5057,505,train
44,5058,505,train
44,5059,505,train
44,5060,506,train
44,5061,506,train
44,5062,506,train
44,5063,506,train
44,5064,506,train
44,5065,506,train
44,5066,506,train
44,5067,506,train
44,5068,506,train
44,5069,506,train
44,5080,508,train
44,5081,508,train
44,5082,508,train
44,5083,508,train
44,5084,508,train
44,5085,508,train
44,5086,508,train
44,5087,508,train
44,5088,508,train
44,5089,508,train
44,5090,509,train
44,5091,509,train
44,5092,509,train
44,5093,509,train
44,5094,509,train
44,5095,509,train
44,5096,509,train
44,5097,509,train
44,5098,509,train
44,5099,509,train
44,5110,511,train
44,5111,511,train
44,5112,511,train
44,5113,511,train
44,5114,511,train
44,5115,511,train
44,5116,511,train
44,5117,511,train
44,5118,511,train
44,5119,511,train
44,5130,513,train
44,5131,513,train
44,5132,513,train
44,5133,513,train
44,5134,513,train
44,5135,513,train
44,5136,513,train
44,5137,513,train
44,5138,513,train
44,5139,513,train
44,5150,515,train
44,5151,515,train
44,5152,515,train
44,5153,515,train
44,5154,515,train
44,5155,515,train
44,5156,515,train
44,5157,515,train
44,5158,515,train
44,5159,515,train
44,5180,518,train
44,5181,518,train
44,5182,518,train
44,5183,518,train
44,5184,518,train
44,5185,518,train
44,5186,518,train
44,5187,518,train
44,5188,518,train
44,5189,518,train
44,5200,520,train
44,5201,520,train
44,5202,520,train
44,5203,520,train
44,5204,520,train
44,5205,520,train
44,5206,520,train
44,5207,520,train
44,5208,520,train
44,5209,520,train
44,5220,522,train
44,5221,522,train
44,5222,522,train
44,5223,522,train
44,5224,522,train
44,5225,522,train
44,5226,522,train
44,5227,522,train
44,5228,522,train
44,5229,522,train
44,5230,523,train
44,5231,523,train
44,5232,523,train
44,5233,523,train
44,5234,523,train
44,5235,523,train
44,5236,523,train
44,5237,523,train
44,5238,523,train
44,5239,523,train
44,5250,525,train
44,5251,525,train
44,5252,525,train
44,5253,525,train
44,5254,525,train
44,5255,525,train
44,5256,525,train
44,5257,525,train
44,5258,525,train
44,5259,525,train
44,5270,527,train
44,5271,527,train
44,5272,527,train
44,5273,527,train
44,5274,527,train
44,5275,527,train
44,5276,527,train
44,5277,527,train
44,5278,527,train
44,5279,527,train
44,5290,529,train
44,5291,529,train
44,5292,529,train
44,5293,529,train
44,5294,529,train
44,5295,529,train
44,5296,529,train
44,5297,529,train
44,5298,529,train
44,5299,529,train
44,5300,530,train
44,5301,530,train
44,5302,530,train
44,5303,530,train
44,5304,530,train
44,5305,530,train
44,5306,530,train
44,5307,530,train
44,5308,530,train
44,5309,530,train
44,5320,532,train
44,5321,532,train
44,5322,532,train
44,5323,532,train
44,5324,532,train
44,5325,532,train
44,5326,532,train
44,5327,532,train
44,5328,532,train
44,5329,532,train
44,5330,533,train
44,5331,533,train
44,5332,533,train
44,5333,533,train
44,5334,533,train
44,5335,533,train
44,5336,533,train
44,5337,533,train
44,5338,533,train
44,5339,533,train
44,5340,534,train
44,5341,534,train
44,5342,534,train
44,5343,534,train
44,5344,534,train
44,5345,534,train
44,5346,534,train
44,5347,534,train
44,5348,534,train
44,5349,534,train
44,5360,536,train
44,5361,536,train
44,5362,536,train
44,5363,536,train
44,5364,536,train
44,5365,536,train
44,5366,536,train
44,5367,536,train
44,5368,536,train
44,5369,536,train
44,5390,539,train
44,5391,539,train
44,5392,539,train
44,5393,539,train
44,5394,539,train
44,5395,539,train
44,5396,539,train
44,5397,539,train
44,5398,539,train
44,5399,539,train
44,5400,540,train
44,5401,540,train
44,5402,540,train
44,5403,540,train
44,5404,540,train
44,5405,540,train
44,5406,540,train
44,5407,540,train
44,5408,540,train
44,5409,540,train
44,5410,541,train
44,5411,541,train
44,5412,541,train
44,5413,541,train
44,5414,541,train
44,5415,541,train
44,5416,541,train
44,5417,541,train
44,5418,541,train
44,5419,541,train
44,5430,543,train
44,5431,543,train
44,5432,543,train
44,5433,543,train
44,5434,543,train
44,5435,543,train
44,5436,543,train
44,5437,543,train
44,5438,543,train
44,5439,543,train
44,5480,548,train
44,5481,548,train
44,5482,548,train
44,5483,548,train
44,5484,548,train
44,5485,548,train
44,5486,548,train
44,5487,548,train
44,5488,548,train
44,5489,548,train
44,5490,549,train
44,5491,549,train
44,5492,549,train
44,5493,549,train
44,5494,549,train
44,5495,549,train
44,5496,549,train
44,5497,549,train
44,5498,549,train
44,5499,549,train
44,5520,552,train
44,5521,552,train
44,5522,552,train
44,5523,552,train
44,5524,552,train
44,5525,552,train
44,5526,552,train
44,5527,552,train
44,5528,552,train
44,5529,552,train
44,5530,553,train
44,5531,553,train
44,5532,553,train
44,5533,553,train
44,5534,553,train
44,5535,553,train
44,5536,553,train
44,5537,553,train
44,5538,553,train
44,5539,553,train
44,5550,555,train
44,5551,555,train
44,5552,555,train
44,5553,555,train
44,5554,555,train
44,5555,555,train
44,5556,555,train
44,5557,555,train
44,5558,555,train
44,5559,555,train
44,5580,558,train
44,5581,558,train
44,5582,558,train
44,5583,558,train
44,5584,558,train
44,5585,558,train
44,5586,558,train
44,5587,558,train
44,5588,558,train
44,5589,558,train
44,5590,559,train
44,5591,559,train
44,5592,559,train
44,5593,559,train
44,5594,559,train
44,5595,559,train
44,5596,559,train
44,5597,559,train
44,5598,559,train
44,5599,559,train
44,5620,562,train
44,5621,562,train
44,5622,562,train
44,5623,562,train
44,5624,562,train
44,5625,562,train
44,5626,562,train
44,5627,562,train
44,5628,562,train
44,5629,562,train
44,5650,565,train
44,5651,565,train
44,5652,565,train
44,5653,565,train
44,5654,565,train
44,5655,565,train
44,5656,565,train
44,5657,565,train
44,5658,565,train
44,5659,565,train
44,5660,566,train
44,5661,566,train
44,5662,566,train
44,5663,566,train
44,5664,566,train
44,5665,566,train
44,5666,566,train
44,5667,566,train
44,5668,566,train
44,5669,566,train
44,5680,568,train
44,5681,568,train
44,5682,568,train
44,5683,568,train
44,5684,568,train
44,5685,568,train
44,5686,568,train
44,5687,568,train
44,5688,568,train
44,5689,568,train
44,5690,569,train
44,5691,569,train
44,5692,569,train
44,5693,569,train
44,5694,569,train
44,5695,569,train
44,5696,569,train
44,5697,569,train
44,5698,569,train
44,5699,569,train
44,5700,570,train
44,5701,570,train
44,5702,570,train
44,5703,570,train
44,5704,570,train
44,5705,570,train
44,5706,570,train
44,5707,570,train
44,5708,570,train
44,5709,570,train
44,5730,573,train
44,5731,573,train
44,5732,573,train
44,5733,573,train
44,5734,573,train
44,5735,573,train
44,5736,573,train
44,5737,573,train
44,5738,573,train
44,5739,573,train
44,5800,580,train
44,5801,580,train
44,5802,580,train
44,5803,580,train
44,5804,580,train
44,5805,580,train
44,5806,580,train
44,5807,580,train
44,5808,580,train
44,5809,580,train
44,5820,582,train
44,5821,582,train
44,5822,582,train
44,5823,582,train
44,5824,582,train
44,5825,582,train
44,5826,582,train
44,5827,582,train
44,5828,582,train
44,5829,582,train
44,5830,583,train
44,5831,583,train
44,5832,583,train
44,5833,583,train
44,5834,583,train
44,5835,583,train
44,5836,583,train
44,5837,583,train
44,5838,583,train
44,5839,583,train
44,5850,585,train
44,5851,585,train
44,5852,585,train
44,5853,585,train
44,5854,585,train
44,5855,585,train
44,5856,585,train
44,5857,585,train
44,5858,585,train
44,5859,585,train
44,5860,586,train
44,5861,586,train
44,5862,586,train
44,5863,586,train
44,5864,586,train
44,5865,586,train
44,5866,586,train
44,5867,586,train
44,5868,586,train
44,5869,586,train
44,5870,587,train
44,5871,587,train
44,5872,587,train
44,5873,587,train
44,5874,587,train
44,5875,587,train
44,5876,587,train
44,5877,587,train
44,5878,587,train
44,5879,587,train
44,5890,589,train
44,5891,589,train
44,5892,589,train
44,5893,589,train
44,5894,589,train
44,5895,589,train
44,5896,589,train
44,5897,589,train
44,5898,589,train
44,5899,589,train
44,5900,590,train
44,5901,590,train
44,5902,590,train
44,5903,590,train
44,5904,590,train
44,5905,590,train
44,5906,590,train
44,5907,590,train
44,5908,590,train
44,5909,590,train
44,5910,591,train
44,5911,591,train
44,5912,591,train
44,5913,591,train
44,5914,591,train
44,5915,591,train
44,5916,591,train
44,5917,591,train
44,5918,591,train
44,5919,591,train
44,5920,592,train
44,5921,592,train
44,5922,592,train
44,5923,592,train
44,5924,592,train
44,5925,592,train
44,5926,592,train
44,5927,592,train
44,5928,592,train
44,5929,592,train
44,5930,593,train
44,5931,593,train
44,5932,593,train
44,5933,593,train
44,5934,593,train
44,5935,593,train
44,5936,593,train
44,5937,593,train
44,5938,593,train
44,5939,593,train
44,5950,595,train
44,5951,595,train
44,5952,595,train
44,5953,595,train
44,5954,595,train
44,5955,595,train
44,5956,595,train
44,5957,595,train
44,5958,595,train
44,5959,595,train
44,5960,596,train
44,5961,596,train
44,5962,596,train
44,5963,596,train
44,5964,596,train
44,5965,596,train
44,5966,596,train
44,5967,596,train
44,5968,596,train
44,5969,596,train
44,5970,597,train
44,5971,597,train
44,5972,597,train
44,5973,597,train
44,5974,597,train
44,5975,597,train
44,5976,597,train
44,5977,597,train
44,5978,597,train
44,5979,597,train
44,5980,598,train
44,5981,598,train
44,5982,598,train
44,5983,598,train
44,5984,598,train
44,5985,598,train
44,5986,598,train
44,5987,598,train
44,5988,598,train
44,5989,598,train
44,6020,602,train
44,6021,602,train
44,6022,602,train
44,6023,602,train
44,6024,602,train
44,6025,602,train
44,6026,602,train
44,6027,602,train
44,6028,602,train
44,6029,602,train
44,6030,603,train
44,6031,603,train
44,6032,603,train
44,6033,603,train
44,6034,603,train
44,6035,603,train
44,6036,603,train
44,6037,603,train
44,6038,603,train
44,6039,603,train
44,6040,604,train
44,6041,604,train
44,6042,604,train
44,6043,604,train
44,6044,604,train
44,6045,604,train
44,6046,604,train
44,6047,604,train
44,6048,604,train
44,6049,604,train
44,6050,605,train
44,6051,605,train
44,6052,605,train
44,6053,605,train
44,6054,605,train
44,6055,605,train
44,6056,605,train
44,6057,605,train
44,6058,605,train
44,6059,605,train
44,6120,612,train
44,6121,612,train
44,6122,612,train
44,6123,612,train
44,6124,612,train
44,6125,612,train
44,6126,612,train
44,6127,612,train
44,6128,612,train
44,6129,612,train
44,6130,613,train
44,6131,613,train
44,6132,613,train
44,6133,613,train
44,6134,613,train
44,6135,613,train
44,6136,613,train
44,6137,613,train
44,6138,613,train
44,6139,613,train
44,6140,614,train
44,6141,614,train
44,6142,614,train
44,6143,614,train
44,6144,614,train
44,6145,614,train
44,6146,614,train
44,6147,614,train
44,6148,614,train
44,6149,614,train
44,6160,616,train
44,6161,616,train
44,6162,616,train
44,6163,616,train
44,6164,616,train
44,6165,616,train
44,6166,616,train
44,6167,616,train
44,6168,616,train
44,6169,616,train
44,6170,617,train
44,6171,617,train
44,6172,617,train
44,6173,617,train
44,6174,617,train
44,6175,617,train
44,6176,617,train
44,6177,617,train
44,6178,617,train
44,6179,617,train
44,6180,618,train
44,6181,618,train
44,6182,618,train
44,6183,618,train
44,6184,618,train
44,6185,618,train
44,6186,618,train
44,6187,618,train
44,6188,618,train
44,6189,618,train
44,6220,622,train
44,6221,622,train
44,6222,622,train
44,6223,622,train
44,6224,622,train
44,6225,622,train
44,6226,622,train
44,6227,622,train
44,6228,622,train
44,6229,622,train
44,6240,624,train
44,6241,624,train
44,6242,624,train
44,6243,624,train
44,6244,624,train
44,6245,624,train
44,6246,624,train
44,6247,624,train
44,6248,624,train
44,6249,624,train
44,6290,629,train
44,6291,629,train
44,6292,629,train
44,6293,629,train
44,6294,629,train
44,6295,629,train
44,6296,629,train
44,6297,629,train
44,6298,629,train
44,6299,629,train
44,6300,630,train
44,6301,630,train
44,6302,630,train
44,6303,630,train
44,6304,630,train
44,6305,630,train
44,6306,630,train
44,6307,630,train
44,6308,630,train
44,6309,630,train
44,6310,631,train
44,6311,631,train
44,6312,631,train
44,6313,631,train
44,6314,631,train
44,6315,631,train
44,6316,631,train
44,6317,631,train
44,6318,631,train
44,6319,631,train
44,6340,634,train
44,6341,634,train
44,6342,634,train
44,6343,634,train
44,6344,634,train
44,6345,634,train
44,6346,634,train
44,6347,634,train
44,6348,634,train
44,6349,634,train
44,6390,639,train
44,6391,639,train
44,6392,639,train
44,6393,639,train
44,6394,639,train
44,6395,639,train
44,6396,639,train
44,6397,639,train
44,6398,639,train
44,6399,639,train
44,6410,641,train
44,6411,641,train
44,6412,641,train
44,6413,641,train
44,6414,641,train
44,6415,641,train
44,6416,641,train
44,6417,641,train
44,6418,641,train
44,6419,641,train
44,6420,642,train
44,6421,642,train
44,6422,642,train
44,6423,642,train
44,6424,642,train
44,6425,642,train
44,6426,642,train
44,6427,642,train
44,6428,642,train
44,6429,642,train
44,6430,643,train
44,6431,643,train
44,6432,643,train
44,6433,643,train
44,6434,643,train
44,6435,643,train
44,6436,643,train
44,6437,643,train
44,6438,643,train
44,6439,643,train
44,6440,644,train
44,6441,644,train
44,6442,644,train
44,6443,644,train
44,6444,644,train
44,6445,644,train
44,6446,644,train
44,6447,644,train
44,6448,644,train
44,6449,644,train
44,6450,645,train
44,6451,645,train
44,6452,645,train
44,6453,645,train
44,6454,645,train
44,6455,645,train
44,6456,645,train
44,6457,645,train
44,6458,645,train
44,6459,645,train
44,6470,647,train
44,6471,647,train
44,6472,647,train
44,6473,647,train
44,6474,647,train
44,6475,647,train
44,6476,647,train
44,6477,647,train
44,6478,647,train
44,6479,647,train
44,6500,650,train
44,6501,650,train
44,6502,650,train
44,6503,650,train
44,6504,650,train
44,6505,650,train
44,6506,650,train
44,6507,650,train
44,6508,650,train
44,6509,650,train
44,6510,651,train
44,6511,651,train
44,6512,651,train
44,6513,651,train
44,6514,651,train
44,6515,651,train
44,6516,651,train
44,6517,651,train
44,6518,651,train
44,6519,651,train
44,6520,652,train
44,6521,652,train
44,6522,652,train
44,6523,652,train
44,6524,652,train
44,6525,652,train
44,6526,652,train
44,6527,652,train
44,6528,652,train
44,6529,652,train
44,6530,653,train
44,6531,653,train
44,6532,653,train
44,6533,653,train
44,6534,653,train
44,6535,653,train
44,6536,653,train
44,6537,653,train
44,6538,653,train
44,6539,653,train
44,6540,654,train
44,6541,654,train
44,6542,654,train
44,6543,654,train
44,6544,654,train
44,6545,654,train
44,6546,654,train
44,6547,654,train
44,6548,654,train
44,6549,654,train
44,6560,656,train
44,6561,656,train
44,6562,656,train
44,6563,656,train
44,6564,656,train
44,6565,656,train
44,6566,656,train
44,6567,656,train
44,6568,656,train
44,6569,656,train
44,6600,660,train
44,6601,660,train
44,6602,660,train
44,6603,660,train
44,6604,660,train
44,6605,660,train
44,6606,660,train
44,6607,660,train
44,6608,660,train
44,6609,660,train
44,6610,661,train
44,6611,661,train
44,6612,661,train
44,6613,661,train
44,6614,661,train
44,6615,661,train
44,6616,661,train
44,6617,661,train
44,6618,661,train
44,6619,661,train
44,6620,662,train
44,6621,662,train
44,6622,662,train
44,6623,662,train
44,6624,662,train
44,6625,662,train
44,6626,662,train
44,6627,662,train
44,6628,662,train
44,6629,662,train
44,6630,663,train
44,6631,663,train
44,6632,663,train
44,6633,663,train
44,6634,663,train
44,6635,663,train
44,6636,663,train
44,6637,663,train
44,6638,663,train
44,6639,663,train
44,6640,664,train
44,6641,664,train
44,6642,664,train
44,6643,664,train
44,6644,664,train
44,6645,664,train
44,6646,664,train
44,6647,664,train
44,6648,664,train
44,6649,664,train
44,6660,666,train
44,6661,666,train
44,6662,666,train
44,6663,666,train
44,6664,666,train
44,6665,666,train
44,6666,666,train
44,6667,666,train
44,6668,666,train
44,6669,666,train
44,6670,667,train
44,6671,667,train
44,6672,667,train
44,6673,667,train
44,6674,667,train
44,6675,667,train
44,6676,667,train
44,6677,667,train
44,6678,667,train
44,6679,667,train
44,6680,668,train
44,6681,668,train
44,6682,668,train
44,6683,668,train
44,6684,668,train
44,6685,668,train
44,6686,668,train
44,6687,668,train
44,6688,668,train
44,6689,668,train
44,6690,669,train
44,6691,669,train
44,6692,669,train
44,6693,669,train
44,6694,669,train
44,6695,669,train
44,6696,669,train
44,6697,669,train
44,6698,669,train
44,6699,669,train
44,6720,672,train
44,6721,672,train
44,6722,672,train
44,6723,672,train
44,6724,672,train
44,6725,672,train
44,6726,672,train
44,6727,672,train
44,6728,672,train
44,6729,672,train
44,6730,673,train
44,6731,673,train
44,6732,673,train
44,6733,673,train
44,6734,673,train
44,6735,673,train
44,6736,673,train
44,6737,673,train
44,6738,673,train
44,6739,673,train
44,6750,675,train
44,6751,675,train
44,6752,675,train
44,6753,675,train
44,6754,675,train
44,6755,675,train
44,6756,675,train
44,6757,675,train
44,6758,675,train
44,6759,675,train
44,6780,678,train
44,6781,678,train
44,6782,678,train
44,6783,678,train
44,6784,678,train
44,6785,678,train
44,6786,678,train
44,6787,678,train
44,6788,678,train
44,6789,678,train
44,6800,680,train
44,6801,680,train
44,6802,680,train
44,6803,680,train
44,6804,680,train
44,6805,680,train
44,6806,680,train
44,6807,680,train
44,6808,680,train
44,6809,680,train
44,6810,681,train
44,6811,681,train
44,6812,681,train
44,6813,681,train
44,6814,681,train
44,6815,681,train
44,6816,681,train
44,6817,681,train
44,6818,681,train
44,6819,681,train
44,6830,683,train
44,6831,683,train
44,6832,683,train
44,6833,683,train
44,6834,683,train
44,6835,683,train
44,6836,683,train
44,6837,683,train
44,6838,683,train
44,6839,683,train
44,6840,684,train
44,6841,684,train
44,6842,684,train
44,6843,684,train
44,6844,684,train
44,6845,684,train
44,6846,684,train
44,6847,684,train
44,6848,684,train
44,6849,684,train
44,6850,685,train
44,6851,685,train
44,6852,685,train
44,6853,685,train
44,6854,685,train
44,6855,685,train
44,6856,685,train
44,6857,685,train
44,6858,685,train
44,6859,685,train
44,6860,686,train
44,6861,686,train
44,6862,686,train
44,6863,686,train
44,6864,686,train
44,6865,686,train
44,6866,686,train
44,6867,686,train
44,6868,686,train
44,6869,686,train
44,6870,687,train
44,6871,687,train
44,6872,687,train
44,6873,687,train
44,6874,687,train
44,6875,687,train
44,6876,687,train
44,6877,687,train
44,6878,687,train
44,6879,687,train
44,6900,690,train
44,6901,690,train
44,6902,690,train
44,6903,690,train
44,6904,690,train
44,6905,690,train
44,6906,690,train
44,6907,690,train
44,6908,690,train
44,6909,690,train
44,6910,691,train
44,6911,691,train
44,6912,691,train
44,6913,691,train
44,6914,691,train
44,6915,691,train
44,6916,691,train
44,6917,691,train
44,6918,691,train
44,6919,691,train
44,6920,692,train
44,6921,692,train
44,6922,692,train
44,6923,692,train
44,6924,692,train
44,6925,692,train
44,6926,692,train
44,6927,692,train
44,6928,692,train
44,6929,692,train
44,6930,693,train
44,6931,693,train
44,6932,693,train
44,6933,693,train
44,6934,693,train
44,6935,693,train
44,6936,693,train
44,6937,693,train
44,6938,693,train
44,6939,693,train
44,6940,694,train
44,6941,694,train
44,6942,694,train
44,6943,694,train
44,6944,694,train
44,6945,694,train
44,6946,694,train
44,6947,694,train
44,6948,694,train
44,6949,694,train
44,7000,700,train
44,7001,700,train
44,7002,700,train
44,7003,700,train
44,7004,700,train
44,7005,700,train
44,7006,700,train
44,7007,700,train
44,7008,700,train
44,7009,700,train
44,7010,701,train
44,7011,701,train
44,7012,701,train
44,7013,701,train
44,7014,701,train
44,7015,701,train
44,7016,701,train
44,7017,701,train
44,7018,701,train
44,7019,701,train
44,7020,702,train
44,7021,702,train
44,7022,702,train
44,7023,702,train
44,7024,702,train
44,7025,702,train
44,7026,702,train
44,7027,702,train
44,7028,702,train
44,7029,702,train
44,7030,703,train
44,7031,703,train
44,7032,703,train
44,7033,703,train
44,7034,703,train
44,7035,703,train
44,7036,703,train
44,7037,703,train
44,7038,703,train
44,7039,703,train
44,7060,706,train
44,7061,706,train
44,7062,706,train
44,7063,706,train
44,7064,706,train
44,7065,706,train
44,7066,706,train
44,7067,706,train
44,7068,706,train
44,7069,706,train
44,7080,708,train
44,7081,708,train
44,7082,708,train
44,7083,708,train
44,7084,708,train
44,7085,708,train
44,7086,708,train
44,7087,708,train
44,7088,708,train
44,7089,708,train
44,7090,709,train
44,7091,709,train
44,7092,709,train
44,7093,709,train
44,7094,709,train
44,7095,709,train
44,7096,709,train
44,7097,709,train
44,7098,709,train
44,7099,709,train
44,7110,711,train
44,7111,711,train
44,7112,711,train
44,7113,711,train
44,7114,711,train
44,7115,711,train
44,7116,711,train
44,7117,711,train
44,7118,711,train
44,7119,711,train
44,7130,713,train
44,7131,713,train
44,7132,713,train
44,7133,713,train
44,7134,713,train
44,7135,713,train
44,7136,713,train
44,7137,713,train
44,7138,713,train
44,7139,713,train
44,7140,714,train
44,7141,714,train
44,7142,714,train
44,7143,714,train
44,7144,714,train
44,7145,714,train
44,7146,714,train
44,7147,714,train
44,7148,714,train
44,7149,714,train
44,7160,716,train
44,7161,716,train
44,7162,716,train
44,7163,716,train
44,7164,716,train
44,7165,716,train
44,7166,716,train
44,7167,716,train
44,7168,716,train
44,7169,716,train
44,7170,717,train
44,7171,717,train
44,7172,717,train
44,7173,717,train
44,7174,717,train
44,7175,717,train
44,7176,717,train
44,7177,717,train
44,7178,717,train
44,7179,717,train
44,7180,718,train
44,7181,718,train
44,7182,718,train
44,7183,718,train
44,7184,718,train
44,7185,718,train
44,7186,718,train
44,7187,718,train
44,7188,718,train
44,7189,718,train
44,7190,719,train
44,7191,719,train
44,7192,719,train
44,7193,719,train
44,7194,719,train
44,7195,719,train
44,7196,719,train
44,7197,719,train
44,7198,719,train
44,7199,719,train
44,7220,722,train
44,7221,722,train
44,7222,722,train
44,7223,722,train
44,7224,722,train
44,7225,722,train
44,7226,722,train
44,7227,722,train
44,7228,722,train
44,7229,722,train
44,7230,723,train
44,7231,723,train
44,7232,723,train
44,7233,723,train
44,7234,723,train
44,7235,723,train
44,7236,723,train
44,7237,723,train
44,7238,723,train
44,7239,723,train
44,7240,724,train
44,7241,724,train
44,7242,724,train
44,7243,724,train
44,7244,724,train
44,7245,724,train
44,7246,724,train
44,7247,724,train
44,7248,724,train
44,7249,724,train
44,7250,725,train
44,7251,725,train
44,7252,725,train
44,7253,725,train
44,7254,725,train
44,7255,725,train
44,7256,725,train
44,7257,725,train
44,7258,725,train
44,7259,725,train
44,7270,727,train
44,7271,727,train
44,7272,727,train
44,7273,727,train
44,7274,727,train
44,7275,727,train
44,7276,727,train
44,7277,727,train
44,7278,727,train
44,7279,727,train
44,7280,728,train
44,7281,728,train
44,7282,728,train
44,7283,728,train
44,7284,728,train
44,7285,728,train
44,7286,728,train
44,7287,728,train
44,7288,728,train
44,7289,728,train
44,7290,729,train
44,7291,729,train
44,7292,729,train
44,7293,729,train
44,7294,729,train
44,7295,729,train
44,7296,729,train
44,7297,729,train
44,7298,729,train
44,7299,729,train
44,7310,731,train
44,7311,731,train
44,7312,731,train
44,7313,731,train
44,7314,731,train
44,7315,731,train
44,7316,731,train
44,7317,731,train
44,7318,731,train
44,7319,731,train
44,7320,732,train
44,7321,732,train
44,7322,732,train
44,7323,732,train
44,7324,732,train
44,7325,732,train
44,7326,732,train
44,7327,732,train
44,7328,732,train
44,7329,732,train
44,7330,733,train
44,7331,733,train
44,7332,733,train
44,7333,733,train
44,7334,733,train
44,7335,733,train
44,7336,733,train
44,7337,733,train
44,7338,733,train
44,7339,733,train
44,7340,734,train
44,7341,734,train
44,7342,734,train
44,7343,734,train
44,7344,734,train
44,7345,734,train
44,7346,734,train
44,7347,734,train
44,7348,734,train
44,7349,734,train
44,7370,737,train
44,7371,737,train
44,7372,737,train
44,7373,737,train
44,7374,737,train
44,7375,737,train
44,7376,737,train
44,7377,737,train
44,7378,737,train
44,7379,737,train
44,7380,738,train
44,7381,738,train
44,7382,738,train
44,7383,738,train
44,7384,738,train
44,7385,738,train
44,7386,738,train
44,7387,738,train
44,7388,738,train
44,7389,738,train
44,7390,739,train
44,7391,739,train
44,7392,739,train
44,7393,739,train
44,7394,739,train
44,7395,739,train
44,7396,739,train
44,7397,739,train
44,7398,739,train
44,7399,739,train
44,7410,741,train
44,7411,741,train
44,7412,741,train
44,7413,741,train
44,7414,741,train
44,7415,741,train
44,7416,741,train
44,7417,741,train
44,7418,741,train
44,7419,741,train
44,7420,742,train
44,7421,742,train
44,7422,742,train
44,7423,742,train
44,7424,742,train
44,7425,742,train
44,7426,742,train
44,7427,742,train
44,7428,742,train
44,7429,742,train
44,7430,743,train
44,7431,743,train
44,7432,743,train
44,7433,743,train
44,7434,743,train
44,7435,743,train
44,7436,743,train
44,7437,743,train
44,7438,743,train
44,7439,743,train
44,7440,744,train
44,7441,744,train
44,7442,744,train
44,7443,744,train
44,7444,744,train
44,7445,744,train
44,7446,744,train
44,7447,744,train
44,7448,744,train
44,7449,744,train
44,7450,745,train
44,7451,745,train
44,7452,745,train
44,7453,745,train
44,7454,745,train
44,7455,745,train
44,7456,745,train
44,7457,745,train
44,7458,745,train
44,7459,745,train
44,7460,746,train
44,7461,746,train
44,7462,746,train
44,7463,746,train
44,7464,746,train
44,7465,746,train
44,7466,746,train
44,7467,746,train
44,7468,746,train
44,7469,746,train
44,7500,750,train
44,7501,750,train
44,7502,750,train
44,7503,750,train
44,7504,750,train
44,7505,750,train
44,7506,750,train
44,7507,750,train
44,7508,750,train
44,7509,750,train
44,7510,751,train
44,7511,751,train
44,7512,751,train
44,7513,751,train
44,7514,751,train
44,7515,751,train
44,7516,751,train
44,7517,751,train
44,7518,751,train
44,7519,751,train
44,7520,752,train
44,7521,752,train
44,7522,752,train
44,7523,752,train
44,7524,752,train
44,7525,752,train
44,7526,752,train
44,7527,752,train
44,7528,752,train
44,7529,752,train
44,7530,753,train
44,7531,753,train
44,7532,753,train
44,7533,753,train
44,7534,753,train
44,7535,753,train
44,7536,753,train
44,7537,753,train
44,7538,753,train
44,7539,753,train
44,7540,754,train
44,7541,754,train
44,7542,754,train
44,7543,754,train
44,7544,754,train
44,7545,754,train
44,7546,754,train
44,7547,754,train
44,7548,754,train
44,7549,754,train
44,7560,756,train
44,7561,756,train
44,7562,756,train
44,7563,756,train
44,7564,756,train
44,7565,756,train
44,7566,756,train
44,7567,756,train
44,7568,756,train
44,7569,756,train
44,7590,759,train
44,7591,759,train
44,7592,759,train
44,7593,759,train
44,7594,759,train
44,7595,759,train
44,7596,759,train
44,7597,759,train
44,7598,759,train
44,7599,759,train
44,7620,762,train
44,7621,762,train
44,7622,762,train
44,7623,762,train
44,7624,762,train
44,7625,762,train
44,7626,762,train
44,7627,762,train
44,7628,762,train
44,7629,762,train
44,7630,763,train
44,7631,763,train
44,7632,763,train
44,7633,763,train
44,7634,763,train
44,7635,763,train
44,7636,763,train
44,7637,763,train
44,7638,763,train
44,7639,763,train
44,7660,766,train
44,7661,766,train
44,7662,766,train
44,7663,766,train
44,7664,766,train
44,7665,766,train
44,7666,766,train
44,7667,766,train
44,7668,766,train
44,7669,766,train
44,7680,768,train
44,7681,768,train
44,7682,768,train
44,7683,768,train
44,7684,768,train
44,7685,768,train
44,7686,768,train
44,7687,768,train
44,7688,768,train
44,7689,768,train
44,7690,769,train
44,7691,769,train
44,7692,769,train
44,7693,769,train
44,7694,769,train
44,7695,769,train
44,7696,769,train
44,7697,769,train
44,7698,769,train
44,7699,769,train
44,7710,771,train
44,7711,771,train
44,7712,771,train
44,7713,771,train
44,7714,771,train
44,7715,771,train
44,7716,771,train
44,7717,771,train
44,7718,771,train
44,7719,771,train
44,7730,773,train
44,7731,773,train
44,7732,773,train
44,7733,773,train
44,7734,773,train
44,7735,773,train
44,7736,773,train
44,7737,773,train
44,7738,773,train
44,7739,773,train
44,7740,774,train
44,7741,774,train
44,7742,774,train
44,7743,774,train
44,7744,774,train
44,7745,774,train
44,7746,774,train
44,7747,774,train
44,7748,774,train
44,7749,774,train
44,7750,775,train
44,7751,775,train
44,7752,775,train
44,7753,775,train
44,7754,775,train
44,7755,775,train
44,7756,775,train
44,7757,775,train
44,7758,775,train
44,7759,775,train
44,7790,779,train
44,7791,779,train
44,7792,779,train
44,7793,779,train
44,7794,779,train
44,7795,779,train
44,7796,779,train
44,7797,779,train
44,7798,779,train
44,7799,779,train
44,7800,780,train
44,7801,780,train
44,7802,780,train
44,7803,780,train
44,7804,780,train
44,7805,780,train
44,7806,780,train
44,7807,780,train
44,7808,780,train
44,7809,780,train
44,7830,783,train
44,7831,783,train
44,7832,783,train
44,7833,783,train
44,7834,783,train
44,7835,783,train
44,7836,783,train
44,7837,783,train
44,7838,783,train
44,7839,783,train
44,7850,785,train
44,7851,785,train
44,7852,785,train
44,7853,785,train
44,7854,785,train
44,7855,785,train
44,7856,785,train
44,7857,785,train
44,7858,785,train
44,7859,785,train
44,7880,788,train
44,7881,788,train
44,7882,788,train
44,7883,788,train
44,7884,788,train
44,7885,788,train
44,7886,788,train
44,7887,788,train
44,7888,788,train
44,7889,788,train
44,7890,789,train
44,7891,789,train
44,7892,789,train
44,7893,789,train
44,7894,789,train
44,7895,789,train
44,7896,789,train
44,7897,789,train
44,7898,789,train
44,7899,789,train
44,7900,790,train
44,7901,790,train
44,7902,790,train
44,7903,790,train
44,7904,790,train
44,7905,790,train
44,7906,790,train
44,7907,790,train
44,7908,790,train
44,7909,790,train
44,7910,791,train
44,7911,791,train
44,7912,791,train
44,7913,791,train
44,7914,791,train
44,7915,791,train
44,7916,791,train
44,7917,791,train
44,7918,791,train
44,7919,791,train
44,7930,793,train
44,7931,793,train
44,7932,793,train
44,7933,793,train
44,7934,793,train
44,7935,793,train
44,7936,793,train
44,7937,793,train
44,7938,793,train
44,7939,793,train
44,7950,795,train
44,7951,795,train
44,7952,795,train
44,7953,795,train
44,7954,795,train
44,7955,795,train
44,7956,795,train
44,7957,795,train
44,7958,795,train
44,7959,795,train
44,7960,796,train
44,7961,796,train
44,7962,796,train
44,7963,796,train
44,7964,796,train
44,7965,796,train
44,7966,796,train
44,7967,796,train
44,7968,796,train
44,7969,796,train
44,7970,797,train
44,7971,797,train
44,7972,797,train
44,7973,797,train
44,7974,797,train
44,7975,797,train
44,7976,797,train
44,7977,797,train
44,7978,797,train
44,7979,797,train
44,7990,799,train
44,7991,799,train
44,7992,799,train
44,7993,799,train
44,7994,799,train
44,7995,799,train
44,7996,799,train
44,7997,799,train
44,7998,799,train
44,7999,799,train
44,8000,800,train
44,8001,800,train
44,8002,800,train
44,8003,800,train
44,8004,800,train
44,8005,800,train
44,8006,800,train
44,8007,800,train
44,8008,800,train
44,8009,800,train
44,8010,801,train
44,8011,801,train
44,8012,801,train
44,8013,801,train
44,8014,801,train
44,8015,801,train
44,8016,801,train
44,8017,801,train
44,8018,801,train
44,8019,801,train
44,8070,807,train
44,8071,807,train
44,8072,807,train
44,8073,807,train
44,8074,807,train
44,8075,807,train
44,8076,807,train
44,8077,807,train
44,8078,807,train
44,8079,807,train
44,8090,809,train
44,8091,809,train
44,8092,809,train
44,8093,809,train
44,8094,809,train
44,8095,809,train
44,8096,809,train
44,8097,809,train
44,8098,809,train
44,8099,809,train
44,8110,811,train
44,8111,811,train
44,8112,811,train
44,8113,811,train
44,8114,811,train
44,8115,811,train
44,8116,811,train
44,8117,811,train
44,8118,811,train
44,8119,811,train
44,8130,813,train
44,8131,813,train
44,8132,813,train
44,8133,813,train
44,8134,813,train
44,8135,813,train
44,8136,813,train
44,8137,813,train
44,8138,813,train
44,8139,813,train
44,8150,815,train
44,8151,815,train
44,8152,815,train
44,8153,815,train
44,8154,815,train
44,8155,815,train
44,8156,815,train
44,8157,815,train
44,8158,815,train
44,8159,815,train
44,8170,817,train
44,8171,817,train
44,8172,817,train
44,8173,817,train
44,8174,817,train
44,8175,817,train
44,8176,817,train
44,8177,817,train
44,8178,817,train
44,8179,817,train
44,8180,818,train
44,8181,818,train
44,8182,818,train
44,8183,818,train
44,8184,818,train
44,8185,818,train
44,8186,818,train
44,8187,818,train
44,8188,818,train
44,8189,818,train
44,8210,821,train
44,8211,821,train
44,8212,821,train
44,8213,821,train
44,8214,821,train
44,8215,821,train
44,8216,821,train
44,8217,821,train
44,8218,821,train
44,8219,821,train
44,8220,822,train
44,8221,822,train
44,8222,822,train
44,8223,822,train
44,8224,822,train
44,8225,822,train
44,8226,822,train
44,8227,822,train
44,8228,822,train
44,8229,822,train
44,8230,823,train
44,8231,823,train
44,8232,823,train
44,8233,823,train
44,8234,823,train
44,8235,823,train
44,8236,823,train
44,8237,823,train
44,8238,823,train
44,8239,823,train
44,8250,825,train
44,8251,825,train
44,8252,825,train
44,8253,825,train
44,8254,825,train
44,8255,825,train
44,8256,825,train
44,8257,825,train
44,8258,825,train
44,8259,825,train
44,8260,826,train
44,8261,826,train
44,8262,826,train
44,8263,826,train
44,8264,826,train
44,8265,826,train
44,8266,826,train
44,8267,826,train
44,8268,826,train
44,8269,826,train
44,8270,827,train
44,8271,827,train
44,8272,827,train
44,8273,827,train
44,8274,827,train
44,8275,827,train
44,8276,827,train
44,8277,827,train
44,8278,827,train
44,8279,827,train
44,8290,829,train
44,8291,829,train
44,8292,829,train
44,8293,829,train
44,8294,829,train
44,8295,829,train
44,8296,829,train
44,8297,829,train
44,8298,829,train
44,8299,829,train
44,8310,831,train
44,8311,831,train
44,8312,831,train
44,8313,831,train
44,8314,831,train
44,8315,831,train
44,8316,831,train
44,8317,831,train
44,8318,831,train
44,8319,831,train
44,8330,833,train
44,8331,833,train
44,8332,833,train
44,8333,833,train
44,8334,833,train
44,8335,833,train
44,8336,833,train
44,8337,833,train
44,8338,833,train
44,8339,833,train
44,8340,834,train
44,8341,834,train
44,8342,834,train
44,8343,834,train
44,8344,834,train
44,8345,834,train
44,8346,834,train
44,8347,834,train
44,8348,834,train
44,8349,834,train
44,8360,836,train
44,8361,836,train
44,8362,836,train
44,8363,836,train
44,8364,836,train
44,8365,836,train
44,8366,836,train
44,8367,836,train
44,8368,836,train
44,8369,836,train
44,8370,837,train
44,8371,837,train
44,8372,837,train
44,8373,837,train
44,8374,837,train
44,8375,837,train
44,8376,837,train
44,8377,837,train
44,8378,837,train
44,8379,837,train
44,8380,838,train
44,8381,838,train
44,8382,838,train
44,8383,838,train
44,8384,838,train
44,8385,838,train
44,8386,838,train
44,8387,838,train
44,8388,838,train
44,8389,838,train
44,8390,839,train
44,8391,839,train
44,8392,839,train
44,8393,839,train
44,8394,839,train
44,8395,839,train
44,8396,839,train
44,8397,839,train
44,8398,839,train
44,8399,839,train
44,8410,841,train
44,8411,841,train
44,8412,841,train
44,8413,841,train
44,8414,841,train
44,8415,841,train
44,8416,841,train
44,8417,841,train
44,8418,841,train
44,8419,841,train
44,8420,842,train
44,8421,842,train
44,8422,842,train
44,8423,842,train
44,8424,842,train
44,8425,842,train
44,8426,842,train
44,8427,842,train
44,8428,842,train
44,8429,842,train
44,8450,845,train
44,8451,845,train
44,8452,845,train
44,8453,845,train
44,8454,845,train
44,8455,845,train
44,8456,845,train
44,8457,845,train
44,8458,845,train
44,8459,845,train
44,8460,846,train
44,8461,846,train
44,8462,846,train
44,8463,846,train
44,8464,846,train
44,8465,846,train
44,8466,846,train
44,8467,846,train
44,8468,846,train
44,8469,846,train
44,8480,848,train
44,8481,848,train
44,8482,848,train
44,8483,848,train
44,8484,848,train
44,8485,848,train
44,8486,848,train
44,8487,848,train
44,8488,848,train
44,8489,848,train
44,8490,849,train
44,8491,849,train
44,8492,849,train
44,8493,849,train
44,8494,849,train
44,8495,849,train
44,8496,849,train
44,8497,849,train
44,8498,849,train
44,8499,849,train
44,8500,850,train
44,8501,850,train
44,8502,850,train
44,8503,850,train
44,8504,850,train
44,8505,850,train
44,8506,850,train
44,8507,850,train
44,8508,850,train
44,8509,850,train
44,8530,853,train
44,8531,853,train
44,8532,853,train
44,8533,853,train
44,8534,853,train
44,8535,853,train
44,8536,853,train
44,8537,853,train
44,8538,853,train
44,8539,853,train
44,8540,854,train
44,8541,854,train
44,8542,854,train
44,8543,854,train
44,8544,854,train
44,8545,854,train
44,8546,854,train
44,8547,854,train
44,8548,854,train
44,8549,854,train
44,8580,858,train
44,8581,858,train
44,8582,858,train
44,8583,858,train
44,8584,858,train
44,8585,858,train
44,8586,858,train
44,8587,858,train
44,8588,858,train
44,8589,858,train
44,8600,860,train
44,8601,860,train
44,8602,860,train
44,8603,860,train
44,8604,860,train
44,8605,860,train
44,8606,860,train
44,8607,860,train
44,8608,860,train
44,8609,860,train
44,8610,861,train
44,8611,861,train
44,8612,861,train
44,8613,861,train
44,8614,861,train
44,8615,861,train
44,8616,861,train
44,8617,861,train
44,8618,861,train
44,8619,861,train
44,8620,862,train
44,8621,862,train
44,8622,862,train
44,8623,862,train
44,8624,862,train
44,8625,862,train
44,8626,862,train
44,8627,862,train
44,8628,862,train
44,8629,862,train
44,8660,866,train
44,8661,866,train
44,8662,866,train
44,8663,866,train
44,8664,866,train
44,8665,866,train
44,8666,866,train
44,8667,866,train
44,8668,866,train
44,8669,866,train
44,8680,868,train
44,8681,868,train
44,8682,868,train
44,8683,868,train
44,8684,868,train
44,8685,868,train
44,8686,868,train
44,8687,868,train
44,8688,868,train
44,8689,868,train
44,8700,870,train
44,8701,870,train
44,8702,870,train
44,8703,870,train
44,8704,870,train
44,8705,870,train
44,8706,870,train
44,8707,870,train
44,8708,870,train
44,8709,870,train
44,8740,874,train
44,8741,874,train
44,8742,874,train
44,8743,874,train
44,8744,874,train
44,8745,874,train
44,8746,874,train
44,8747,874,train
44,8748,874,train
44,8749,874,train
44,8750,875,train
44,8751,875,train
44,8752,875,train
44,8753,875,train
44,8754,875,train
44,8755,875,train
44,8756,875,train
44,8757,875,train
44,8758,875,train
44,8759,875,train
44,8760,876,train
44,8761,876,train
44,8762,876,train
44,8763,876,train
44,8764,876,train
44,8765,876,train
44,8766,876,train
44,8767,876,train
44,8768,876,train
44,8769,876,train
44,8770,877,train
44,8771,877,train
44,8772,877,train
44,8773,877,train
44,8774,877,train
44,8775,877,train
44,8776,877,train
44,8777,877,train
44,8778,877,train
44,8779,877,train
44,8780,878,train
44,8781,878,train
44,8782,878,train
44,8783,878,train
44,8784,878,train
44,8785,878,train
44,8786,878,train
44,8787,878,train
44,8788,878,train
44,8789,878,train
44,8790,879,train
44,8791,879,train
44,8792,879,train
44,8793,879,train
44,8794,879,train
44,8795,879,train
44,8796,879,train
44,8797,879,train
44,8798,879,train
44,8799,879,train
44,8800,880,train
44,8801,880,train
44,8802,880,train
44,8803,880,train
44,8804,880,train
44,8805,880,train
44,8806,880,train
44,8807,880,train
44,8808,880,train
44,8809,880,train
44,8810,881,train
44,8811,881,train
44,8812,881,train
44,8813,881,train
44,8814,881,train
44,8815,881,train
44,8816,881,train
44,8817,881,train
44,8818,881,train
44,8819,881,train
44,8820,882,train
44,8821,882,train
44,8822,882,train
44,8823,882,train
44,8824,882,train
44,8825,882,train
44,8826,882,train
44,8827,882,train
44,8828,882,train
44,8829,882,train
44,8850,885,train
44,8851,885,train
44,8852,885,train
44,8853,885,train
44,8854,885,train
44,8855,885,train
44,8856,885,train
44,8857,885,train
44,8858,885,train
44,8859,885,train
44,8860,886,train
44,8861,886,train
44,8862,886,train
44,8863,886,train
44,8864,886,train
44,8865,886,train
44,8866,886,train
44,8867,886,train
44,8868,886,train
44,8869,886,train
44,8870,887,train
44,8871,887,train
44,8872,887,train
44,8873,887,train
44,8874,887,train
44,8875,887,train
44,8876,887,train
44,8877,887,train
44,8878,887,train
44,8879,887,train
44,8880,888,train
44,8881,888,train
44,8882,888,train
44,8883,888,train
44,8884,888,train
44,8885,888,train
44,8886,888,train
44,8887,888,train
44,8888,888,train
44,8889,888,train
44,8910,891,train
44,8911,891,train
44,8912,891,train
44,8913,891,train
44,8914,891,train
44,8915,891,train
44,8916,891,train
44,8917,891,train
44,8918,891,train
44,8919,891,train
44,8940,894,train
44,8941,894,train
44,8942,894,train
44,8943,894,train
44,8944,894,train
44,8945,894,train
44,8946,894,train
44,8947,894,train
44,8948,894,train
44,8949,894,train
44,8950,895,train
44,8951,895,train
44,8952,895,train
44,8953,895,train
44,8954,895,train
44,8955,895,train
44,8956,895,train
44,8957,895,train
44,8958,895,train
44,8959,895,train
44,8990,899,train
44,8991,899,train
44,8992,899,train
44,8993,899,train
44,8994,899,train
44,8995,899,train
44,8996,899,train
44,8997,899,train
44,8998,899,train
44,8999,899,train
44,9000,900,train
44,9001,900,train
44,9002,900,train
44,9003,900,train
44,9004,900,train
44,9005,900,train
44,9006,900,train
44,9007,900,train
44,9008,900,train
44,9009,900,train
44,9010,901,train
44,9011,901,train
44,9012,901,train
44,9013,901,train
44,9014,901,train
44,9015,901,train
44,9016,901,train
44,9017,901,train
44,9018,901,train
44,9019,901,train
44,9020,902,train
44,9021,902,train
44,9022,902,train
44,9023,902,train
44,9024,902,train
44,9025,902,train
44,9026,902,train
44,9027,902,train
44,9028,902,train
44,9029,902,train
44,9030,903,train
44,9031,903,train
44,9032,903,train
44,9033,903,train
44,9034,903,train
44,9035,903,train
44,9036,903,train
44,9037,903,train
44,9038,903,train
44,9039,903,train
44,9040,904,train
44,9041,904,train
44,9042,904,train
44,9043,904,train
44,9044,904,train
44,9045,904,train
44,9046,904,train
44,9047,904,train
44,9048,904,train
44,9049,904,train
44,9060,906,train
44,9061,906,train
44,9062,906,train
44,9063,906,train
44,9064,906,train
44,9065,906,train
44,9066,906,train
44,9067,906,train
44,9068,906,train
44,9069,906,train
44,9070,907,train
44,9071,907,train
44,9072,907,train
44,9073,907,train
44,9074,907,train
44,9075,907,train
44,9076,907,train
44,9077,907,train
44,9078,907,train
44,9079,907,train
44,9080,908,train
44,9081,908,train
44,9082,908,train
44,9083,908,train
44,9084,908,train
44,9085,908,train
44,9086,908,train
44,9087,908,train
44,9088,908,train
44,9089,908,train
44,9100,910,train
44,9101,910,train
44,9102,910,train
44,9103,910,train
44,9104,910,train
44,9105,910,train
44,9106,910,train
44,9107,910,train
44,9108,910,train
44,9109,910,train
44,9110,911,train
44,9111,911,train
44,9112,911,train
44,9113,911,train
44,9114,911,train
44,9115,911,train
44,9116,911,train
44,9117,911,train
44,9118,911,train
44,9119,911,train
44,9140,914,train
44,9141,914,train
44,9142,914,train
44,9143,914,train
44,9144,914,train
44,9145,914,train
44,9146,914,train
44,9147,914,train
44,9148,914,train
44,9149,914,train
44,9160,916,train
44,9161,916,train
44,9162,916,train
44,9163,916,train
44,9164,916,train
44,9165,916,train
44,9166,916,train
44,9167,916,train
44,9168,916,train
44,9169,916,train
44,9170,917,train
44,9171,917,train
44,9172,917,train
44,9173,917,train
44,9174,917,train
44,9175,917,train
44,9176,917,train
44,9177,917,train
44,9178,917,train
44,9179,917,train
44,9180,918,train
44,9181,918,train
44,9182,918,train
44,9183,918,train
44,9184,918,train
44,9185,918,train
44,9186,918,train
44,9187,918,train
44,9188,918,train
44,9189,918,train
44,9210,921,train
44,9211,921,train
44,9212,921,train
44,9213,921,train
44,9214,921,train
44,9215,921,train
44,9216,921,train
44,9217,921,train
44,9218,921,train
44,9219,921,train
44,9220,922,train
44,9221,922,train
44,9222,922,train
44,9223,922,train
44,9224,922,train
44,9225,922,train
44,9226,922,train
44,9227,922,train
44,9228,922,train
44,9229,922,train
44,9230,923,train
44,9231,923,train
44,9232,923,train
44,9233,923,train
44,9234,923,train
44,9235,923,train
44,9236,923,train
44,9237,923,train
44,9238,923,train
44,9239,923,train
44,9250,925,train
44,9251,925,train
44,9252,925,train
44,9253,925,train
44,9254,925,train
44,9255,925,train
44,9256,925,train
44,9257,925,train
44,9258,925,train
44,9259,925,train
44,9260,926,train
44,9261,926,train
44,9262,926,train
44,9263,926,train
44,9264,926,train
44,9265,926,train
44,9266,926,train
44,9267,926,train
44,9268,926,train
44,9269,926,train
44,9270,927,train
44,9271,927,train
44,9272,927,train
44,9273,927,train
44,9274,927,train
44,9275,927,train
44,9276,927,train
44,9277,927,train
44,9278,927,train
44,9279,927,train
44,9280,928,train
44,9281,928,train
44,9282,928,train
44,9283,928,train
44,9284,928,train
44,9285,928,train
44,9286,928,train
44,9287,928,train
44,9288,928,train
44,9289,928,train
44,9290,929,train
44,9291,929,train
44,9292,929,train
44,9293,929,train
44,9294,929,train
44,9295,929,train
44,9296,929,train
44,9297,929,train
44,9298,929,train
44,9299,929,train
44,9310,931,train
44,9311,931,train
44,9312,931,train
44,9313,931,train
44,9314,931,train
44,9315,931,train
44,9316,931,train
44,9317,931,train
44,9318,931,train
44,9319,931,train
44,9320,932,train
44,9321,932,train
44,9322,932,train
44,9323,932,train
44,9324,932,train
44,9325,932,train
44,9326,932,train
44,9327,932,train
44,9328,932,train
44,9329,932,train
44,9340,934,train
44,9341,934,train
44,9342,934,train
44,9343,934,train
44,9344,934,train
44,9345,934,train
44,9346,934,train
44,9347,934,train
44,9348,934,train
44,9349,934,train
44,9350,935,train
44,9351,935,train
44,9352,935,train
44,9353,935,train
44,9354,935,train
44,9355,935,train
44,9356,935,train
44,9357,935,train
44,9358,935,train
44,9359,935,train
44,9360,936,train
44,9361,936,train
44,9362,936,train
44,9363,936,train
44,9364,936,train
44,9365,936,train
44,9366,936,train
44,9367,936,train
44,9368,936,train
44,9369,936,train
44,9380,938,train
44,9381,938,train
44,9382,938,train
44,9383,938,train
44,9384,938,train
44,9385,938,train
44,9386,938,train
44,9387,938,train
44,9388,938,train
44,9389,938,train
44,9390,939,train
44,9391,939,train
44,9392,939,train
44,9393,939,train
44,9394,939,train
44,9395,939,train
44,9396,939,train
44,9397,939,train
44,9398,939,train
44,9399,939,train
44,9400,940,train
44,9401,940,train
44,9402,940,train
44,9403,940,train
44,9404,940,train
44,9405,940,train
44,9406,940,train
44,9407,940,train
44,9408,940,train
44,9409,940,train
44,9420,942,train
44,9421,942,train
44,9422,942,train
44,9423,942,train
44,9424,942,train
44,9425,942,train
44,9426,942,train
44,9427,942,train
44,9428,942,train
44,9429,942,train
44,9440,944,train
44,9441,944,train
44,9442,944,train
44,9443,944,train
44,9444,944,train
44,9445,944,train
44,9446,944,train
44,9447,944,train
44,9448,944,train
44,9449,944,train
44,9450,945,train
44,9451,945,train
44,9452,945,train
44,9453,945,train
44,9454,945,train
44,9455,945,train
44,9456,945,train
44,9457,945,train
44,9458,945,train
44,9459,945,train
44,9470,947,train
44,9471,947,train
44,9472,947,train
44,9473,947,train
44,9474,947,train
44,9475,947,train
44,9476,947,train
44,9477,947,train
44,9478,947,train
44,9479,947,train
44,9480,948,train
44,9481,948,train
44,9482,948,train
44,9483,948,train
44,9484,948,train
44,9485,948,train
44,9486,948,train
44,9487,948,train
44,9488,948,train
44,9489,948,train
44,9500,950,train
44,9501,950,train
44,9502,950,train
44,9503,950,train
44,9504,950,train
44,9505,950,train
44,9506,950,train
44,9507,950,train
44,9508,950,train
44,9509,950,train
44,9550,955,train
44,9551,955,train
44,9552,955,train
44,9553,955,train
44,9554,955,train
44,9555,955,train
44,9556,955,train
44,9557,955,train
44,9558,955,train
44,9559,955,train
44,9580,958,train
44,9581,958,train
44,9582,958,train
44,9583,958,train
44,9584,958,train
44,9585,958,train
44,9586,958,train
44,9587,958,train
44,9588,958,train
44,9589,958,train
44,9590,959,train
44,9591,959,train
44,9592,959,train
44,9593,959,train
44,9594,959,train
44,9595,959,train
44,9596,959,train
44,9597,959,train
44,9598,959,train
44,9599,959,train
44,9600,960,train
44,9601,960,train
44,9602,960,train
44,9603,960,train
44,9604,960,train
44,9605,960,train
44,9606,960,train
44,9607,960,train
44,9608,960,train
44,9609,960,train
44,9610,961,train
44,9611,961,train
44,9612,961,train
44,9613,961,train
44,9614,961,train
44,9615,961,train
44,9616,961,train
44,9617,961,train
44,9618,961,train
44,9619,961,train
44,9630,963,train
44,9631,963,train
44,9632,963,train
44,9633,963,train
44,9634,963,train
44,9635,963,train
44,9636,963,train
44,9637,963,train
44,9638,963,train
44,9639,963,train
44,9640,964,train
44,9641,964,train
44,9642,964,train
44,9643,964,train
44,9644,964,train
44,9645,964,train
44,9646,964,train
44,9647,964,train
44,9648,964,train
44,9649,964,train
44,9650,965,train
44,9651,965,train
44,9652,965,train
44,9653,965,train
44,9654,965,train
44,9655,965,train
44,9656,965,train
44,9657,965,train
44,9658,965,train
44,9659,965,train
44,9660,966,train
44,9661,966,train
44,9662,966,train
44,9663,966,train
44,9664,966,train
44,9665,966,train
44,9666,966,train
44,9667,966,train
44,9668,966,train
44,9669,966,train
44,9680,968,train
44,9681,968,train
44,9682,968,train
44,9683,968,train
44,9684,968,train
44,9685,968,train
44,9686,968,train
44,9687,968,train
44,9688,968,train
44,9689,968,train
44,9700,970,train
44,9701,970,train
44,9702,970,train
44,9703,970,train
44,9704,970,train
44,9705,970,train
44,9706,970,train
44,9707,970,train
44,9708,970,train
44,9709,970,train
44,9710,971,train
44,9711,971,train
44,9712,971,train
44,9713,971,train
44,9714,971,train
44,9715,971,train
44,9716,971,train
44,9717,971,train
44,9718,971,train
44,9719,971,train
44,9720,972,train
44,9721,972,train
44,9722,972,train
44,9723,972,train
44,9724,972,train
44,9725,972,train
44,9726,972,train
44,9727,972,train
44,9728,972,train
44,9729,972,train
44,9740,974,train
44,9741,974,train
44,9742,974,train
44,9743,974,train
44,9744,974,train
44,9745,974,train
44,9746,974,train
44,9747,974,train
44,9748,974,train
44,9749,974,train
44,9750,975,train
44,9751,975,train
44,9752,975,train
44,9753,975,train
44,9754,975,train
44,9755,975,train
44,9756,975,train
44,9757,975,train
44,9758,975,train
44,9759,975,train
44,9760,976,train
44,9761,976,train
44,9762,976,train
44,9763,976,train
44,9764,976,train
44,9765,976,train
44,9766,976,train
44,9767,976,train
44,9768,976,train
44,9769,976,train
44,9800,980,train
44,9801,980,train
44,9802,980,train
44,9803,980,train
44,9804,980,train
44,9805,980,train
44,9806,980,train
44,9807,980,train
44,9808,980,train
44,9809,980,train
44,9830,983,train
44,9831,983,train
44,9832,983,train
44,9833,983,train
44,9834,983,train
44,9835,983,train
44,9836,983,train
44,9837,983,train
44,9838,983,train
44,9839,983,train
44,9840,984,train
44,9841,984,train
44,9842,984,train
44,9843,984,train
44,9844,984,train
44,9845,984,train
44,9846,984,train
44,9847,984,train
44,9848,984,train
44,9849,984,train
44,9850,985,train
44,9851,985,train
44,9852,985,train
44,9853,985,train
44,9854,985,train
44,9855,985,train
44,9856,985,train
44,9857,985,train
44,9858,985,train
44,9859,985,train
44,9860,986,train
44,9861,986,train
44,9862,986,train
44,9863,986,train
44,9864,986,train
44,9865,986,train
44,9866,986,train
44,9867,986,train
44,9868,986,train
44,9869,986,train
44,9880,988,train
44,9881,988,train
44,9882,988,train
44,9883,988,train
44,9884,988,train
44,9885,988,train
44,9886,988,train
44,9887,988,train
44,9888,988,train
44,9889,988,train
44,9890,989,train
44,9891,989,train
44,9892,989,train
44,9893,989,train
44,9894,989,train
44,9895,989,train
44,9896,989,train
44,9897,989,train
44,9898,989,train
44,9899,989,train
44,9900,990,train
44,9901,990,train
44,9902,990,train
44,9903,990,train
44,9904,990,train
44,9905,990,train
44,9906,990,train
44,9907,990,train
44,9908,990,train
44,9909,990,train
44,9910,991,train
44,9911,991,train
44,9912,991,train
44,9913,991,train
44,9914,991,train
44,9915,991,train
44,9916,991,train
44,9917,991,train
44,9918,991,train
44,9919,991,train
44,9920,992,train
44,9921,992,train
44,9922,992,train
44,9923,992,train
44,9924,992,train
44,9925,992,train
44,9926,992,train
44,9927,992,train
44,9928,992,train
44,9929,992,train
44,9930,993,train
44,9931,993,train
44,9932,993,train
44,9933,993,train
44,9934,993,train
44,9935,993,train
44,9936,993,train
44,9937,993,train
44,9938,993,train
44,9939,993,train
44,9940,994,train
44,9941,994,train
44,9942,994,train
44,9943,994,train
44,9944,994,train
44,9945,994,train
44,9946,994,train
44,9947,994,train
44,9948,994,train
44,9949,994,train
44,9950,995,train
44,9951,995,train
44,9952,995,train
44,9953,995,train
44,9954,995,train
44,9955,995,train
44,9956,995,train
44,9957,995,train
44,9958,995,train
44,9959,995,train
44,9990,999,train
44,9991,999,train
44,9992,999,train
44,9993,999,train
44,9994,999,train
44,9995,999,train
44,9996,999,train
44,9997,999,train
44,9998,999,train
44,9999,999,train
44,90,9,calibration
44,91,9,calibration
44,92,9,calibration
44,93,9,calibration
44,94,9,calibration
44,95,9,calibration
44,96,9,calibration
44,97,9,calibration
44,98,9,calibration
44,99,9,calibration
44,130,13,calibration
44,131,13,calibration
44,132,13,calibration
44,133,13,calibration
44,134,13,calibration
44,135,13,calibration
44,136,13,calibration
44,137,13,calibration
44,138,13,calibration
44,139,13,calibration
44,190,19,calibration
44,191,19,calibration
44,192,19,calibration
44,193,19,calibration
44,194,19,calibration
44,195,19,calibration
44,196,19,calibration
44,197,19,calibration
44,198,19,calibration
44,199,19,calibration
44,290,29,calibration
44,291,29,calibration
44,292,29,calibration
44,293,29,calibration
44,294,29,calibration
44,295,29,calibration
44,296,29,calibration
44,297,29,calibration
44,298,29,calibration
44,299,29,calibration
44,470,47,calibration
44,471,47,calibration
44,472,47,calibration
44,473,47,calibration
44,474,47,calibration
44,475,47,calibration
44,476,47,calibration
44,477,47,calibration
44,478,47,calibration
44,479,47,calibration
44,480,48,calibration
44,481,48,calibration
44,482,48,calibration
44,483,48,calibration
44,484,48,calibration
44,485,48,calibration
44,486,48,calibration
44,487,48,calibration
44,488,48,calibration
44,489,48,calibration
44,550,55,calibration
44,551,55,calibration
44,552,55,calibration
44,553,55,calibration
44,554,55,calibration
44,555,55,calibration
44,556,55,calibration
44,557,55,calibration
44,558,55,calibration
44,559,55,calibration
44,570,57,calibration
44,571,57,calibration
44,572,57,calibration
44,573,57,calibration
44,574,57,calibration
44,575,57,calibration
44,576,57,calibration
44,577,57,calibration
44,578,57,calibration
44,579,57,calibration
44,580,58,calibration
44,581,58,calibration
44,582,58,calibration
44,583,58,calibration
44,584,58,calibration
44,585,58,calibration
44,586,58,calibration
44,587,58,calibration
44,588,58,calibration
44,589,58,calibration
44,600,60,calibration
44,601,60,calibration
44,602,60,calibration
44,603,60,calibration
44,604,60,calibration
44,605,60,calibration
44,606,60,calibration
44,607,60,calibration
44,608,60,calibration
44,609,60,calibration
44,730,73,calibration
44,731,73,calibration
44,732,73,calibration
44,733,73,calibration
44,734,73,calibration
44,735,73,calibration
44,736,73,calibration
44,737,73,calibration
44,738,73,calibration
44,739,73,calibration
44,750,75,calibration
44,751,75,calibration
44,752,75,calibration
44,753,75,calibration
44,754,75,calibration
44,755,75,calibration
44,756,75,calibration
44,757,75,calibration
44,758,75,calibration
44,759,75,calibration
44,840,84,calibration
44,841,84,calibration
44,842,84,calibration
44,843,84,calibration
44,844,84,calibration
44,845,84,calibration
44,846,84,calibration
44,847,84,calibration
44,848,84,calibration
44,849,84,calibration
44,870,87,calibration
44,871,87,calibration
44,872,87,calibration
44,873,87,calibration
44,874,87,calibration
44,875,87,calibration
44,876,87,calibration
44,877,87,calibration
44,878,87,calibration
44,879,87,calibration
44,910,91,calibration
44,911,91,calibration
44,912,91,calibration
44,913,91,calibration
44,914,91,calibration
44,915,91,calibration
44,916,91,calibration
44,917,91,calibration
44,918,91,calibration
44,919,91,calibration
44,930,93,calibration
44,931,93,calibration
44,932,93,calibration
44,933,93,calibration
44,934,93,calibration
44,935,93,calibration
44,936,93,calibration
44,937,93,calibration
44,938,93,calibration
44,939,93,calibration
44,950,95,calibration
44,951,95,calibration
44,952,95,calibration
44,953,95,calibration
44,954,95,calibration
44,955,95,calibration
44,956,95,calibration
44,957,95,calibration
44,958,95,calibration
44,959,95,calibration
44,970,97,calibration
44,971,97,calibration
44,972,97,calibration
44,973,97,calibration
44,974,97,calibration
44,975,97,calibration
44,976,97,calibration
44,977,97,calibration
44,978,97,calibration
44,979,97,calibration
44,1100,110,calibration
44,1101,110,calibration
44,1102,110,calibration
44,1103,110,calibration
44,1104,110,calibration
44,1105,110,calibration
44,1106,110,calibration
44,1107,110,calibration
44,1108,110,calibration
44,1109,110,calibration
44,1120,112,calibration
44,1121,112,calibration
44,1122,112,calibration
44,1123,112,calibration
44,1124,112,calibration
44,1125,112,calibration
44,1126,112,calibration
44,1127,112,calibration
44,1128,112,calibration
44,1129,112,calibration
44,1150,115,calibration
44,1151,115,calibration
44,1152,115,calibration
44,1153,115,calibration
44,1154,115,calibration
44,1155,115,calibration
44,1156,115,calibration
44,1157,115,calibration
44,1158,115,calibration
44,1159,115,calibration
44,1200,120,calibration
44,1201,120,calibration
44,1202,120,calibration
44,1203,120,calibration
44,1204,120,calibration
44,1205,120,calibration
44,1206,120,calibration
44,1207,120,calibration
44,1208,120,calibration
44,1209,120,calibration
44,1220,122,calibration
44,1221,122,calibration
44,1222,122,calibration
44,1223,122,calibration
44,1224,122,calibration
44,1225,122,calibration
44,1226,122,calibration
44,1227,122,calibration
44,1228,122,calibration
44,1229,122,calibration
44,1300,130,calibration
44,1301,130,calibration
44,1302,130,calibration
44,1303,130,calibration
44,1304,130,calibration
44,1305,130,calibration
44,1306,130,calibration
44,1307,130,calibration
44,1308,130,calibration
44,1309,130,calibration
44,1310,131,calibration
44,1311,131,calibration
44,1312,131,calibration
44,1313,131,calibration
44,1314,131,calibration
44,1315,131,calibration
44,1316,131,calibration
44,1317,131,calibration
44,1318,131,calibration
44,1319,131,calibration
44,1340,134,calibration
44,1341,134,calibration
44,1342,134,calibration
44,1343,134,calibration
44,1344,134,calibration
44,1345,134,calibration
44,1346,134,calibration
44,1347,134,calibration
44,1348,134,calibration
44,1349,134,calibration
44,1360,136,calibration
44,1361,136,calibration
44,1362,136,calibration
44,1363,136,calibration
44,1364,136,calibration
44,1365,136,calibration
44,1366,136,calibration
44,1367,136,calibration
44,1368,136,calibration
44,1369,136,calibration
44,1400,140,calibration
44,1401,140,calibration
44,1402,140,calibration
44,1403,140,calibration
44,1404,140,calibration
44,1405,140,calibration
44,1406,140,calibration
44,1407,140,calibration
44,1408,140,calibration
44,1409,140,calibration
44,1700,170,calibration
44,1701,170,calibration
44,1702,170,calibration
44,1703,170,calibration
44,1704,170,calibration
44,1705,170,calibration
44,1706,170,calibration
44,1707,170,calibration
44,1708,170,calibration
44,1709,170,calibration
44,1710,171,calibration
44,1711,171,calibration
44,1712,171,calibration
44,1713,171,calibration
44,1714,171,calibration
44,1715,171,calibration
44,1716,171,calibration
44,1717,171,calibration
44,1718,171,calibration
44,1719,171,calibration
44,1820,182,calibration
44,1821,182,calibration
44,1822,182,calibration
44,1823,182,calibration
44,1824,182,calibration
44,1825,182,calibration
44,1826,182,calibration
44,1827,182,calibration
44,1828,182,calibration
44,1829,182,calibration
44,1890,189,calibration
44,1891,189,calibration
44,1892,189,calibration
44,1893,189,calibration
44,1894,189,calibration
44,1895,189,calibration
44,1896,189,calibration
44,1897,189,calibration
44,1898,189,calibration
44,1899,189,calibration
44,1950,195,calibration
44,1951,195,calibration
44,1952,195,calibration
44,1953,195,calibration
44,1954,195,calibration
44,1955,195,calibration
44,1956,195,calibration
44,1957,195,calibration
44,1958,195,calibration
44,1959,195,calibration
44,1970,197,calibration
44,1971,197,calibration
44,1972,197,calibration
44,1973,197,calibration
44,1974,197,calibration
44,1975,197,calibration
44,1976,197,calibration
44,1977,197,calibration
44,1978,197,calibration
44,1979,197,calibration
44,2020,202,calibration
44,2021,202,calibration
44,2022,202,calibration
44,2023,202,calibration
44,2024,202,calibration
44,2025,202,calibration
44,2026,202,calibration
44,2027,202,calibration
44,2028,202,calibration
44,2029,202,calibration
44,2150,215,calibration
44,2151,215,calibration
44,2152,215,calibration
44,2153,215,calibration
44,2154,215,calibration
44,2155,215,calibration
44,2156,215,calibration
44,2157,215,calibration
44,2158,215,calibration
44,2159,215,calibration
44,2250,225,calibration
44,2251,225,calibration
44,2252,225,calibration
44,2253,225,calibration
44,2254,225,calibration
44,2255,225,calibration
44,2256,225,calibration
44,2257,225,calibration
44,2258,225,calibration
44,2259,225,calibration
44,2580,258,calibration
44,2581,258,calibration
44,2582,258,calibration
44,2583,258,calibration
44,2584,258,calibration
44,2585,258,calibration
44,2586,258,calibration
44,2587,258,calibration
44,2588,258,calibration
44,2589,258,calibration
44,2650,265,calibration
44,2651,265,calibration
44,2652,265,calibration
44,2653,265,calibration
44,2654,265,calibration
44,2655,265,calibration
44,2656,265,calibration
44,2657,265,calibration
44,2658,265,calibration
44,2659,265,calibration
44,2700,270,calibration
44,2701,270,calibration
44,2702,270,calibration
44,2703,270,calibration
44,2704,270,calibration
44,2705,270,calibration
44,2706,270,calibration
44,2707,270,calibration
44,2708,270,calibration
44,2709,270,calibration
44,2750,275,calibration
44,2751,275,calibration
44,2752,275,calibration
44,2753,275,calibration
44,2754,275,calibration
44,2755,275,calibration
44,2756,275,calibration
44,2757,275,calibration
44,2758,275,calibration
44,2759,275,calibration
44,2780,278,calibration
44,2781,278,calibration
44,2782,278,calibration
44,2783,278,calibration
44,2784,278,calibration
44,2785,278,calibration
44,2786,278,calibration
44,2787,278,calibration
44,2788,278,calibration
44,2789,278,calibration
44,2860,286,calibration
44,2861,286,calibration
44,2862,286,calibration
44,2863,286,calibration
44,2864,286,calibration
44,2865,286,calibration
44,2866,286,calibration
44,2867,286,calibration
44,2868,286,calibration
44,2869,286,calibration
44,2870,287,calibration
44,2871,287,calibration
44,2872,287,calibration
44,2873,287,calibration
44,2874,287,calibration
44,2875,287,calibration
44,2876,287,calibration
44,2877,287,calibration
44,2878,287,calibration
44,2879,287,calibration
44,2930,293,calibration
44,2931,293,calibration
44,2932,293,calibration
44,2933,293,calibration
44,2934,293,calibration
44,2935,293,calibration
44,2936,293,calibration
44,2937,293,calibration
44,2938,293,calibration
44,2939,293,calibration
44,2950,295,calibration
44,2951,295,calibration
44,2952,295,calibration
44,2953,295,calibration
44,2954,295,calibration
44,2955,295,calibration
44,2956,295,calibration
44,2957,295,calibration
44,2958,295,calibration
44,2959,295,calibration
44,2970,297,calibration
44,2971,297,calibration
44,2972,297,calibration
44,2973,297,calibration
44,2974,297,calibration
44,2975,297,calibration
44,2976,297,calibration
44,2977,297,calibration
44,2978,297,calibration
44,2979,297,calibration
44,3000,300,calibration
44,3001,300,calibration
44,3002,300,calibration
44,3003,300,calibration
44,3004,300,calibration
44,3005,300,calibration
44,3006,300,calibration
44,3007,300,calibration
44,3008,300,calibration
44,3009,300,calibration
44,3030,303,calibration
44,3031,303,calibration
44,3032,303,calibration
44,3033,303,calibration
44,3034,303,calibration
44,3035,303,calibration
44,3036,303,calibration
44,3037,303,calibration
44,3038,303,calibration
44,3039,303,calibration
44,3060,306,calibration
44,3061,306,calibration
44,3062,306,calibration
44,3063,306,calibration
44,3064,306,calibration
44,3065,306,calibration
44,3066,306,calibration
44,3067,306,calibration
44,3068,306,calibration
44,3069,306,calibration
44,3130,313,calibration
44,3131,313,calibration
44,3132,313,calibration
44,3133,313,calibration
44,3134,313,calibration
44,3135,313,calibration
44,3136,313,calibration
44,3137,313,calibration
44,3138,313,calibration
44,3139,313,calibration
44,3220,322,calibration
44,3221,322,calibration
44,3222,322,calibration
44,3223,322,calibration
44,3224,322,calibration
44,3225,322,calibration
44,3226,322,calibration
44,3227,322,calibration
44,3228,322,calibration
44,3229,322,calibration
44,3230,323,calibration
44,3231,323,calibration
44,3232,323,calibration
44,3233,323,calibration
44,3234,323,calibration
44,3235,323,calibration
44,3236,323,calibration
44,3237,323,calibration
44,3238,323,calibration
44,3239,323,calibration
44,3320,332,calibration
44,3321,332,calibration
44,3322,332,calibration
44,3323,332,calibration
44,3324,332,calibration
44,3325,332,calibration
44,3326,332,calibration
44,3327,332,calibration
44,3328,332,calibration
44,3329,332,calibration
44,3360,336,calibration
44,3361,336,calibration
44,3362,336,calibration
44,3363,336,calibration
44,3364,336,calibration
44,3365,336,calibration
44,3366,336,calibration
44,3367,336,calibration
44,3368,336,calibration
44,3369,336,calibration
44,3390,339,calibration
44,3391,339,calibration
44,3392,339,calibration
44,3393,339,calibration
44,3394,339,calibration
44,3395,339,calibration
44,3396,339,calibration
44,3397,339,calibration
44,3398,339,calibration
44,3399,339,calibration
44,3430,343,calibration
44,3431,343,calibration
44,3432,343,calibration
44,3433,343,calibration
44,3434,343,calibration
44,3435,343,calibration
44,3436,343,calibration
44,3437,343,calibration
44,3438,343,calibration
44,3439,343,calibration
44,3660,366,calibration
44,3661,366,calibration
44,3662,366,calibration
44,3663,366,calibration
44,3664,366,calibration
44,3665,366,calibration
44,3666,366,calibration
44,3667,366,calibration
44,3668,366,calibration
44,3669,366,calibration
44,3740,374,calibration
44,3741,374,calibration
44,3742,374,calibration
44,3743,374,calibration
44,3744,374,calibration
44,3745,374,calibration
44,3746,374,calibration
44,3747,374,calibration
44,3748,374,calibration
44,3749,374,calibration
44,3770,377,calibration
44,3771,377,calibration
44,3772,377,calibration
44,3773,377,calibration
44,3774,377,calibration
44,3775,377,calibration
44,3776,377,calibration
44,3777,377,calibration
44,3778,377,calibration
44,3779,377,calibration
44,3790,379,calibration
44,3791,379,calibration
44,3792,379,calibration
44,3793,379,calibration
44,3794,379,calibration
44,3795,379,calibration
44,3796,379,calibration
44,3797,379,calibration
44,3798,379,calibration
44,3799,379,calibration
44,4010,401,calibration
44,4011,401,calibration
44,4012,401,calibration
44,4013,401,calibration
44,4014,401,calibration
44,4015,401,calibration
44,4016,401,calibration
44,4017,401,calibration
44,4018,401,calibration
44,4019,401,calibration
44,4030,403,calibration
44,4031,403,calibration
44,4032,403,calibration
44,4033,403,calibration
44,4034,403,calibration
44,4035,403,calibration
44,4036,403,calibration
44,4037,403,calibration
44,4038,403,calibration
44,4039,403,calibration
44,4090,409,calibration
44,4091,409,calibration
44,4092,409,calibration
44,4093,409,calibration
44,4094,409,calibration
44,4095,409,calibration
44,4096,409,calibration
44,4097,409,calibration
44,4098,409,calibration
44,4099,409,calibration
44,4130,413,calibration
44,4131,413,calibration
44,4132,413,calibration
44,4133,413,calibration
44,4134,413,calibration
44,4135,413,calibration
44,4136,413,calibration
44,4137,413,calibration
44,4138,413,calibration
44,4139,413,calibration
44,4140,414,calibration
44,4141,414,calibration
44,4142,414,calibration
44,4143,414,calibration
44,4144,414,calibration
44,4145,414,calibration
44,4146,414,calibration
44,4147,414,calibration
44,4148,414,calibration
44,4149,414,calibration
44,4160,416,calibration
44,4161,416,calibration
44,4162,416,calibration
44,4163,416,calibration
44,4164,416,calibration
44,4165,416,calibration
44,4166,416,calibration
44,4167,416,calibration
44,4168,416,calibration
44,4169,416,calibration
44,4180,418,calibration
44,4181,418,calibration
44,4182,418,calibration
44,4183,418,calibration
44,4184,418,calibration
44,4185,418,calibration
44,4186,418,calibration
44,4187,418,calibration
44,4188,418,calibration
44,4189,418,calibration
44,4200,420,calibration
44,4201,420,calibration
44,4202,420,calibration
44,4203,420,calibration
44,4204,420,calibration
44,4205,420,calibration
44,4206,420,calibration
44,4207,420,calibration
44,4208,420,calibration
44,4209,420,calibration
44,4210,421,calibration
44,4211,421,calibration
44,4212,421,calibration
44,4213,421,calibration
44,4214,421,calibration
44,4215,421,calibration
44,4216,421,calibration
44,4217,421,calibration
44,4218,421,calibration
44,4219,421,calibration
44,4280,428,calibration
44,4281,428,calibration
44,4282,428,calibration
44,4283,428,calibration
44,4284,428,calibration
44,4285,428,calibration
44,4286,428,calibration
44,4287,428,calibration
44,4288,428,calibration
44,4289,428,calibration
44,4290,429,calibration
44,4291,429,calibration
44,4292,429,calibration
44,4293,429,calibration
44,4294,429,calibration
44,4295,429,calibration
44,4296,429,calibration
44,4297,429,calibration
44,4298,429,calibration
44,4299,429,calibration
44,4330,433,calibration
44,4331,433,calibration
44,4332,433,calibration
44,4333,433,calibration
44,4334,433,calibration
44,4335,433,calibration
44,4336,433,calibration
44,4337,433,calibration
44,4338,433,calibration
44,4339,433,calibration
44,4380,438,calibration
44,4381,438,calibration
44,4382,438,calibration
44,4383,438,calibration
44,4384,438,calibration
44,4385,438,calibration
44,4386,438,calibration
44,4387,438,calibration
44,4388,438,calibration
44,4389,438,calibration
44,4510,451,calibration
44,4511,451,calibration
44,4512,451,calibration
44,4513,451,calibration
44,4514,451,calibration
44,4515,451,calibration
44,4516,451,calibration
44,4517,451,calibration
44,4518,451,calibration
44,4519,451,calibration
44,4540,454,calibration
44,4541,454,calibration
44,4542,454,calibration
44,4543,454,calibration
44,4544,454,calibration
44,4545,454,calibration
44,4546,454,calibration
44,4547,454,calibration
44,4548,454,calibration
44,4549,454,calibration
44,4570,457,calibration
44,4571,457,calibration
44,4572,457,calibration
44,4573,457,calibration
44,4574,457,calibration
44,4575,457,calibration
44,4576,457,calibration
44,4577,457,calibration
44,4578,457,calibration
44,4579,457,calibration
44,4590,459,calibration
44,4591,459,calibration
44,4592,459,calibration
44,4593,459,calibration
44,4594,459,calibration
44,4595,459,calibration
44,4596,459,calibration
44,4597,459,calibration
44,4598,459,calibration
44,4599,459,calibration
44,4600,460,calibration
44,4601,460,calibration
44,4602,460,calibration
44,4603,460,calibration
44,4604,460,calibration
44,4605,460,calibration
44,4606,460,calibration
44,4607,460,calibration
44,4608,460,calibration
44,4609,460,calibration
44,4620,462,calibration
44,4621,462,calibration
44,4622,462,calibration
44,4623,462,calibration
44,4624,462,calibration
44,4625,462,calibration
44,4626,462,calibration
44,4627,462,calibration
44,4628,462,calibration
44,4629,462,calibration
44,4770,477,calibration
44,4771,477,calibration
44,4772,477,calibration
44,4773,477,calibration
44,4774,477,calibration
44,4775,477,calibration
44,4776,477,calibration
44,4777,477,calibration
44,4778,477,calibration
44,4779,477,calibration
44,4800,480,calibration
44,4801,480,calibration
44,4802,480,calibration
44,4803,480,calibration
44,4804,480,calibration
44,4805,480,calibration
44,4806,480,calibration
44,4807,480,calibration
44,4808,480,calibration
44,4809,480,calibration
44,4820,482,calibration
44,4821,482,calibration
44,4822,482,calibration
44,4823,482,calibration
44,4824,482,calibration
44,4825,482,calibration
44,4826,482,calibration
44,4827,482,calibration
44,4828,482,calibration
44,4829,482,calibration
44,4940,494,calibration
44,4941,494,calibration
44,4942,494,calibration
44,4943,494,calibration
44,4944,494,calibration
44,4945,494,calibration
44,4946,494,calibration
44,4947,494,calibration
44,4948,494,calibration
44,4949,494,calibration
44,4950,495,calibration
44,4951,495,calibration
44,4952,495,calibration
44,4953,495,calibration
44,4954,495,calibration
44,4955,495,calibration
44,4956,495,calibration
44,4957,495,calibration
44,4958,495,calibration
44,4959,495,calibration
44,4970,497,calibration
44,4971,497,calibration
44,4972,497,calibration
44,4973,497,calibration
44,4974,497,calibration
44,4975,497,calibration
44,4976,497,calibration
44,4977,497,calibration
44,4978,497,calibration
44,4979,497,calibration
44,4990,499,calibration
44,4991,499,calibration
44,4992,499,calibration
44,4993,499,calibration
44,4994,499,calibration
44,4995,499,calibration
44,4996,499,calibration
44,4997,499,calibration
44,4998,499,calibration
44,4999,499,calibration
44,5000,500,calibration
44,5001,500,calibration
44,5002,500,calibration
44,5003,500,calibration
44,5004,500,calibration
44,5005,500,calibration
44,5006,500,calibration
44,5007,500,calibration
44,5008,500,calibration
44,5009,500,calibration
44,5100,510,calibration
44,5101,510,calibration
44,5102,510,calibration
44,5103,510,calibration
44,5104,510,calibration
44,5105,510,calibration
44,5106,510,calibration
44,5107,510,calibration
44,5108,510,calibration
44,5109,510,calibration
44,5120,512,calibration
44,5121,512,calibration
44,5122,512,calibration
44,5123,512,calibration
44,5124,512,calibration
44,5125,512,calibration
44,5126,512,calibration
44,5127,512,calibration
44,5128,512,calibration
44,5129,512,calibration
44,5140,514,calibration
44,5141,514,calibration
44,5142,514,calibration
44,5143,514,calibration
44,5144,514,calibration
44,5145,514,calibration
44,5146,514,calibration
44,5147,514,calibration
44,5148,514,calibration
44,5149,514,calibration
44,5160,516,calibration
44,5161,516,calibration
44,5162,516,calibration
44,5163,516,calibration
44,5164,516,calibration
44,5165,516,calibration
44,5166,516,calibration
44,5167,516,calibration
44,5168,516,calibration
44,5169,516,calibration
44,5190,519,calibration
44,5191,519,calibration
44,5192,519,calibration
44,5193,519,calibration
44,5194,519,calibration
44,5195,519,calibration
44,5196,519,calibration
44,5197,519,calibration
44,5198,519,calibration
44,5199,519,calibration
44,5210,521,calibration
44,5211,521,calibration
44,5212,521,calibration
44,5213,521,calibration
44,5214,521,calibration
44,5215,521,calibration
44,5216,521,calibration
44,5217,521,calibration
44,5218,521,calibration
44,5219,521,calibration
44,5240,524,calibration
44,5241,524,calibration
44,5242,524,calibration
44,5243,524,calibration
44,5244,524,calibration
44,5245,524,calibration
44,5246,524,calibration
44,5247,524,calibration
44,5248,524,calibration
44,5249,524,calibration
44,5260,526,calibration
44,5261,526,calibration
44,5262,526,calibration
44,5263,526,calibration
44,5264,526,calibration
44,5265,526,calibration
44,5266,526,calibration
44,5267,526,calibration
44,5268,526,calibration
44,5269,526,calibration
44,5280,528,calibration
44,5281,528,calibration
44,5282,528,calibration
44,5283,528,calibration
44,5284,528,calibration
44,5285,528,calibration
44,5286,528,calibration
44,5287,528,calibration
44,5288,528,calibration
44,5289,528,calibration
44,5370,537,calibration
44,5371,537,calibration
44,5372,537,calibration
44,5373,537,calibration
44,5374,537,calibration
44,5375,537,calibration
44,5376,537,calibration
44,5377,537,calibration
44,5378,537,calibration
44,5379,537,calibration
44,5380,538,calibration
44,5381,538,calibration
44,5382,538,calibration
44,5383,538,calibration
44,5384,538,calibration
44,5385,538,calibration
44,5386,538,calibration
44,5387,538,calibration
44,5388,538,calibration
44,5389,538,calibration
44,5420,542,calibration
44,5421,542,calibration
44,5422,542,calibration
44,5423,542,calibration
44,5424,542,calibration
44,5425,542,calibration
44,5426,542,calibration
44,5427,542,calibration
44,5428,542,calibration
44,5429,542,calibration
44,5450,545,calibration
44,5451,545,calibration
44,5452,545,calibration
44,5453,545,calibration
44,5454,545,calibration
44,5455,545,calibration
44,5456,545,calibration
44,5457,545,calibration
44,5458,545,calibration
44,5459,545,calibration
44,5470,547,calibration
44,5471,547,calibration
44,5472,547,calibration
44,5473,547,calibration
44,5474,547,calibration
44,5475,547,calibration
44,5476,547,calibration
44,5477,547,calibration
44,5478,547,calibration
44,5479,547,calibration
44,5500,550,calibration
44,5501,550,calibration
44,5502,550,calibration
44,5503,550,calibration
44,5504,550,calibration
44,5505,550,calibration
44,5506,550,calibration
44,5507,550,calibration
44,5508,550,calibration
44,5509,550,calibration
44,5510,551,calibration
44,5511,551,calibration
44,5512,551,calibration
44,5513,551,calibration
44,5514,551,calibration
44,5515,551,calibration
44,5516,551,calibration
44,5517,551,calibration
44,5518,551,calibration
44,5519,551,calibration
44,5540,554,calibration
44,5541,554,calibration
44,5542,554,calibration
44,5543,554,calibration
44,5544,554,calibration
44,5545,554,calibration
44,5546,554,calibration
44,5547,554,calibration
44,5548,554,calibration
44,5549,554,calibration
44,5560,556,calibration
44,5561,556,calibration
44,5562,556,calibration
44,5563,556,calibration
44,5564,556,calibration
44,5565,556,calibration
44,5566,556,calibration
44,5567,556,calibration
44,5568,556,calibration
44,5569,556,calibration
44,5570,557,calibration
44,5571,557,calibration
44,5572,557,calibration
44,5573,557,calibration
44,5574,557,calibration
44,5575,557,calibration
44,5576,557,calibration
44,5577,557,calibration
44,5578,557,calibration
44,5579,557,calibration
44,5600,560,calibration
44,5601,560,calibration
44,5602,560,calibration
44,5603,560,calibration
44,5604,560,calibration
44,5605,560,calibration
44,5606,560,calibration
44,5607,560,calibration
44,5608,560,calibration
44,5609,560,calibration
44,5640,564,calibration
44,5641,564,calibration
44,5642,564,calibration
44,5643,564,calibration
44,5644,564,calibration
44,5645,564,calibration
44,5646,564,calibration
44,5647,564,calibration
44,5648,564,calibration
44,5649,564,calibration
44,5710,571,calibration
44,5711,571,calibration
44,5712,571,calibration
44,5713,571,calibration
44,5714,571,calibration
44,5715,571,calibration
44,5716,571,calibration
44,5717,571,calibration
44,5718,571,calibration
44,5719,571,calibration
44,5740,574,calibration
44,5741,574,calibration
44,5742,574,calibration
44,5743,574,calibration
44,5744,574,calibration
44,5745,574,calibration
44,5746,574,calibration
44,5747,574,calibration
44,5748,574,calibration
44,5749,574,calibration
44,5770,577,calibration
44,5771,577,calibration
44,5772,577,calibration
44,5773,577,calibration
44,5774,577,calibration
44,5775,577,calibration
44,5776,577,calibration
44,5777,577,calibration
44,5778,577,calibration
44,5779,577,calibration
44,5790,579,calibration
44,5791,579,calibration
44,5792,579,calibration
44,5793,579,calibration
44,5794,579,calibration
44,5795,579,calibration
44,5796,579,calibration
44,5797,579,calibration
44,5798,579,calibration
44,5799,579,calibration
44,5840,584,calibration
44,5841,584,calibration
44,5842,584,calibration
44,5843,584,calibration
44,5844,584,calibration
44,5845,584,calibration
44,5846,584,calibration
44,5847,584,calibration
44,5848,584,calibration
44,5849,584,calibration
44,5880,588,calibration
44,5881,588,calibration
44,5882,588,calibration
44,5883,588,calibration
44,5884,588,calibration
44,5885,588,calibration
44,5886,588,calibration
44,5887,588,calibration
44,5888,588,calibration
44,5889,588,calibration
44,5990,599,calibration
44,5991,599,calibration
44,5992,599,calibration
44,5993,599,calibration
44,5994,599,calibration
44,5995,599,calibration
44,5996,599,calibration
44,5997,599,calibration
44,5998,599,calibration
44,5999,599,calibration
44,6000,600,calibration
44,6001,600,calibration
44,6002,600,calibration
44,6003,600,calibration
44,6004,600,calibration
44,6005,600,calibration
44,6006,600,calibration
44,6007,600,calibration
44,6008,600,calibration
44,6009,600,calibration
44,6010,601,calibration
44,6011,601,calibration
44,6012,601,calibration
44,6013,601,calibration
44,6014,601,calibration
44,6015,601,calibration
44,6016,601,calibration
44,6017,601,calibration
44,6018,601,calibration
44,6019,601,calibration
44,6070,607,calibration
44,6071,607,calibration
44,6072,607,calibration
44,6073,607,calibration
44,6074,607,calibration
44,6075,607,calibration
44,6076,607,calibration
44,6077,607,calibration
44,6078,607,calibration
44,6079,607,calibration
44,6100,610,calibration
44,6101,610,calibration
44,6102,610,calibration
44,6103,610,calibration
44,6104,610,calibration
44,6105,610,calibration
44,6106,610,calibration
44,6107,610,calibration
44,6108,610,calibration
44,6109,610,calibration
44,6110,611,calibration
44,6111,611,calibration
44,6112,611,calibration
44,6113,611,calibration
44,6114,611,calibration
44,6115,611,calibration
44,6116,611,calibration
44,6117,611,calibration
44,6118,611,calibration
44,6119,611,calibration
44,6150,615,calibration
44,6151,615,calibration
44,6152,615,calibration
44,6153,615,calibration
44,6154,615,calibration
44,6155,615,calibration
44,6156,615,calibration
44,6157,615,calibration
44,6158,615,calibration
44,6159,615,calibration
44,6190,619,calibration
44,6191,619,calibration
44,6192,619,calibration
44,6193,619,calibration
44,6194,619,calibration
44,6195,619,calibration
44,6196,619,calibration
44,6197,619,calibration
44,6198,619,calibration
44,6199,619,calibration
44,6200,620,calibration
44,6201,620,calibration
44,6202,620,calibration
44,6203,620,calibration
44,6204,620,calibration
44,6205,620,calibration
44,6206,620,calibration
44,6207,620,calibration
44,6208,620,calibration
44,6209,620,calibration
44,6210,621,calibration
44,6211,621,calibration
44,6212,621,calibration
44,6213,621,calibration
44,6214,621,calibration
44,6215,621,calibration
44,6216,621,calibration
44,6217,621,calibration
44,6218,621,calibration
44,6219,621,calibration
44,6250,625,calibration
44,6251,625,calibration
44,6252,625,calibration
44,6253,625,calibration
44,6254,625,calibration
44,6255,625,calibration
44,6256,625,calibration
44,6257,625,calibration
44,6258,625,calibration
44,6259,625,calibration
44,6270,627,calibration
44,6271,627,calibration
44,6272,627,calibration
44,6273,627,calibration
44,6274,627,calibration
44,6275,627,calibration
44,6276,627,calibration
44,6277,627,calibration
44,6278,627,calibration
44,6279,627,calibration
44,6460,646,calibration
44,6461,646,calibration
44,6462,646,calibration
44,6463,646,calibration
44,6464,646,calibration
44,6465,646,calibration
44,6466,646,calibration
44,6467,646,calibration
44,6468,646,calibration
44,6469,646,calibration
44,6480,648,calibration
44,6481,648,calibration
44,6482,648,calibration
44,6483,648,calibration
44,6484,648,calibration
44,6485,648,calibration
44,6486,648,calibration
44,6487,648,calibration
44,6488,648,calibration
44,6489,648,calibration
44,6490,649,calibration
44,6491,649,calibration
44,6492,649,calibration
44,6493,649,calibration
44,6494,649,calibration
44,6495,649,calibration
44,6496,649,calibration
44,6497,649,calibration
44,6498,649,calibration
44,6499,649,calibration
44,6570,657,calibration
44,6571,657,calibration
44,6572,657,calibration
44,6573,657,calibration
44,6574,657,calibration
44,6575,657,calibration
44,6576,657,calibration
44,6577,657,calibration
44,6578,657,calibration
44,6579,657,calibration
44,6590,659,calibration
44,6591,659,calibration
44,6592,659,calibration
44,6593,659,calibration
44,6594,659,calibration
44,6595,659,calibration
44,6596,659,calibration
44,6597,659,calibration
44,6598,659,calibration
44,6599,659,calibration
44,6710,671,calibration
44,6711,671,calibration
44,6712,671,calibration
44,6713,671,calibration
44,6714,671,calibration
44,6715,671,calibration
44,6716,671,calibration
44,6717,671,calibration
44,6718,671,calibration
44,6719,671,calibration
44,6740,674,calibration
44,6741,674,calibration
44,6742,674,calibration
44,6743,674,calibration
44,6744,674,calibration
44,6745,674,calibration
44,6746,674,calibration
44,6747,674,calibration
44,6748,674,calibration
44,6749,674,calibration
44,6760,676,calibration
44,6761,676,calibration
44,6762,676,calibration
44,6763,676,calibration
44,6764,676,calibration
44,6765,676,calibration
44,6766,676,calibration
44,6767,676,calibration
44,6768,676,calibration
44,6769,676,calibration
44,6790,679,calibration
44,6791,679,calibration
44,6792,679,calibration
44,6793,679,calibration
44,6794,679,calibration
44,6795,679,calibration
44,6796,679,calibration
44,6797,679,calibration
44,6798,679,calibration
44,6799,679,calibration
44,6880,688,calibration
44,6881,688,calibration
44,6882,688,calibration
44,6883,688,calibration
44,6884,688,calibration
44,6885,688,calibration
44,6886,688,calibration
44,6887,688,calibration
44,6888,688,calibration
44,6889,688,calibration
44,6950,695,calibration
44,6951,695,calibration
44,6952,695,calibration
44,6953,695,calibration
44,6954,695,calibration
44,6955,695,calibration
44,6956,695,calibration
44,6957,695,calibration
44,6958,695,calibration
44,6959,695,calibration
44,6980,698,calibration
44,6981,698,calibration
44,6982,698,calibration
44,6983,698,calibration
44,6984,698,calibration
44,6985,698,calibration
44,6986,698,calibration
44,6987,698,calibration
44,6988,698,calibration
44,6989,698,calibration
44,6990,699,calibration
44,6991,699,calibration
44,6992,699,calibration
44,6993,699,calibration
44,6994,699,calibration
44,6995,699,calibration
44,6996,699,calibration
44,6997,699,calibration
44,6998,699,calibration
44,6999,699,calibration
44,7040,704,calibration
44,7041,704,calibration
44,7042,704,calibration
44,7043,704,calibration
44,7044,704,calibration
44,7045,704,calibration
44,7046,704,calibration
44,7047,704,calibration
44,7048,704,calibration
44,7049,704,calibration
44,7050,705,calibration
44,7051,705,calibration
44,7052,705,calibration
44,7053,705,calibration
44,7054,705,calibration
44,7055,705,calibration
44,7056,705,calibration
44,7057,705,calibration
44,7058,705,calibration
44,7059,705,calibration
44,7070,707,calibration
44,7071,707,calibration
44,7072,707,calibration
44,7073,707,calibration
44,7074,707,calibration
44,7075,707,calibration
44,7076,707,calibration
44,7077,707,calibration
44,7078,707,calibration
44,7079,707,calibration
44,7150,715,calibration
44,7151,715,calibration
44,7152,715,calibration
44,7153,715,calibration
44,7154,715,calibration
44,7155,715,calibration
44,7156,715,calibration
44,7157,715,calibration
44,7158,715,calibration
44,7159,715,calibration
44,7200,720,calibration
44,7201,720,calibration
44,7202,720,calibration
44,7203,720,calibration
44,7204,720,calibration
44,7205,720,calibration
44,7206,720,calibration
44,7207,720,calibration
44,7208,720,calibration
44,7209,720,calibration
44,7260,726,calibration
44,7261,726,calibration
44,7262,726,calibration
44,7263,726,calibration
44,7264,726,calibration
44,7265,726,calibration
44,7266,726,calibration
44,7267,726,calibration
44,7268,726,calibration
44,7269,726,calibration
44,7480,748,calibration
44,7481,748,calibration
44,7482,748,calibration
44,7483,748,calibration
44,7484,748,calibration
44,7485,748,calibration
44,7486,748,calibration
44,7487,748,calibration
44,7488,748,calibration
44,7489,748,calibration
44,7490,749,calibration
44,7491,749,calibration
44,7492,749,calibration
44,7493,749,calibration
44,7494,749,calibration
44,7495,749,calibration
44,7496,749,calibration
44,7497,749,calibration
44,7498,749,calibration
44,7499,749,calibration
44,7570,757,calibration
44,7571,757,calibration
44,7572,757,calibration
44,7573,757,calibration
44,7574,757,calibration
44,7575,757,calibration
44,7576,757,calibration
44,7577,757,calibration
44,7578,757,calibration
44,7579,757,calibration
44,7580,758,calibration
44,7581,758,calibration
44,7582,758,calibration
44,7583,758,calibration
44,7584,758,calibration
44,7585,758,calibration
44,7586,758,calibration
44,7587,758,calibration
44,7588,758,calibration
44,7589,758,calibration
44,7600,760,calibration
44,7601,760,calibration
44,7602,760,calibration
44,7603,760,calibration
44,7604,760,calibration
44,7605,760,calibration
44,7606,760,calibration
44,7607,760,calibration
44,7608,760,calibration
44,7609,760,calibration
44,7640,764,calibration
44,7641,764,calibration
44,7642,764,calibration
44,7643,764,calibration
44,7644,764,calibration
44,7645,764,calibration
44,7646,764,calibration
44,7647,764,calibration
44,7648,764,calibration
44,7649,764,calibration
44,7650,765,calibration
44,7651,765,calibration
44,7652,765,calibration
44,7653,765,calibration
44,7654,765,calibration
44,7655,765,calibration
44,7656,765,calibration
44,7657,765,calibration
44,7658,765,calibration
44,7659,765,calibration
44,7700,770,calibration
44,7701,770,calibration
44,7702,770,calibration
44,7703,770,calibration
44,7704,770,calibration
44,7705,770,calibration
44,7706,770,calibration
44,7707,770,calibration
44,7708,770,calibration
44,7709,770,calibration
44,7810,781,calibration
44,7811,781,calibration
44,7812,781,calibration
44,7813,781,calibration
44,7814,781,calibration
44,7815,781,calibration
44,7816,781,calibration
44,7817,781,calibration
44,7818,781,calibration
44,7819,781,calibration
44,7860,786,calibration
44,7861,786,calibration
44,7862,786,calibration
44,7863,786,calibration
44,7864,786,calibration
44,7865,786,calibration
44,7866,786,calibration
44,7867,786,calibration
44,7868,786,calibration
44,7869,786,calibration
44,7870,787,calibration
44,7871,787,calibration
44,7872,787,calibration
44,7873,787,calibration
44,7874,787,calibration
44,7875,787,calibration
44,7876,787,calibration
44,7877,787,calibration
44,7878,787,calibration
44,7879,787,calibration
44,7940,794,calibration
44,7941,794,calibration
44,7942,794,calibration
44,7943,794,calibration
44,7944,794,calibration
44,7945,794,calibration
44,7946,794,calibration
44,7947,794,calibration
44,7948,794,calibration
44,7949,794,calibration
44,8020,802,calibration
44,8021,802,calibration
44,8022,802,calibration
44,8023,802,calibration
44,8024,802,calibration
44,8025,802,calibration
44,8026,802,calibration
44,8027,802,calibration
44,8028,802,calibration
44,8029,802,calibration
44,8030,803,calibration
44,8031,803,calibration
44,8032,803,calibration
44,8033,803,calibration
44,8034,803,calibration
44,8035,803,calibration
44,8036,803,calibration
44,8037,803,calibration
44,8038,803,calibration
44,8039,803,calibration
44,8040,804,calibration
44,8041,804,calibration
44,8042,804,calibration
44,8043,804,calibration
44,8044,804,calibration
44,8045,804,calibration
44,8046,804,calibration
44,8047,804,calibration
44,8048,804,calibration
44,8049,804,calibration
44,8050,805,calibration
44,8051,805,calibration
44,8052,805,calibration
44,8053,805,calibration
44,8054,805,calibration
44,8055,805,calibration
44,8056,805,calibration
44,8057,805,calibration
44,8058,805,calibration
44,8059,805,calibration
44,8060,806,calibration
44,8061,806,calibration
44,8062,806,calibration
44,8063,806,calibration
44,8064,806,calibration
44,8065,806,calibration
44,8066,806,calibration
44,8067,806,calibration
44,8068,806,calibration
44,8069,806,calibration
44,8100,810,calibration
44,8101,810,calibration
44,8102,810,calibration
44,8103,810,calibration
44,8104,810,calibration
44,8105,810,calibration
44,8106,810,calibration
44,8107,810,calibration
44,8108,810,calibration
44,8109,810,calibration
44,8140,814,calibration
44,8141,814,calibration
44,8142,814,calibration
44,8143,814,calibration
44,8144,814,calibration
44,8145,814,calibration
44,8146,814,calibration
44,8147,814,calibration
44,8148,814,calibration
44,8149,814,calibration
44,8200,820,calibration
44,8201,820,calibration
44,8202,820,calibration
44,8203,820,calibration
44,8204,820,calibration
44,8205,820,calibration
44,8206,820,calibration
44,8207,820,calibration
44,8208,820,calibration
44,8209,820,calibration
44,8300,830,calibration
44,8301,830,calibration
44,8302,830,calibration
44,8303,830,calibration
44,8304,830,calibration
44,8305,830,calibration
44,8306,830,calibration
44,8307,830,calibration
44,8308,830,calibration
44,8309,830,calibration
44,8320,832,calibration
44,8321,832,calibration
44,8322,832,calibration
44,8323,832,calibration
44,8324,832,calibration
44,8325,832,calibration
44,8326,832,calibration
44,8327,832,calibration
44,8328,832,calibration
44,8329,832,calibration
44,8440,844,calibration
44,8441,844,calibration
44,8442,844,calibration
44,8443,844,calibration
44,8444,844,calibration
44,8445,844,calibration
44,8446,844,calibration
44,8447,844,calibration
44,8448,844,calibration
44,8449,844,calibration
44,8470,847,calibration
44,8471,847,calibration
44,8472,847,calibration
44,8473,847,calibration
44,8474,847,calibration
44,8475,847,calibration
44,8476,847,calibration
44,8477,847,calibration
44,8478,847,calibration
44,8479,847,calibration
44,8520,852,calibration
44,8521,852,calibration
44,8522,852,calibration
44,8523,852,calibration
44,8524,852,calibration
44,8525,852,calibration
44,8526,852,calibration
44,8527,852,calibration
44,8528,852,calibration
44,8529,852,calibration
44,8550,855,calibration
44,8551,855,calibration
44,8552,855,calibration
44,8553,855,calibration
44,8554,855,calibration
44,8555,855,calibration
44,8556,855,calibration
44,8557,855,calibration
44,8558,855,calibration
44,8559,855,calibration
44,8640,864,calibration
44,8641,864,calibration
44,8642,864,calibration
44,8643,864,calibration
44,8644,864,calibration
44,8645,864,calibration
44,8646,864,calibration
44,8647,864,calibration
44,8648,864,calibration
44,8649,864,calibration
44,8650,865,calibration
44,8651,865,calibration
44,8652,865,calibration
44,8653,865,calibration
44,8654,865,calibration
44,8655,865,calibration
44,8656,865,calibration
44,8657,865,calibration
44,8658,865,calibration
44,8659,865,calibration
44,8670,867,calibration
44,8671,867,calibration
44,8672,867,calibration
44,8673,867,calibration
44,8674,867,calibration
44,8675,867,calibration
44,8676,867,calibration
44,8677,867,calibration
44,8678,867,calibration
44,8679,867,calibration
44,8730,873,calibration
44,8731,873,calibration
44,8732,873,calibration
44,8733,873,calibration
44,8734,873,calibration
44,8735,873,calibration
44,8736,873,calibration
44,8737,873,calibration
44,8738,873,calibration
44,8739,873,calibration
44,8830,883,calibration
44,8831,883,calibration
44,8832,883,calibration
44,8833,883,calibration
44,8834,883,calibration
44,8835,883,calibration
44,8836,883,calibration
44,8837,883,calibration
44,8838,883,calibration
44,8839,883,calibration
44,8840,884,calibration
44,8841,884,calibration
44,8842,884,calibration
44,8843,884,calibration
44,8844,884,calibration
44,8845,884,calibration
44,8846,884,calibration
44,8847,884,calibration
44,8848,884,calibration
44,8849,884,calibration
44,8930,893,calibration
44,8931,893,calibration
44,8932,893,calibration
44,8933,893,calibration
44,8934,893,calibration
44,8935,893,calibration
44,8936,893,calibration
44,8937,893,calibration
44,8938,893,calibration
44,8939,893,calibration
44,8970,897,calibration
44,8971,897,calibration
44,8972,897,calibration
44,8973,897,calibration
44,8974,897,calibration
44,8975,897,calibration
44,8976,897,calibration
44,8977,897,calibration
44,8978,897,calibration
44,8979,897,calibration
44,8980,898,calibration
44,8981,898,calibration
44,8982,898,calibration
44,8983,898,calibration
44,8984,898,calibration
44,8985,898,calibration
44,8986,898,calibration
44,8987,898,calibration
44,8988,898,calibration
44,8989,898,calibration
44,9050,905,calibration
44,9051,905,calibration
44,9052,905,calibration
44,9053,905,calibration
44,9054,905,calibration
44,9055,905,calibration
44,9056,905,calibration
44,9057,905,calibration
44,9058,905,calibration
44,9059,905,calibration
44,9090,909,calibration
44,9091,909,calibration
44,9092,909,calibration
44,9093,909,calibration
44,9094,909,calibration
44,9095,909,calibration
44,9096,909,calibration
44,9097,909,calibration
44,9098,909,calibration
44,9099,909,calibration
44,9120,912,calibration
44,9121,912,calibration
44,9122,912,calibration
44,9123,912,calibration
44,9124,912,calibration
44,9125,912,calibration
44,9126,912,calibration
44,9127,912,calibration
44,9128,912,calibration
44,9129,912,calibration
44,9190,919,calibration
44,9191,919,calibration
44,9192,919,calibration
44,9193,919,calibration
44,9194,919,calibration
44,9195,919,calibration
44,9196,919,calibration
44,9197,919,calibration
44,9198,919,calibration
44,9199,919,calibration
44,9200,920,calibration
44,9201,920,calibration
44,9202,920,calibration
44,9203,920,calibration
44,9204,920,calibration
44,9205,920,calibration
44,9206,920,calibration
44,9207,920,calibration
44,9208,920,calibration
44,9209,920,calibration
44,9330,933,calibration
44,9331,933,calibration
44,9332,933,calibration
44,9333,933,calibration
44,9334,933,calibration
44,9335,933,calibration
44,9336,933,calibration
44,9337,933,calibration
44,9338,933,calibration
44,9339,933,calibration
44,9410,941,calibration
44,9411,941,calibration
44,9412,941,calibration
44,9413,941,calibration
44,9414,941,calibration
44,9415,941,calibration
44,9416,941,calibration
44,9417,941,calibration
44,9418,941,calibration
44,9419,941,calibration
44,9460,946,calibration
44,9461,946,calibration
44,9462,946,calibration
44,9463,946,calibration
44,9464,946,calibration
44,9465,946,calibration
44,9466,946,calibration
44,9467,946,calibration
44,9468,946,calibration
44,9469,946,calibration
44,9520,952,calibration
44,9521,952,calibration
44,9522,952,calibration
44,9523,952,calibration
44,9524,952,calibration
44,9525,952,calibration
44,9526,952,calibration
44,9527,952,calibration
44,9528,952,calibration
44,9529,952,calibration
44,9530,953,calibration
44,9531,953,calibration
44,9532,953,calibration
44,9533,953,calibration
44,9534,953,calibration
44,9535,953,calibration
44,9536,953,calibration
44,9537,953,calibration
44,9538,953,calibration
44,9539,953,calibration
44,9540,954,calibration
44,9541,954,calibration
44,9542,954,calibration
44,9543,954,calibration
44,9544,954,calibration
44,9545,954,calibration
44,9546,954,calibration
44,9547,954,calibration
44,9548,954,calibration
44,9549,954,calibration
44,9570,957,calibration
44,9571,957,calibration
44,9572,957,calibration
44,9573,957,calibration
44,9574,957,calibration
44,9575,957,calibration
44,9576,957,calibration
44,9577,957,calibration
44,9578,957,calibration
44,9579,957,calibration
44,9620,962,calibration
44,9621,962,calibration
44,9622,962,calibration
44,9623,962,calibration
44,9624,962,calibration
44,9625,962,calibration
44,9626,962,calibration
44,9627,962,calibration
44,9628,962,calibration
44,9629,962,calibration
44,9670,967,calibration
44,9671,967,calibration
44,9672,967,calibration
44,9673,967,calibration
44,9674,967,calibration
44,9675,967,calibration
44,9676,967,calibration
44,9677,967,calibration
44,9678,967,calibration
44,9679,967,calibration
44,9780,978,calibration
44,9781,978,calibration
44,9782,978,calibration
44,9783,978,calibration
44,9784,978,calibration
44,9785,978,calibration
44,9786,978,calibration
44,9787,978,calibration
44,9788,978,calibration
44,9789,978,calibration
44,9790,979,calibration
44,9791,979,calibration
44,9792,979,calibration
44,9793,979,calibration
44,9794,979,calibration
44,9795,979,calibration
44,9796,979,calibration
44,9797,979,calibration
44,9798,979,calibration
44,9799,979,calibration
44,9810,981,calibration
44,9811,981,calibration
44,9812,981,calibration
44,9813,981,calibration
44,9814,981,calibration
44,9815,981,calibration
44,9816,981,calibration
44,9817,981,calibration
44,9818,981,calibration
44,9819,981,calibration
44,9820,982,calibration
44,9821,982,calibration
44,9822,982,calibration
44,9823,982,calibration
44,9824,982,calibration
44,9825,982,calibration
44,9826,982,calibration
44,9827,982,calibration
44,9828,982,calibration
44,9829,982,calibration
44,9960,996,calibration
44,9961,996,calibration
44,9962,996,calibration
44,9963,996,calibration
44,9964,996,calibration
44,9965,996,calibration
44,9966,996,calibration
44,9967,996,calibration
44,9968,996,calibration
44,9969,996,calibration
44,0,0,test
44,1,0,test
44,2,0,test
44,3,0,test
44,4,0,test
44,5,0,test
44,6,0,test
44,7,0,test
44,8,0,test
44,9,0,test
44,60,6,test
44,61,6,test
44,62,6,test
44,63,6,test
44,64,6,test
44,65,6,test
44,66,6,test
44,67,6,test
44,68,6,test
44,69,6,test
44,70,7,test
44,71,7,test
44,72,7,test
44,73,7,test
44,74,7,test
44,75,7,test
44,76,7,test
44,77,7,test
44,78,7,test
44,79,7,test
44,80,8,test
44,81,8,test
44,82,8,test
44,83,8,test
44,84,8,test
44,85,8,test
44,86,8,test
44,87,8,test
44,88,8,test
44,89,8,test
44,110,11,test
44,111,11,test
44,112,11,test
44,113,11,test
44,114,11,test
44,115,11,test
44,116,11,test
44,117,11,test
44,118,11,test
44,119,11,test
44,120,12,test
44,121,12,test
44,122,12,test
44,123,12,test
44,124,12,test
44,125,12,test
44,126,12,test
44,127,12,test
44,128,12,test
44,129,12,test
44,140,14,test
44,141,14,test
44,142,14,test
44,143,14,test
44,144,14,test
44,145,14,test
44,146,14,test
44,147,14,test
44,148,14,test
44,149,14,test
44,170,17,test
44,171,17,test
44,172,17,test
44,173,17,test
44,174,17,test
44,175,17,test
44,176,17,test
44,177,17,test
44,178,17,test
44,179,17,test
44,200,20,test
44,201,20,test
44,202,20,test
44,203,20,test
44,204,20,test
44,205,20,test
44,206,20,test
44,207,20,test
44,208,20,test
44,209,20,test
44,250,25,test
44,251,25,test
44,252,25,test
44,253,25,test
44,254,25,test
44,255,25,test
44,256,25,test
44,257,25,test
44,258,25,test
44,259,25,test
44,330,33,test
44,331,33,test
44,332,33,test
44,333,33,test
44,334,33,test
44,335,33,test
44,336,33,test
44,337,33,test
44,338,33,test
44,339,33,test
44,340,34,test
44,341,34,test
44,342,34,test
44,343,34,test
44,344,34,test
44,345,34,test
44,346,34,test
44,347,34,test
44,348,34,test
44,349,34,test
44,370,37,test
44,371,37,test
44,372,37,test
44,373,37,test
44,374,37,test
44,375,37,test
44,376,37,test
44,377,37,test
44,378,37,test
44,379,37,test
44,420,42,test
44,421,42,test
44,422,42,test
44,423,42,test
44,424,42,test
44,425,42,test
44,426,42,test
44,427,42,test
44,428,42,test
44,429,42,test
44,430,43,test
44,431,43,test
44,432,43,test
44,433,43,test
44,434,43,test
44,435,43,test
44,436,43,test
44,437,43,test
44,438,43,test
44,439,43,test
44,500,50,test
44,501,50,test
44,502,50,test
44,503,50,test
44,504,50,test
44,505,50,test
44,506,50,test
44,507,50,test
44,508,50,test
44,509,50,test
44,590,59,test
44,591,59,test
44,592,59,test
44,593,59,test
44,594,59,test
44,595,59,test
44,596,59,test
44,597,59,test
44,598,59,test
44,599,59,test
44,620,62,test
44,621,62,test
44,622,62,test
44,623,62,test
44,624,62,test
44,625,62,test
44,626,62,test
44,627,62,test
44,628,62,test
44,629,62,test
44,720,72,test
44,721,72,test
44,722,72,test
44,723,72,test
44,724,72,test
44,725,72,test
44,726,72,test
44,727,72,test
44,728,72,test
44,729,72,test
44,770,77,test
44,771,77,test
44,772,77,test
44,773,77,test
44,774,77,test
44,775,77,test
44,776,77,test
44,777,77,test
44,778,77,test
44,779,77,test
44,800,80,test
44,801,80,test
44,802,80,test
44,803,80,test
44,804,80,test
44,805,80,test
44,806,80,test
44,807,80,test
44,808,80,test
44,809,80,test
44,820,82,test
44,821,82,test
44,822,82,test
44,823,82,test
44,824,82,test
44,825,82,test
44,826,82,test
44,827,82,test
44,828,82,test
44,829,82,test
44,1000,100,test
44,1001,100,test
44,1002,100,test
44,1003,100,test
44,1004,100,test
44,1005,100,test
44,1006,100,test
44,1007,100,test
44,1008,100,test
44,1009,100,test
44,1010,101,test
44,1011,101,test
44,1012,101,test
44,1013,101,test
44,1014,101,test
44,1015,101,test
44,1016,101,test
44,1017,101,test
44,1018,101,test
44,1019,101,test
44,1030,103,test
44,1031,103,test
44,1032,103,test
44,1033,103,test
44,1034,103,test
44,1035,103,test
44,1036,103,test
44,1037,103,test
44,1038,103,test
44,1039,103,test
44,1050,105,test
44,1051,105,test
44,1052,105,test
44,1053,105,test
44,1054,105,test
44,1055,105,test
44,1056,105,test
44,1057,105,test
44,1058,105,test
44,1059,105,test
44,1070,107,test
44,1071,107,test
44,1072,107,test
44,1073,107,test
44,1074,107,test
44,1075,107,test
44,1076,107,test
44,1077,107,test
44,1078,107,test
44,1079,107,test
44,1080,108,test
44,1081,108,test
44,1082,108,test
44,1083,108,test
44,1084,108,test
44,1085,108,test
44,1086,108,test
44,1087,108,test
44,1088,108,test
44,1089,108,test
44,1110,111,test
44,1111,111,test
44,1112,111,test
44,1113,111,test
44,1114,111,test
44,1115,111,test
44,1116,111,test
44,1117,111,test
44,1118,111,test
44,1119,111,test
44,1130,113,test
44,1131,113,test
44,1132,113,test
44,1133,113,test
44,1134,113,test
44,1135,113,test
44,1136,113,test
44,1137,113,test
44,1138,113,test
44,1139,113,test
44,1160,116,test
44,1161,116,test
44,1162,116,test
44,1163,116,test
44,1164,116,test
44,1165,116,test
44,1166,116,test
44,1167,116,test
44,1168,116,test
44,1169,116,test
44,1190,119,test
44,1191,119,test
44,1192,119,test
44,1193,119,test
44,1194,119,test
44,1195,119,test
44,1196,119,test
44,1197,119,test
44,1198,119,test
44,1199,119,test
44,1260,126,test
44,1261,126,test
44,1262,126,test
44,1263,126,test
44,1264,126,test
44,1265,126,test
44,1266,126,test
44,1267,126,test
44,1268,126,test
44,1269,126,test
44,1280,128,test
44,1281,128,test
44,1282,128,test
44,1283,128,test
44,1284,128,test
44,1285,128,test
44,1286,128,test
44,1287,128,test
44,1288,128,test
44,1289,128,test
44,1320,132,test
44,1321,132,test
44,1322,132,test
44,1323,132,test
44,1324,132,test
44,1325,132,test
44,1326,132,test
44,1327,132,test
44,1328,132,test
44,1329,132,test
44,1380,138,test
44,1381,138,test
44,1382,138,test
44,1383,138,test
44,1384,138,test
44,1385,138,test
44,1386,138,test
44,1387,138,test
44,1388,138,test
44,1389,138,test
44,1420,142,test
44,1421,142,test
44,1422,142,test
44,1423,142,test
44,1424,142,test
44,1425,142,test
44,1426,142,test
44,1427,142,test
44,1428,142,test
44,1429,142,test
44,1450,145,test
44,1451,145,test
44,1452,145,test
44,1453,145,test
44,1454,145,test
44,1455,145,test
44,1456,145,test
44,1457,145,test
44,1458,145,test
44,1459,145,test
44,1500,150,test
44,1501,150,test
44,1502,150,test
44,1503,150,test
44,1504,150,test
44,1505,150,test
44,1506,150,test
44,1507,150,test
44,1508,150,test
44,1509,150,test
44,1530,153,test
44,1531,153,test
44,1532,153,test
44,1533,153,test
44,1534,153,test
44,1535,153,test
44,1536,153,test
44,1537,153,test
44,1538,153,test
44,1539,153,test
44,1560,156,test
44,1561,156,test
44,1562,156,test
44,1563,156,test
44,1564,156,test
44,1565,156,test
44,1566,156,test
44,1567,156,test
44,1568,156,test
44,1569,156,test
44,1630,163,test
44,1631,163,test
44,1632,163,test
44,1633,163,test
44,1634,163,test
44,1635,163,test
44,1636,163,test
44,1637,163,test
44,1638,163,test
44,1639,163,test
44,1650,165,test
44,1651,165,test
44,1652,165,test
44,1653,165,test
44,1654,165,test
44,1655,165,test
44,1656,165,test
44,1657,165,test
44,1658,165,test
44,1659,165,test
44,1680,168,test
44,1681,168,test
44,1682,168,test
44,1683,168,test
44,1684,168,test
44,1685,168,test
44,1686,168,test
44,1687,168,test
44,1688,168,test
44,1689,168,test
44,1750,175,test
44,1751,175,test
44,1752,175,test
44,1753,175,test
44,1754,175,test
44,1755,175,test
44,1756,175,test
44,1757,175,test
44,1758,175,test
44,1759,175,test
44,1770,177,test
44,1771,177,test
44,1772,177,test
44,1773,177,test
44,1774,177,test
44,1775,177,test
44,1776,177,test
44,1777,177,test
44,1778,177,test
44,1779,177,test
44,1800,180,test
44,1801,180,test
44,1802,180,test
44,1803,180,test
44,1804,180,test
44,1805,180,test
44,1806,180,test
44,1807,180,test
44,1808,180,test
44,1809,180,test
44,1850,185,test
44,1851,185,test
44,1852,185,test
44,1853,185,test
44,1854,185,test
44,1855,185,test
44,1856,185,test
44,1857,185,test
44,1858,185,test
44,1859,185,test
44,1930,193,test
44,1931,193,test
44,1932,193,test
44,1933,193,test
44,1934,193,test
44,1935,193,test
44,1936,193,test
44,1937,193,test
44,1938,193,test
44,1939,193,test
44,1990,199,test
44,1991,199,test
44,1992,199,test
44,1993,199,test
44,1994,199,test
44,1995,199,test
44,1996,199,test
44,1997,199,test
44,1998,199,test
44,1999,199,test
44,2040,204,test
44,2041,204,test
44,2042,204,test
44,2043,204,test
44,2044,204,test
44,2045,204,test
44,2046,204,test
44,2047,204,test
44,2048,204,test
44,2049,204,test
44,2050,205,test
44,2051,205,test
44,2052,205,test
44,2053,205,test
44,2054,205,test
44,2055,205,test
44,2056,205,test
44,2057,205,test
44,2058,205,test
44,2059,205,test
44,2080,208,test
44,2081,208,test
44,2082,208,test
44,2083,208,test
44,2084,208,test
44,2085,208,test
44,2086,208,test
44,2087,208,test
44,2088,208,test
44,2089,208,test
44,2090,209,test
44,2091,209,test
44,2092,209,test
44,2093,209,test
44,2094,209,test
44,2095,209,test
44,2096,209,test
44,2097,209,test
44,2098,209,test
44,2099,209,test
44,2170,217,test
44,2171,217,test
44,2172,217,test
44,2173,217,test
44,2174,217,test
44,2175,217,test
44,2176,217,test
44,2177,217,test
44,2178,217,test
44,2179,217,test
44,2210,221,test
44,2211,221,test
44,2212,221,test
44,2213,221,test
44,2214,221,test
44,2215,221,test
44,2216,221,test
44,2217,221,test
44,2218,221,test
44,2219,221,test
44,2300,230,test
44,2301,230,test
44,2302,230,test
44,2303,230,test
44,2304,230,test
44,2305,230,test
44,2306,230,test
44,2307,230,test
44,2308,230,test
44,2309,230,test
44,2310,231,test
44,2311,231,test
44,2312,231,test
44,2313,231,test
44,2314,231,test
44,2315,231,test
44,2316,231,test
44,2317,231,test
44,2318,231,test
44,2319,231,test
44,2330,233,test
44,2331,233,test
44,2332,233,test
44,2333,233,test
44,2334,233,test
44,2335,233,test
44,2336,233,test
44,2337,233,test
44,2338,233,test
44,2339,233,test
44,2420,242,test
44,2421,242,test
44,2422,242,test
44,2423,242,test
44,2424,242,test
44,2425,242,test
44,2426,242,test
44,2427,242,test
44,2428,242,test
44,2429,242,test
44,2510,251,test
44,2511,251,test
44,2512,251,test
44,2513,251,test
44,2514,251,test
44,2515,251,test
44,2516,251,test
44,2517,251,test
44,2518,251,test
44,2519,251,test
44,2550,255,test
44,2551,255,test
44,2552,255,test
44,2553,255,test
44,2554,255,test
44,2555,255,test
44,2556,255,test
44,2557,255,test
44,2558,255,test
44,2559,255,test
44,2590,259,test
44,2591,259,test
44,2592,259,test
44,2593,259,test
44,2594,259,test
44,2595,259,test
44,2596,259,test
44,2597,259,test
44,2598,259,test
44,2599,259,test
44,2610,261,test
44,2611,261,test
44,2612,261,test
44,2613,261,test
44,2614,261,test
44,2615,261,test
44,2616,261,test
44,2617,261,test
44,2618,261,test
44,2619,261,test
44,2630,263,test
44,2631,263,test
44,2632,263,test
44,2633,263,test
44,2634,263,test
44,2635,263,test
44,2636,263,test
44,2637,263,test
44,2638,263,test
44,2639,263,test
44,2880,288,test
44,2881,288,test
44,2882,288,test
44,2883,288,test
44,2884,288,test
44,2885,288,test
44,2886,288,test
44,2887,288,test
44,2888,288,test
44,2889,288,test
44,2900,290,test
44,2901,290,test
44,2902,290,test
44,2903,290,test
44,2904,290,test
44,2905,290,test
44,2906,290,test
44,2907,290,test
44,2908,290,test
44,2909,290,test
44,2960,296,test
44,2961,296,test
44,2962,296,test
44,2963,296,test
44,2964,296,test
44,2965,296,test
44,2966,296,test
44,2967,296,test
44,2968,296,test
44,2969,296,test
44,3020,302,test
44,3021,302,test
44,3022,302,test
44,3023,302,test
44,3024,302,test
44,3025,302,test
44,3026,302,test
44,3027,302,test
44,3028,302,test
44,3029,302,test
44,3110,311,test
44,3111,311,test
44,3112,311,test
44,3113,311,test
44,3114,311,test
44,3115,311,test
44,3116,311,test
44,3117,311,test
44,3118,311,test
44,3119,311,test
44,3170,317,test
44,3171,317,test
44,3172,317,test
44,3173,317,test
44,3174,317,test
44,3175,317,test
44,3176,317,test
44,3177,317,test
44,3178,317,test
44,3179,317,test
44,3290,329,test
44,3291,329,test
44,3292,329,test
44,3293,329,test
44,3294,329,test
44,3295,329,test
44,3296,329,test
44,3297,329,test
44,3298,329,test
44,3299,329,test
44,3300,330,test
44,3301,330,test
44,3302,330,test
44,3303,330,test
44,3304,330,test
44,3305,330,test
44,3306,330,test
44,3307,330,test
44,3308,330,test
44,3309,330,test
44,3400,340,test
44,3401,340,test
44,3402,340,test
44,3403,340,test
44,3404,340,test
44,3405,340,test
44,3406,340,test
44,3407,340,test
44,3408,340,test
44,3409,340,test
44,3410,341,test
44,3411,341,test
44,3412,341,test
44,3413,341,test
44,3414,341,test
44,3415,341,test
44,3416,341,test
44,3417,341,test
44,3418,341,test
44,3419,341,test
44,3450,345,test
44,3451,345,test
44,3452,345,test
44,3453,345,test
44,3454,345,test
44,3455,345,test
44,3456,345,test
44,3457,345,test
44,3458,345,test
44,3459,345,test
44,3500,350,test
44,3501,350,test
44,3502,350,test
44,3503,350,test
44,3504,350,test
44,3505,350,test
44,3506,350,test
44,3507,350,test
44,3508,350,test
44,3509,350,test
44,3510,351,test
44,3511,351,test
44,3512,351,test
44,3513,351,test
44,3514,351,test
44,3515,351,test
44,3516,351,test
44,3517,351,test
44,3518,351,test
44,3519,351,test
44,3530,353,test
44,3531,353,test
44,3532,353,test
44,3533,353,test
44,3534,353,test
44,3535,353,test
44,3536,353,test
44,3537,353,test
44,3538,353,test
44,3539,353,test
44,3600,360,test
44,3601,360,test
44,3602,360,test
44,3603,360,test
44,3604,360,test
44,3605,360,test
44,3606,360,test
44,3607,360,test
44,3608,360,test
44,3609,360,test
44,3640,364,test
44,3641,364,test
44,3642,364,test
44,3643,364,test
44,3644,364,test
44,3645,364,test
44,3646,364,test
44,3647,364,test
44,3648,364,test
44,3649,364,test
44,3670,367,test
44,3671,367,test
44,3672,367,test
44,3673,367,test
44,3674,367,test
44,3675,367,test
44,3676,367,test
44,3677,367,test
44,3678,367,test
44,3679,367,test
44,3690,369,test
44,3691,369,test
44,3692,369,test
44,3693,369,test
44,3694,369,test
44,3695,369,test
44,3696,369,test
44,3697,369,test
44,3698,369,test
44,3699,369,test
44,3800,380,test
44,3801,380,test
44,3802,380,test
44,3803,380,test
44,3804,380,test
44,3805,380,test
44,3806,380,test
44,3807,380,test
44,3808,380,test
44,3809,380,test
44,3830,383,test
44,3831,383,test
44,3832,383,test
44,3833,383,test
44,3834,383,test
44,3835,383,test
44,3836,383,test
44,3837,383,test
44,3838,383,test
44,3839,383,test
44,3880,388,test
44,3881,388,test
44,3882,388,test
44,3883,388,test
44,3884,388,test
44,3885,388,test
44,3886,388,test
44,3887,388,test
44,3888,388,test
44,3889,388,test
44,3900,390,test
44,3901,390,test
44,3902,390,test
44,3903,390,test
44,3904,390,test
44,3905,390,test
44,3906,390,test
44,3907,390,test
44,3908,390,test
44,3909,390,test
44,3950,395,test
44,3951,395,test
44,3952,395,test
44,3953,395,test
44,3954,395,test
44,3955,395,test
44,3956,395,test
44,3957,395,test
44,3958,395,test
44,3959,395,test
44,3970,397,test
44,3971,397,test
44,3972,397,test
44,3973,397,test
44,3974,397,test
44,3975,397,test
44,3976,397,test
44,3977,397,test
44,3978,397,test
44,3979,397,test
44,4000,400,test
44,4001,400,test
44,4002,400,test
44,4003,400,test
44,4004,400,test
44,4005,400,test
44,4006,400,test
44,4007,400,test
44,4008,400,test
44,4009,400,test
44,4060,406,test
44,4061,406,test
44,4062,406,test
44,4063,406,test
44,4064,406,test
44,4065,406,test
44,4066,406,test
44,4067,406,test
44,4068,406,test
44,4069,406,test
44,4070,407,test
44,4071,407,test
44,4072,407,test
44,4073,407,test
44,4074,407,test
44,4075,407,test
44,4076,407,test
44,4077,407,test
44,4078,407,test
44,4079,407,test
44,4080,408,test
44,4081,408,test
44,4082,408,test
44,4083,408,test
44,4084,408,test
44,4085,408,test
44,4086,408,test
44,4087,408,test
44,4088,408,test
44,4089,408,test
44,4190,419,test
44,4191,419,test
44,4192,419,test
44,4193,419,test
44,4194,419,test
44,4195,419,test
44,4196,419,test
44,4197,419,test
44,4198,419,test
44,4199,419,test
44,4250,425,test
44,4251,425,test
44,4252,425,test
44,4253,425,test
44,4254,425,test
44,4255,425,test
44,4256,425,test
44,4257,425,test
44,4258,425,test
44,4259,425,test
44,4270,427,test
44,4271,427,test
44,4272,427,test
44,4273,427,test
44,4274,427,test
44,4275,427,test
44,4276,427,test
44,4277,427,test
44,4278,427,test
44,4279,427,test
44,4440,444,test
44,4441,444,test
44,4442,444,test
44,4443,444,test
44,4444,444,test
44,4445,444,test
44,4446,444,test
44,4447,444,test
44,4448,444,test
44,4449,444,test
44,4610,461,test
44,4611,461,test
44,4612,461,test
44,4613,461,test
44,4614,461,test
44,4615,461,test
44,4616,461,test
44,4617,461,test
44,4618,461,test
44,4619,461,test
44,4640,464,test
44,4641,464,test
44,4642,464,test
44,4643,464,test
44,4644,464,test
44,4645,464,test
44,4646,464,test
44,4647,464,test
44,4648,464,test
44,4649,464,test
44,4660,466,test
44,4661,466,test
44,4662,466,test
44,4663,466,test
44,4664,466,test
44,4665,466,test
44,4666,466,test
44,4667,466,test
44,4668,466,test
44,4669,466,test
44,4670,467,test
44,4671,467,test
44,4672,467,test
44,4673,467,test
44,4674,467,test
44,4675,467,test
44,4676,467,test
44,4677,467,test
44,4678,467,test
44,4679,467,test
44,4700,470,test
44,4701,470,test
44,4702,470,test
44,4703,470,test
44,4704,470,test
44,4705,470,test
44,4706,470,test
44,4707,470,test
44,4708,470,test
44,4709,470,test
44,4750,475,test
44,4751,475,test
44,4752,475,test
44,4753,475,test
44,4754,475,test
44,4755,475,test
44,4756,475,test
44,4757,475,test
44,4758,475,test
44,4759,475,test
44,4850,485,test
44,4851,485,test
44,4852,485,test
44,4853,485,test
44,4854,485,test
44,4855,485,test
44,4856,485,test
44,4857,485,test
44,4858,485,test
44,4859,485,test
44,4860,486,test
44,4861,486,test
44,4862,486,test
44,4863,486,test
44,4864,486,test
44,4865,486,test
44,4866,486,test
44,4867,486,test
44,4868,486,test
44,4869,486,test
44,4870,487,test
44,4871,487,test
44,4872,487,test
44,4873,487,test
44,4874,487,test
44,4875,487,test
44,4876,487,test
44,4877,487,test
44,4878,487,test
44,4879,487,test
44,4930,493,test
44,4931,493,test
44,4932,493,test
44,4933,493,test
44,4934,493,test
44,4935,493,test
44,4936,493,test
44,4937,493,test
44,4938,493,test
44,4939,493,test
44,4960,496,test
44,4961,496,test
44,4962,496,test
44,4963,496,test
44,4964,496,test
44,4965,496,test
44,4966,496,test
44,4967,496,test
44,4968,496,test
44,4969,496,test
44,5070,507,test
44,5071,507,test
44,5072,507,test
44,5073,507,test
44,5074,507,test
44,5075,507,test
44,5076,507,test
44,5077,507,test
44,5078,507,test
44,5079,507,test
44,5170,517,test
44,5171,517,test
44,5172,517,test
44,5173,517,test
44,5174,517,test
44,5175,517,test
44,5176,517,test
44,5177,517,test
44,5178,517,test
44,5179,517,test
44,5310,531,test
44,5311,531,test
44,5312,531,test
44,5313,531,test
44,5314,531,test
44,5315,531,test
44,5316,531,test
44,5317,531,test
44,5318,531,test
44,5319,531,test
44,5350,535,test
44,5351,535,test
44,5352,535,test
44,5353,535,test
44,5354,535,test
44,5355,535,test
44,5356,535,test
44,5357,535,test
44,5358,535,test
44,5359,535,test
44,5440,544,test
44,5441,544,test
44,5442,544,test
44,5443,544,test
44,5444,544,test
44,5445,544,test
44,5446,544,test
44,5447,544,test
44,5448,544,test
44,5449,544,test
44,5460,546,test
44,5461,546,test
44,5462,546,test
44,5463,546,test
44,5464,546,test
44,5465,546,test
44,5466,546,test
44,5467,546,test
44,5468,546,test
44,5469,546,test
44,5610,561,test
44,5611,561,test
44,5612,561,test
44,5613,561,test
44,5614,561,test
44,5615,561,test
44,5616,561,test
44,5617,561,test
44,5618,561,test
44,5619,561,test
44,5630,563,test
44,5631,563,test
44,5632,563,test
44,5633,563,test
44,5634,563,test
44,5635,563,test
44,5636,563,test
44,5637,563,test
44,5638,563,test
44,5639,563,test
44,5670,567,test
44,5671,567,test
44,5672,567,test
44,5673,567,test
44,5674,567,test
44,5675,567,test
44,5676,567,test
44,5677,567,test
44,5678,567,test
44,5679,567,test
44,5720,572,test
44,5721,572,test
44,5722,572,test
44,5723,572,test
44,5724,572,test
44,5725,572,test
44,5726,572,test
44,5727,572,test
44,5728,572,test
44,5729,572,test
44,5750,575,test
44,5751,575,test
44,5752,575,test
44,5753,575,test
44,5754,575,test
44,5755,575,test
44,5756,575,test
44,5757,575,test
44,5758,575,test
44,5759,575,test
44,5760,576,test
44,5761,576,test
44,5762,576,test
44,5763,576,test
44,5764,576,test
44,5765,576,test
44,5766,576,test
44,5767,576,test
44,5768,576,test
44,5769,576,test
44,5780,578,test
44,5781,578,test
44,5782,578,test
44,5783,578,test
44,5784,578,test
44,5785,578,test
44,5786,578,test
44,5787,578,test
44,5788,578,test
44,5789,578,test
44,5810,581,test
44,5811,581,test
44,5812,581,test
44,5813,581,test
44,5814,581,test
44,5815,581,test
44,5816,581,test
44,5817,581,test
44,5818,581,test
44,5819,581,test
44,5940,594,test
44,5941,594,test
44,5942,594,test
44,5943,594,test
44,5944,594,test
44,5945,594,test
44,5946,594,test
44,5947,594,test
44,5948,594,test
44,5949,594,test
44,6060,606,test
44,6061,606,test
44,6062,606,test
44,6063,606,test
44,6064,606,test
44,6065,606,test
44,6066,606,test
44,6067,606,test
44,6068,606,test
44,6069,606,test
44,6080,608,test
44,6081,608,test
44,6082,608,test
44,6083,608,test
44,6084,608,test
44,6085,608,test
44,6086,608,test
44,6087,608,test
44,6088,608,test
44,6089,608,test
44,6090,609,test
44,6091,609,test
44,6092,609,test
44,6093,609,test
44,6094,609,test
44,6095,609,test
44,6096,609,test
44,6097,609,test
44,6098,609,test
44,6099,609,test
44,6230,623,test
44,6231,623,test
44,6232,623,test
44,6233,623,test
44,6234,623,test
44,6235,623,test
44,6236,623,test
44,6237,623,test
44,6238,623,test
44,6239,623,test
44,6260,626,test
44,6261,626,test
44,6262,626,test
44,6263,626,test
44,6264,626,test
44,6265,626,test
44,6266,626,test
44,6267,626,test
44,6268,626,test
44,6269,626,test
44,6280,628,test
44,6281,628,test
44,6282,628,test
44,6283,628,test
44,6284,628,test
44,6285,628,test
44,6286,628,test
44,6287,628,test
44,6288,628,test
44,6289,628,test
44,6320,632,test
44,6321,632,test
44,6322,632,test
44,6323,632,test
44,6324,632,test
44,6325,632,test
44,6326,632,test
44,6327,632,test
44,6328,632,test
44,6329,632,test
44,6330,633,test
44,6331,633,test
44,6332,633,test
44,6333,633,test
44,6334,633,test
44,6335,633,test
44,6336,633,test
44,6337,633,test
44,6338,633,test
44,6339,633,test
44,6350,635,test
44,6351,635,test
44,6352,635,test
44,6353,635,test
44,6354,635,test
44,6355,635,test
44,6356,635,test
44,6357,635,test
44,6358,635,test
44,6359,635,test
44,6360,636,test
44,6361,636,test
44,6362,636,test
44,6363,636,test
44,6364,636,test
44,6365,636,test
44,6366,636,test
44,6367,636,test
44,6368,636,test
44,6369,636,test
44,6370,637,test
44,6371,637,test
44,6372,637,test
44,6373,637,test
44,6374,637,test
44,6375,637,test
44,6376,637,test
44,6377,637,test
44,6378,637,test
44,6379,637,test
44,6380,638,test
44,6381,638,test
44,6382,638,test
44,6383,638,test
44,6384,638,test
44,6385,638,test
44,6386,638,test
44,6387,638,test
44,6388,638,test
44,6389,638,test
44,6400,640,test
44,6401,640,test
44,6402,640,test
44,6403,640,test
44,6404,640,test
44,6405,640,test
44,6406,640,test
44,6407,640,test
44,6408,640,test
44,6409,640,test
44,6550,655,test
44,6551,655,test
44,6552,655,test
44,6553,655,test
44,6554,655,test
44,6555,655,test
44,6556,655,test
44,6557,655,test
44,6558,655,test
44,6559,655,test
44,6580,658,test
44,6581,658,test
44,6582,658,test
44,6583,658,test
44,6584,658,test
44,6585,658,test
44,6586,658,test
44,6587,658,test
44,6588,658,test
44,6589,658,test
44,6650,665,test
44,6651,665,test
44,6652,665,test
44,6653,665,test
44,6654,665,test
44,6655,665,test
44,6656,665,test
44,6657,665,test
44,6658,665,test
44,6659,665,test
44,6700,670,test
44,6701,670,test
44,6702,670,test
44,6703,670,test
44,6704,670,test
44,6705,670,test
44,6706,670,test
44,6707,670,test
44,6708,670,test
44,6709,670,test
44,6770,677,test
44,6771,677,test
44,6772,677,test
44,6773,677,test
44,6774,677,test
44,6775,677,test
44,6776,677,test
44,6777,677,test
44,6778,677,test
44,6779,677,test
44,6820,682,test
44,6821,682,test
44,6822,682,test
44,6823,682,test
44,6824,682,test
44,6825,682,test
44,6826,682,test
44,6827,682,test
44,6828,682,test
44,6829,682,test
44,6890,689,test
44,6891,689,test
44,6892,689,test
44,6893,689,test
44,6894,689,test
44,6895,689,test
44,6896,689,test
44,6897,689,test
44,6898,689,test
44,6899,689,test
44,6960,696,test
44,6961,696,test
44,6962,696,test
44,6963,696,test
44,6964,696,test
44,6965,696,test
44,6966,696,test
44,6967,696,test
44,6968,696,test
44,6969,696,test
44,6970,697,test
44,6971,697,test
44,6972,697,test
44,6973,697,test
44,6974,697,test
44,6975,697,test
44,6976,697,test
44,6977,697,test
44,6978,697,test
44,6979,697,test
44,7100,710,test
44,7101,710,test
44,7102,710,test
44,7103,710,test
44,7104,710,test
44,7105,710,test
44,7106,710,test
44,7107,710,test
44,7108,710,test
44,7109,710,test
44,7120,712,test
44,7121,712,test
44,7122,712,test
44,7123,712,test
44,7124,712,test
44,7125,712,test
44,7126,712,test
44,7127,712,test
44,7128,712,test
44,7129,712,test
44,7210,721,test
44,7211,721,test
44,7212,721,test
44,7213,721,test
44,7214,721,test
44,7215,721,test
44,7216,721,test
44,7217,721,test
44,7218,721,test
44,7219,721,test
44,7300,730,test
44,7301,730,test
44,7302,730,test
44,7303,730,test
44,7304,730,test
44,7305,730,test
44,7306,730,test
44,7307,730,test
44,7308,730,test
44,7309,730,test
44,7350,735,test
44,7351,735,test
44,7352,735,test
44,7353,735,test
44,7354,735,test
44,7355,735,test
44,7356,735,test
44,7357,735,test
44,7358,735,test
44,7359,735,test
44,7360,736,test
44,7361,736,test
44,7362,736,test
44,7363,736,test
44,7364,736,test
44,7365,736,test
44,7366,736,test
44,7367,736,test
44,7368,736,test
44,7369,736,test
44,7400,740,test
44,7401,740,test
44,7402,740,test
44,7403,740,test
44,7404,740,test
44,7405,740,test
44,7406,740,test
44,7407,740,test
44,7408,740,test
44,7409,740,test
44,7470,747,test
44,7471,747,test
44,7472,747,test
44,7473,747,test
44,7474,747,test
44,7475,747,test
44,7476,747,test
44,7477,747,test
44,7478,747,test
44,7479,747,test
44,7550,755,test
44,7551,755,test
44,7552,755,test
44,7553,755,test
44,7554,755,test
44,7555,755,test
44,7556,755,test
44,7557,755,test
44,7558,755,test
44,7559,755,test
44,7610,761,test
44,7611,761,test
44,7612,761,test
44,7613,761,test
44,7614,761,test
44,7615,761,test
44,7616,761,test
44,7617,761,test
44,7618,761,test
44,7619,761,test
44,7670,767,test
44,7671,767,test
44,7672,767,test
44,7673,767,test
44,7674,767,test
44,7675,767,test
44,7676,767,test
44,7677,767,test
44,7678,767,test
44,7679,767,test
44,7720,772,test
44,7721,772,test
44,7722,772,test
44,7723,772,test
44,7724,772,test
44,7725,772,test
44,7726,772,test
44,7727,772,test
44,7728,772,test
44,7729,772,test
44,7760,776,test
44,7761,776,test
44,7762,776,test
44,7763,776,test
44,7764,776,test
44,7765,776,test
44,7766,776,test
44,7767,776,test
44,7768,776,test
44,7769,776,test
44,7770,777,test
44,7771,777,test
44,7772,777,test
44,7773,777,test
44,7774,777,test
44,7775,777,test
44,7776,777,test
44,7777,777,test
44,7778,777,test
44,7779,777,test
44,7780,778,test
44,7781,778,test
44,7782,778,test
44,7783,778,test
44,7784,778,test
44,7785,778,test
44,7786,778,test
44,7787,778,test
44,7788,778,test
44,7789,778,test
44,7820,782,test
44,7821,782,test
44,7822,782,test
44,7823,782,test
44,7824,782,test
44,7825,782,test
44,7826,782,test
44,7827,782,test
44,7828,782,test
44,7829,782,test
44,7840,784,test
44,7841,784,test
44,7842,784,test
44,7843,784,test
44,7844,784,test
44,7845,784,test
44,7846,784,test
44,7847,784,test
44,7848,784,test
44,7849,784,test
44,7920,792,test
44,7921,792,test
44,7922,792,test
44,7923,792,test
44,7924,792,test
44,7925,792,test
44,7926,792,test
44,7927,792,test
44,7928,792,test
44,7929,792,test
44,7980,798,test
44,7981,798,test
44,7982,798,test
44,7983,798,test
44,7984,798,test
44,7985,798,test
44,7986,798,test
44,7987,798,test
44,7988,798,test
44,7989,798,test
44,8080,808,test
44,8081,808,test
44,8082,808,test
44,8083,808,test
44,8084,808,test
44,8085,808,test
44,8086,808,test
44,8087,808,test
44,8088,808,test
44,8089,808,test
44,8120,812,test
44,8121,812,test
44,8122,812,test
44,8123,812,test
44,8124,812,test
44,8125,812,test
44,8126,812,test
44,8127,812,test
44,8128,812,test
44,8129,812,test
44,8160,816,test
44,8161,816,test
44,8162,816,test
44,8163,816,test
44,8164,816,test
44,8165,816,test
44,8166,816,test
44,8167,816,test
44,8168,816,test
44,8169,816,test
44,8190,819,test
44,8191,819,test
44,8192,819,test
44,8193,819,test
44,8194,819,test
44,8195,819,test
44,8196,819,test
44,8197,819,test
44,8198,819,test
44,8199,819,test
44,8240,824,test
44,8241,824,test
44,8242,824,test
44,8243,824,test
44,8244,824,test
44,8245,824,test
44,8246,824,test
44,8247,824,test
44,8248,824,test
44,8249,824,test
44,8280,828,test
44,8281,828,test
44,8282,828,test
44,8283,828,test
44,8284,828,test
44,8285,828,test
44,8286,828,test
44,8287,828,test
44,8288,828,test
44,8289,828,test
44,8350,835,test
44,8351,835,test
44,8352,835,test
44,8353,835,test
44,8354,835,test
44,8355,835,test
44,8356,835,test
44,8357,835,test
44,8358,835,test
44,8359,835,test
44,8400,840,test
44,8401,840,test
44,8402,840,test
44,8403,840,test
44,8404,840,test
44,8405,840,test
44,8406,840,test
44,8407,840,test
44,8408,840,test
44,8409,840,test
44,8430,843,test
44,8431,843,test
44,8432,843,test
44,8433,843,test
44,8434,843,test
44,8435,843,test
44,8436,843,test
44,8437,843,test
44,8438,843,test
44,8439,843,test
44,8510,851,test
44,8511,851,test
44,8512,851,test
44,8513,851,test
44,8514,851,test
44,8515,851,test
44,8516,851,test
44,8517,851,test
44,8518,851,test
44,8519,851,test
44,8560,856,test
44,8561,856,test
44,8562,856,test
44,8563,856,test
44,8564,856,test
44,8565,856,test
44,8566,856,test
44,8567,856,test
44,8568,856,test
44,8569,856,test
44,8570,857,test
44,8571,857,test
44,8572,857,test
44,8573,857,test
44,8574,857,test
44,8575,857,test
44,8576,857,test
44,8577,857,test
44,8578,857,test
44,8579,857,test
44,8590,859,test
44,8591,859,test
44,8592,859,test
44,8593,859,test
44,8594,859,test
44,8595,859,test
44,8596,859,test
44,8597,859,test
44,8598,859,test
44,8599,859,test
44,8630,863,test
44,8631,863,test
44,8632,863,test
44,8633,863,test
44,8634,863,test
44,8635,863,test
44,8636,863,test
44,8637,863,test
44,8638,863,test
44,8639,863,test
44,8690,869,test
44,8691,869,test
44,8692,869,test
44,8693,869,test
44,8694,869,test
44,8695,869,test
44,8696,869,test
44,8697,869,test
44,8698,869,test
44,8699,869,test
44,8710,871,test
44,8711,871,test
44,8712,871,test
44,8713,871,test
44,8714,871,test
44,8715,871,test
44,8716,871,test
44,8717,871,test
44,8718,871,test
44,8719,871,test
44,8720,872,test
44,8721,872,test
44,8722,872,test
44,8723,872,test
44,8724,872,test
44,8725,872,test
44,8726,872,test
44,8727,872,test
44,8728,872,test
44,8729,872,test
44,8890,889,test
44,8891,889,test
44,8892,889,test
44,8893,889,test
44,8894,889,test
44,8895,889,test
44,8896,889,test
44,8897,889,test
44,8898,889,test
44,8899,889,test
44,8900,890,test
44,8901,890,test
44,8902,890,test
44,8903,890,test
44,8904,890,test
44,8905,890,test
44,8906,890,test
44,8907,890,test
44,8908,890,test
44,8909,890,test
44,8920,892,test
44,8921,892,test
44,8922,892,test
44,8923,892,test
44,8924,892,test
44,8925,892,test
44,8926,892,test
44,8927,892,test
44,8928,892,test
44,8929,892,test
44,8960,896,test
44,8961,896,test
44,8962,896,test
44,8963,896,test
44,8964,896,test
44,8965,896,test
44,8966,896,test
44,8967,896,test
44,8968,896,test
44,8969,896,test
44,9130,913,test
44,9131,913,test
44,9132,913,test
44,9133,913,test
44,9134,913,test
44,9135,913,test
44,9136,913,test
44,9137,913,test
44,9138,913,test
44,9139,913,test
44,9150,915,test
44,9151,915,test
44,9152,915,test
44,9153,915,test
44,9154,915,test
44,9155,915,test
44,9156,915,test
44,9157,915,test
44,9158,915,test
44,9159,915,test
44,9240,924,test
44,9241,924,test
44,9242,924,test
44,9243,924,test
44,9244,924,test
44,9245,924,test
44,9246,924,test
44,9247,924,test
44,9248,924,test
44,9249,924,test
44,9300,930,test
44,9301,930,test
44,9302,930,test
44,9303,930,test
44,9304,930,test
44,9305,930,test
44,9306,930,test
44,9307,930,test
44,9308,930,test
44,9309,930,test
44,9370,937,test
44,9371,937,test
44,9372,937,test
44,9373,937,test
44,9374,937,test
44,9375,937,test
44,9376,937,test
44,9377,937,test
44,9378,937,test
44,9379,937,test
44,9430,943,test
44,9431,943,test
44,9432,943,test
44,9433,943,test
44,9434,943,test
44,9435,943,test
44,9436,943,test
44,9437,943,test
44,9438,943,test
44,9439,943,test
44,9490,949,test
44,9491,949,test
44,9492,949,test
44,9493,949,test
44,9494,949,test
44,9495,949,test
44,9496,949,test
44,9497,949,test
44,9498,949,test
44,9499,949,test
44,9510,951,test
44,9511,951,test
44,9512,951,test
44,9513,951,test
44,9514,951,test
44,9515,951,test
44,9516,951,test
44,9517,951,test
44,9518,951,test
44,9519,951,test
44,9560,956,test
44,9561,956,test
44,9562,956,test
44,9563,956,test
44,9564,956,test
44,9565,956,test
44,9566,956,test
44,9567,956,test
44,9568,956,test
44,9569,956,test
44,9690,969,test
44,9691,969,test
44,9692,969,test
44,9693,969,test
44,9694,969,test
44,9695,969,test
44,9696,969,test
44,9697,969,test
44,9698,969,test
44,9699,969,test
44,9730,973,test
44,9731,973,test
44,9732,973,test
44,9733,973,test
44,9734,973,test
44,9735,973,test
44,9736,973,test
44,9737,973,test
44,9738,973,test
44,9739,973,test
44,9770,977,test
44,9771,977,test
44,9772,977,test
44,9773,977,test
44,9774,977,test
44,9775,977,test
44,9776,977,test
44,9777,977,test
44,9778,977,test
44,9779,977,test
44,9870,987,test
44,9871,987,test
44,9872,987,test
44,9873,987,test
44,9874,987,test
44,9875,987,test
44,9876,987,test
44,9877,987,test
44,9878,987,test
44,9879,987,test
44,9970,997,test
44,9971,997,test
44,9972,997,test
44,9973,997,test
44,9974,997,test
44,9975,997,test
44,9976,997,test
44,9977,997,test
44,9978,997,test
44,9979,997,test
44,9980,998,test
44,9981,998,test
44,9982,998,test
44,9983,998,test
44,9984,998,test
44,9985,998,test
44,9986,998,test
44,9987,998,test
44,9988,998,test
44,9989,998,test
45,0,0,train
45,1,0,train
45,2,0,train
45,3,0,train
45,4,0,train
45,5,0,train
45,6,0,train
45,7,0,train
45,8,0,train
45,9,0,train
45,90,9,train
45,91,9,train
45,92,9,train
45,93,9,train
45,94,9,train
45,95,9,train
45,96,9,train
45,97,9,train
45,98,9,train
45,99,9,train
45,100,10,train
45,101,10,train
45,102,10,train
45,103,10,train
45,104,10,train
45,105,10,train
45,106,10,train
45,107,10,train
45,108,10,train
45,109,10,train
45,110,11,train
45,111,11,train
45,112,11,train
45,113,11,train
45,114,11,train
45,115,11,train
45,116,11,train
45,117,11,train
45,118,11,train
45,119,11,train
45,140,14,train
45,141,14,train
45,142,14,train
45,143,14,train
45,144,14,train
45,145,14,train
45,146,14,train
45,147,14,train
45,148,14,train
45,149,14,train
45,150,15,train
45,151,15,train
45,152,15,train
45,153,15,train
45,154,15,train
45,155,15,train
45,156,15,train
45,157,15,train
45,158,15,train
45,159,15,train
45,160,16,train
45,161,16,train
45,162,16,train
45,163,16,train
45,164,16,train
45,165,16,train
45,166,16,train
45,167,16,train
45,168,16,train
45,169,16,train
45,170,17,train
45,171,17,train
45,172,17,train
45,173,17,train
45,174,17,train
45,175,17,train
45,176,17,train
45,177,17,train
45,178,17,train
45,179,17,train
45,180,18,train
45,181,18,train
45,182,18,train
45,183,18,train
45,184,18,train
45,185,18,train
45,186,18,train
45,187,18,train
45,188,18,train
45,189,18,train
45,200,20,train
45,201,20,train
45,202,20,train
45,203,20,train
45,204,20,train
45,205,20,train
45,206,20,train
45,207,20,train
45,208,20,train
45,209,20,train
45,230,23,train
45,231,23,train
45,232,23,train
45,233,23,train
45,234,23,train
45,235,23,train
45,236,23,train
45,237,23,train
45,238,23,train
45,239,23,train
45,260,26,train
45,261,26,train
45,262,26,train
45,263,26,train
45,264,26,train
45,265,26,train
45,266,26,train
45,267,26,train
45,268,26,train
45,269,26,train
45,280,28,train
45,281,28,train
45,282,28,train
45,283,28,train
45,284,28,train
45,285,28,train
45,286,28,train
45,287,28,train
45,288,28,train
45,289,28,train
45,300,30,train
45,301,30,train
45,302,30,train
45,303,30,train
45,304,30,train
45,305,30,train
45,306,30,train
45,307,30,train
45,308,30,train
45,309,30,train
45,310,31,train
45,311,31,train
45,312,31,train
45,313,31,train
45,314,31,train
45,315,31,train
45,316,31,train
45,317,31,train
45,318,31,train
45,319,31,train
45,320,32,train
45,321,32,train
45,322,32,train
45,323,32,train
45,324,32,train
45,325,32,train
45,326,32,train
45,327,32,train
45,328,32,train
45,329,32,train
45,360,36,train
45,361,36,train
45,362,36,train
45,363,36,train
45,364,36,train
45,365,36,train
45,366,36,train
45,367,36,train
45,368,36,train
45,369,36,train
45,370,37,train
45,371,37,train
45,372,37,train
45,373,37,train
45,374,37,train
45,375,37,train
45,376,37,train
45,377,37,train
45,378,37,train
45,379,37,train
45,380,38,train
45,381,38,train
45,382,38,train
45,383,38,train
45,384,38,train
45,385,38,train
45,386,38,train
45,387,38,train
45,388,38,train
45,389,38,train
45,390,39,train
45,391,39,train
45,392,39,train
45,393,39,train
45,394,39,train
45,395,39,train
45,396,39,train
45,397,39,train
45,398,39,train
45,399,39,train
45,400,40,train
45,401,40,train
45,402,40,train
45,403,40,train
45,404,40,train
45,405,40,train
45,406,40,train
45,407,40,train
45,408,40,train
45,409,40,train
45,410,41,train
45,411,41,train
45,412,41,train
45,413,41,train
45,414,41,train
45,415,41,train
45,416,41,train
45,417,41,train
45,418,41,train
45,419,41,train
45,420,42,train
45,421,42,train
45,422,42,train
45,423,42,train
45,424,42,train
45,425,42,train
45,426,42,train
45,427,42,train
45,428,42,train
45,429,42,train
45,440,44,train
45,441,44,train
45,442,44,train
45,443,44,train
45,444,44,train
45,445,44,train
45,446,44,train
45,447,44,train
45,448,44,train
45,449,44,train
45,450,45,train
45,451,45,train
45,452,45,train
45,453,45,train
45,454,45,train
45,455,45,train
45,456,45,train
45,457,45,train
45,458,45,train
45,459,45,train
45,470,47,train
45,471,47,train
45,472,47,train
45,473,47,train
45,474,47,train
45,475,47,train
45,476,47,train
45,477,47,train
45,478,47,train
45,479,47,train
45,490,49,train
45,491,49,train
45,492,49,train
45,493,49,train
45,494,49,train
45,495,49,train
45,496,49,train
45,497,49,train
45,498,49,train
45,499,49,train
45,500,50,train
45,501,50,train
45,502,50,train
45,503,50,train
45,504,50,train
45,505,50,train
45,506,50,train
45,507,50,train
45,508,50,train
45,509,50,train
45,510,51,train
45,511,51,train
45,512,51,train
45,513,51,train
45,514,51,train
45,515,51,train
45,516,51,train
45,517,51,train
45,518,51,train
45,519,51,train
45,520,52,train
45,521,52,train
45,522,52,train
45,523,52,train
45,524,52,train
45,525,52,train
45,526,52,train
45,527,52,train
45,528,52,train
45,529,52,train
45,530,53,train
45,531,53,train
45,532,53,train
45,533,53,train
45,534,53,train
45,535,53,train
45,536,53,train
45,537,53,train
45,538,53,train
45,539,53,train
45,540,54,train
45,541,54,train
45,542,54,train
45,543,54,train
45,544,54,train
45,545,54,train
45,546,54,train
45,547,54,train
45,548,54,train
45,549,54,train
45,550,55,train
45,551,55,train
45,552,55,train
45,553,55,train
45,554,55,train
45,555,55,train
45,556,55,train
45,557,55,train
45,558,55,train
45,559,55,train
45,580,58,train
45,581,58,train
45,582,58,train
45,583,58,train
45,584,58,train
45,585,58,train
45,586,58,train
45,587,58,train
45,588,58,train
45,589,58,train
45,600,60,train
45,601,60,train
45,602,60,train
45,603,60,train
45,604,60,train
45,605,60,train
45,606,60,train
45,607,60,train
45,608,60,train
45,609,60,train
45,610,61,train
45,611,61,train
45,612,61,train
45,613,61,train
45,614,61,train
45,615,61,train
45,616,61,train
45,617,61,train
45,618,61,train
45,619,61,train
45,630,63,train
45,631,63,train
45,632,63,train
45,633,63,train
45,634,63,train
45,635,63,train
45,636,63,train
45,637,63,train
45,638,63,train
45,639,63,train
45,640,64,train
45,641,64,train
45,642,64,train
45,643,64,train
45,644,64,train
45,645,64,train
45,646,64,train
45,647,64,train
45,648,64,train
45,649,64,train
45,650,65,train
45,651,65,train
45,652,65,train
45,653,65,train
45,654,65,train
45,655,65,train
45,656,65,train
45,657,65,train
45,658,65,train
45,659,65,train
45,680,68,train
45,681,68,train
45,682,68,train
45,683,68,train
45,684,68,train
45,685,68,train
45,686,68,train
45,687,68,train
45,688,68,train
45,689,68,train
45,700,70,train
45,701,70,train
45,702,70,train
45,703,70,train
45,704,70,train
45,705,70,train
45,706,70,train
45,707,70,train
45,708,70,train
45,709,70,train
45,740,74,train
45,741,74,train
45,742,74,train
45,743,74,train
45,744,74,train
45,745,74,train
45,746,74,train
45,747,74,train
45,748,74,train
45,749,74,train
45,760,76,train
45,761,76,train
45,762,76,train
45,763,76,train
45,764,76,train
45,765,76,train
45,766,76,train
45,767,76,train
45,768,76,train
45,769,76,train
45,770,77,train
45,771,77,train
45,772,77,train
45,773,77,train
45,774,77,train
45,775,77,train
45,776,77,train
45,777,77,train
45,778,77,train
45,779,77,train
45,780,78,train
45,781,78,train
45,782,78,train
45,783,78,train
45,784,78,train
45,785,78,train
45,786,78,train
45,787,78,train
45,788,78,train
45,789,78,train
45,790,79,train
45,791,79,train
45,792,79,train
45,793,79,train
45,794,79,train
45,795,79,train
45,796,79,train
45,797,79,train
45,798,79,train
45,799,79,train
45,820,82,train
45,821,82,train
45,822,82,train
45,823,82,train
45,824,82,train
45,825,82,train
45,826,82,train
45,827,82,train
45,828,82,train
45,829,82,train
45,830,83,train
45,831,83,train
45,832,83,train
45,833,83,train
45,834,83,train
45,835,83,train
45,836,83,train
45,837,83,train
45,838,83,train
45,839,83,train
45,850,85,train
45,851,85,train
45,852,85,train
45,853,85,train
45,854,85,train
45,855,85,train
45,856,85,train
45,857,85,train
45,858,85,train
45,859,85,train
45,880,88,train
45,881,88,train
45,882,88,train
45,883,88,train
45,884,88,train
45,885,88,train
45,886,88,train
45,887,88,train
45,888,88,train
45,889,88,train
45,890,89,train
45,891,89,train
45,892,89,train
45,893,89,train
45,894,89,train
45,895,89,train
45,896,89,train
45,897,89,train
45,898,89,train
45,899,89,train
45,900,90,train
45,901,90,train
45,902,90,train
45,903,90,train
45,904,90,train
45,905,90,train
45,906,90,train
45,907,90,train
45,908,90,train
45,909,90,train
45,920,92,train
45,921,92,train
45,922,92,train
45,923,92,train
45,924,92,train
45,925,92,train
45,926,92,train
45,927,92,train
45,928,92,train
45,929,92,train
45,930,93,train
45,931,93,train
45,932,93,train
45,933,93,train
45,934,93,train
45,935,93,train
45,936,93,train
45,937,93,train
45,938,93,train
45,939,93,train
45,950,95,train
45,951,95,train
45,952,95,train
45,953,95,train
45,954,95,train
45,955,95,train
45,956,95,train
45,957,95,train
45,958,95,train
45,959,95,train
45,960,96,train
45,961,96,train
45,962,96,train
45,963,96,train
45,964,96,train
45,965,96,train
45,966,96,train
45,967,96,train
45,968,96,train
45,969,96,train
45,970,97,train
45,971,97,train
45,972,97,train
45,973,97,train
45,974,97,train
45,975,97,train
45,976,97,train
45,977,97,train
45,978,97,train
45,979,97,train
45,1010,101,train
45,1011,101,train
45,1012,101,train
45,1013,101,train
45,1014,101,train
45,1015,101,train
45,1016,101,train
45,1017,101,train
45,1018,101,train
45,1019,101,train
45,1020,102,train
45,1021,102,train
45,1022,102,train
45,1023,102,train
45,1024,102,train
45,1025,102,train
45,1026,102,train
45,1027,102,train
45,1028,102,train
45,1029,102,train
45,1030,103,train
45,1031,103,train
45,1032,103,train
45,1033,103,train
45,1034,103,train
45,1035,103,train
45,1036,103,train
45,1037,103,train
45,1038,103,train
45,1039,103,train
45,1040,104,train
45,1041,104,train
45,1042,104,train
45,1043,104,train
45,1044,104,train
45,1045,104,train
45,1046,104,train
45,1047,104,train
45,1048,104,train
45,1049,104,train
45,1080,108,train
45,1081,108,train
45,1082,108,train
45,1083,108,train
45,1084,108,train
45,1085,108,train
45,1086,108,train
45,1087,108,train
45,1088,108,train
45,1089,108,train
45,1090,109,train
45,1091,109,train
45,1092,109,train
45,1093,109,train
45,1094,109,train
45,1095,109,train
45,1096,109,train
45,1097,109,train
45,1098,109,train
45,1099,109,train
45,1100,110,train
45,1101,110,train
45,1102,110,train
45,1103,110,train
45,1104,110,train
45,1105,110,train
45,1106,110,train
45,1107,110,train
45,1108,110,train
45,1109,110,train
45,1120,112,train
45,1121,112,train
45,1122,112,train
45,1123,112,train
45,1124,112,train
45,1125,112,train
45,1126,112,train
45,1127,112,train
45,1128,112,train
45,1129,112,train
45,1140,114,train
45,1141,114,train
45,1142,114,train
45,1143,114,train
45,1144,114,train
45,1145,114,train
45,1146,114,train
45,1147,114,train
45,1148,114,train
45,1149,114,train
45,1160,116,train
45,1161,116,train
45,1162,116,train
45,1163,116,train
45,1164,116,train
45,1165,116,train
45,1166,116,train
45,1167,116,train
45,1168,116,train
45,1169,116,train
45,1170,117,train
45,1171,117,train
45,1172,117,train
45,1173,117,train
45,1174,117,train
45,1175,117,train
45,1176,117,train
45,1177,117,train
45,1178,117,train
45,1179,117,train
45,1200,120,train
45,1201,120,train
45,1202,120,train
45,1203,120,train
45,1204,120,train
45,1205,120,train
45,1206,120,train
45,1207,120,train
45,1208,120,train
45,1209,120,train
45,1220,122,train
45,1221,122,train
45,1222,122,train
45,1223,122,train
45,1224,122,train
45,1225,122,train
45,1226,122,train
45,1227,122,train
45,1228,122,train
45,1229,122,train
45,1230,123,train
45,1231,123,train
45,1232,123,train
45,1233,123,train
45,1234,123,train
45,1235,123,train
45,1236,123,train
45,1237,123,train
45,1238,123,train
45,1239,123,train
45,1240,124,train
45,1241,124,train
45,1242,124,train
45,1243,124,train
45,1244,124,train
45,1245,124,train
45,1246,124,train
45,1247,124,train
45,1248,124,train
45,1249,124,train
45,1250,125,train
45,1251,125,train
45,1252,125,train
45,1253,125,train
45,1254,125,train
45,1255,125,train
45,1256,125,train
45,1257,125,train
45,1258,125,train
45,1259,125,train
45,1260,126,train
45,1261,126,train
45,1262,126,train
45,1263,126,train
45,1264,126,train
45,1265,126,train
45,1266,126,train
45,1267,126,train
45,1268,126,train
45,1269,126,train
45,1270,127,train
45,1271,127,train
45,1272,127,train
45,1273,127,train
45,1274,127,train
45,1275,127,train
45,1276,127,train
45,1277,127,train
45,1278,127,train
45,1279,127,train
45,1290,129,train
45,1291,129,train
45,1292,129,train
45,1293,129,train
45,1294,129,train
45,1295,129,train
45,1296,129,train
45,1297,129,train
45,1298,129,train
45,1299,129,train
45,1310,131,train
45,1311,131,train
45,1312,131,train
45,1313,131,train
45,1314,131,train
45,1315,131,train
45,1316,131,train
45,1317,131,train
45,1318,131,train
45,1319,131,train
45,1320,132,train
45,1321,132,train
45,1322,132,train
45,1323,132,train
45,1324,132,train
45,1325,132,train
45,1326,132,train
45,1327,132,train
45,1328,132,train
45,1329,132,train
45,1330,133,train
45,1331,133,train
45,1332,133,train
45,1333,133,train
45,1334,133,train
45,1335,133,train
45,1336,133,train
45,1337,133,train
45,1338,133,train
45,1339,133,train
45,1340,134,train
45,1341,134,train
45,1342,134,train
45,1343,134,train
45,1344,134,train
45,1345,134,train
45,1346,134,train
45,1347,134,train
45,1348,134,train
45,1349,134,train
45,1350,135,train
45,1351,135,train
45,1352,135,train
45,1353,135,train
45,1354,135,train
45,1355,135,train
45,1356,135,train
45,1357,135,train
45,1358,135,train
45,1359,135,train
45,1360,136,train
45,1361,136,train
45,1362,136,train
45,1363,136,train
45,1364,136,train
45,1365,136,train
45,1366,136,train
45,1367,136,train
45,1368,136,train
45,1369,136,train
45,1390,139,train
45,1391,139,train
45,1392,139,train
45,1393,139,train
45,1394,139,train
45,1395,139,train
45,1396,139,train
45,1397,139,train
45,1398,139,train
45,1399,139,train
45,1410,141,train
45,1411,141,train
45,1412,141,train
45,1413,141,train
45,1414,141,train
45,1415,141,train
45,1416,141,train
45,1417,141,train
45,1418,141,train
45,1419,141,train
45,1450,145,train
45,1451,145,train
45,1452,145,train
45,1453,145,train
45,1454,145,train
45,1455,145,train
45,1456,145,train
45,1457,145,train
45,1458,145,train
45,1459,145,train
45,1470,147,train
45,1471,147,train
45,1472,147,train
45,1473,147,train
45,1474,147,train
45,1475,147,train
45,1476,147,train
45,1477,147,train
45,1478,147,train
45,1479,147,train
45,1490,149,train
45,1491,149,train
45,1492,149,train
45,1493,149,train
45,1494,149,train
45,1495,149,train
45,1496,149,train
45,1497,149,train
45,1498,149,train
45,1499,149,train
45,1500,150,train
45,1501,150,train
45,1502,150,train
45,1503,150,train
45,1504,150,train
45,1505,150,train
45,1506,150,train
45,1507,150,train
45,1508,150,train
45,1509,150,train
45,1510,151,train
45,1511,151,train
45,1512,151,train
45,1513,151,train
45,1514,151,train
45,1515,151,train
45,1516,151,train
45,1517,151,train
45,1518,151,train
45,1519,151,train
45,1530,153,train
45,1531,153,train
45,1532,153,train
45,1533,153,train
45,1534,153,train
45,1535,153,train
45,1536,153,train
45,1537,153,train
45,1538,153,train
45,1539,153,train
45,1540,154,train
45,1541,154,train
45,1542,154,train
45,1543,154,train
45,1544,154,train
45,1545,154,train
45,1546,154,train
45,1547,154,train
45,1548,154,train
45,1549,154,train
45,1550,155,train
45,1551,155,train
45,1552,155,train
45,1553,155,train
45,1554,155,train
45,1555,155,train
45,1556,155,train
45,1557,155,train
45,1558,155,train
45,1559,155,train
45,1560,156,train
45,1561,156,train
45,1562,156,train
45,1563,156,train
45,1564,156,train
45,1565,156,train
45,1566,156,train
45,1567,156,train
45,1568,156,train
45,1569,156,train
45,1570,157,train
45,1571,157,train
45,1572,157,train
45,1573,157,train
45,1574,157,train
45,1575,157,train
45,1576,157,train
45,1577,157,train
45,1578,157,train
45,1579,157,train
45,1580,158,train
45,1581,158,train
45,1582,158,train
45,1583,158,train
45,1584,158,train
45,1585,158,train
45,1586,158,train
45,1587,158,train
45,1588,158,train
45,1589,158,train
45,1590,159,train
45,1591,159,train
45,1592,159,train
45,1593,159,train
45,1594,159,train
45,1595,159,train
45,1596,159,train
45,1597,159,train
45,1598,159,train
45,1599,159,train
45,1610,161,train
45,1611,161,train
45,1612,161,train
45,1613,161,train
45,1614,161,train
45,1615,161,train
45,1616,161,train
45,1617,161,train
45,1618,161,train
45,1619,161,train
45,1620,162,train
45,1621,162,train
45,1622,162,train
45,1623,162,train
45,1624,162,train
45,1625,162,train
45,1626,162,train
45,1627,162,train
45,1628,162,train
45,1629,162,train
45,1640,164,train
45,1641,164,train
45,1642,164,train
45,1643,164,train
45,1644,164,train
45,1645,164,train
45,1646,164,train
45,1647,164,train
45,1648,164,train
45,1649,164,train
45,1690,169,train
45,1691,169,train
45,1692,169,train
45,1693,169,train
45,1694,169,train
45,1695,169,train
45,1696,169,train
45,1697,169,train
45,1698,169,train
45,1699,169,train
45,1710,171,train
45,1711,171,train
45,1712,171,train
45,1713,171,train
45,1714,171,train
45,1715,171,train
45,1716,171,train
45,1717,171,train
45,1718,171,train
45,1719,171,train
45,1720,172,train
45,1721,172,train
45,1722,172,train
45,1723,172,train
45,1724,172,train
45,1725,172,train
45,1726,172,train
45,1727,172,train
45,1728,172,train
45,1729,172,train
45,1730,173,train
45,1731,173,train
45,1732,173,train
45,1733,173,train
45,1734,173,train
45,1735,173,train
45,1736,173,train
45,1737,173,train
45,1738,173,train
45,1739,173,train
45,1750,175,train
45,1751,175,train
45,1752,175,train
45,1753,175,train
45,1754,175,train
45,1755,175,train
45,1756,175,train
45,1757,175,train
45,1758,175,train
45,1759,175,train
45,1760,176,train
45,1761,176,train
45,1762,176,train
45,1763,176,train
45,1764,176,train
45,1765,176,train
45,1766,176,train
45,1767,176,train
45,1768,176,train
45,1769,176,train
45,1790,179,train
45,1791,179,train
45,1792,179,train
45,1793,179,train
45,1794,179,train
45,1795,179,train
45,1796,179,train
45,1797,179,train
45,1798,179,train
45,1799,179,train
45,1800,180,train
45,1801,180,train
45,1802,180,train
45,1803,180,train
45,1804,180,train
45,1805,180,train
45,1806,180,train
45,1807,180,train
45,1808,180,train
45,1809,180,train
45,1830,183,train
45,1831,183,train
45,1832,183,train
45,1833,183,train
45,1834,183,train
45,1835,183,train
45,1836,183,train
45,1837,183,train
45,1838,183,train
45,1839,183,train
45,1840,184,train
45,1841,184,train
45,1842,184,train
45,1843,184,train
45,1844,184,train
45,1845,184,train
45,1846,184,train
45,1847,184,train
45,1848,184,train
45,1849,184,train
45,1850,185,train
45,1851,185,train
45,1852,185,train
45,1853,185,train
45,1854,185,train
45,1855,185,train
45,1856,185,train
45,1857,185,train
45,1858,185,train
45,1859,185,train
45,1860,186,train
45,1861,186,train
45,1862,186,train
45,1863,186,train
45,1864,186,train
45,1865,186,train
45,1866,186,train
45,1867,186,train
45,1868,186,train
45,1869,186,train
45,1870,187,train
45,1871,187,train
45,1872,187,train
45,1873,187,train
45,1874,187,train
45,1875,187,train
45,1876,187,train
45,1877,187,train
45,1878,187,train
45,1879,187,train
45,1900,190,train
45,1901,190,train
45,1902,190,train
45,1903,190,train
45,1904,190,train
45,1905,190,train
45,1906,190,train
45,1907,190,train
45,1908,190,train
45,1909,190,train
45,1920,192,train
45,1921,192,train
45,1922,192,train
45,1923,192,train
45,1924,192,train
45,1925,192,train
45,1926,192,train
45,1927,192,train
45,1928,192,train
45,1929,192,train
45,1930,193,train
45,1931,193,train
45,1932,193,train
45,1933,193,train
45,1934,193,train
45,1935,193,train
45,1936,193,train
45,1937,193,train
45,1938,193,train
45,1939,193,train
45,1940,194,train
45,1941,194,train
45,1942,194,train
45,1943,194,train
45,1944,194,train
45,1945,194,train
45,1946,194,train
45,1947,194,train
45,1948,194,train
45,1949,194,train
45,1950,195,train
45,1951,195,train
45,1952,195,train
45,1953,195,train
45,1954,195,train
45,1955,195,train
45,1956,195,train
45,1957,195,train
45,1958,195,train
45,1959,195,train
45,1960,196,train
45,1961,196,train
45,1962,196,train
45,1963,196,train
45,1964,196,train
45,1965,196,train
45,1966,196,train
45,1967,196,train
45,1968,196,train
45,1969,196,train
45,1970,197,train
45,1971,197,train
45,1972,197,train
45,1973,197,train
45,1974,197,train
45,1975,197,train
45,1976,197,train
45,1977,197,train
45,1978,197,train
45,1979,197,train
45,1980,198,train
45,1981,198,train
45,1982,198,train
45,1983,198,train
45,1984,198,train
45,1985,198,train
45,1986,198,train
45,1987,198,train
45,1988,198,train
45,1989,198,train
45,2030,203,train
45,2031,203,train
45,2032,203,train
45,2033,203,train
45,2034,203,train
45,2035,203,train
45,2036,203,train
45,2037,203,train
45,2038,203,train
45,2039,203,train
45,2040,204,train
45,2041,204,train
45,2042,204,train
45,2043,204,train
45,2044,204,train
45,2045,204,train
45,2046,204,train
45,2047,204,train
45,2048,204,train
45,2049,204,train
45,2050,205,train
45,2051,205,train
45,2052,205,train
45,2053,205,train
45,2054,205,train
45,2055,205,train
45,2056,205,train
45,2057,205,train
45,2058,205,train
45,2059,205,train
45,2060,206,train
45,2061,206,train
45,2062,206,train
45,2063,206,train
45,2064,206,train
45,2065,206,train
45,2066,206,train
45,2067,206,train
45,2068,206,train
45,2069,206,train
45,2070,207,train
45,2071,207,train
45,2072,207,train
45,2073,207,train
45,2074,207,train
45,2075,207,train
45,2076,207,train
45,2077,207,train
45,2078,207,train
45,2079,207,train
45,2080,208,train
45,2081,208,train
45,2082,208,train
45,2083,208,train
45,2084,208,train
45,2085,208,train
45,2086,208,train
45,2087,208,train
45,2088,208,train
45,2089,208,train
45,2090,209,train
45,2091,209,train
45,2092,209,train
45,2093,209,train
45,2094,209,train
45,2095,209,train
45,2096,209,train
45,2097,209,train
45,2098,209,train
45,2099,209,train
45,2110,211,train
45,2111,211,train
45,2112,211,train
45,2113,211,train
45,2114,211,train
45,2115,211,train
45,2116,211,train
45,2117,211,train
45,2118,211,train
45,2119,211,train
45,2130,213,train
45,2131,213,train
45,2132,213,train
45,2133,213,train
45,2134,213,train
45,2135,213,train
45,2136,213,train
45,2137,213,train
45,2138,213,train
45,2139,213,train
45,2140,214,train
45,2141,214,train
45,2142,214,train
45,2143,214,train
45,2144,214,train
45,2145,214,train
45,2146,214,train
45,2147,214,train
45,2148,214,train
45,2149,214,train
45,2200,220,train
45,2201,220,train
45,2202,220,train
45,2203,220,train
45,2204,220,train
45,2205,220,train
45,2206,220,train
45,2207,220,train
45,2208,220,train
45,2209,220,train
45,2210,221,train
45,2211,221,train
45,2212,221,train
45,2213,221,train
45,2214,221,train
45,2215,221,train
45,2216,221,train
45,2217,221,train
45,2218,221,train
45,2219,221,train
45,2220,222,train
45,2221,222,train
45,2222,222,train
45,2223,222,train
45,2224,222,train
45,2225,222,train
45,2226,222,train
45,2227,222,train
45,2228,222,train
45,2229,222,train
45,2240,224,train
45,2241,224,train
45,2242,224,train
45,2243,224,train
45,2244,224,train
45,2245,224,train
45,2246,224,train
45,2247,224,train
45,2248,224,train
45,2249,224,train
45,2250,225,train
45,2251,225,train
45,2252,225,train
45,2253,225,train
45,2254,225,train
45,2255,225,train
45,2256,225,train
45,2257,225,train
45,2258,225,train
45,2259,225,train
45,2260,226,train
45,2261,226,train
45,2262,226,train
45,2263,226,train
45,2264,226,train
45,2265,226,train
45,2266,226,train
45,2267,226,train
45,2268,226,train
45,2269,226,train
45,2280,228,train
45,2281,228,train
45,2282,228,train
45,2283,228,train
45,2284,228,train
45,2285,228,train
45,2286,228,train
45,2287,228,train
45,2288,228,train
45,2289,228,train
45,2320,232,train
45,2321,232,train
45,2322,232,train
45,2323,232,train
45,2324,232,train
45,2325,232,train
45,2326,232,train
45,2327,232,train
45,2328,232,train
45,2329,232,train
45,2330,233,train
45,2331,233,train
45,2332,233,train
45,2333,233,train
45,2334,233,train
45,2335,233,train
45,2336,233,train
45,2337,233,train
45,2338,233,train
45,2339,233,train
45,2340,234,train
45,2341,234,train
45,2342,234,train
45,2343,234,train
45,2344,234,train
45,2345,234,train
45,2346,234,train
45,2347,234,train
45,2348,234,train
45,2349,234,train
45,2350,235,train
45,2351,235,train
45,2352,235,train
45,2353,235,train
45,2354,235,train
45,2355,235,train
45,2356,235,train
45,2357,235,train
45,2358,235,train
45,2359,235,train
45,2360,236,train
45,2361,236,train
45,2362,236,train
45,2363,236,train
45,2364,236,train
45,2365,236,train
45,2366,236,train
45,2367,236,train
45,2368,236,train
45,2369,236,train
45,2370,237,train
45,2371,237,train
45,2372,237,train
45,2373,237,train
45,2374,237,train
45,2375,237,train
45,2376,237,train
45,2377,237,train
45,2378,237,train
45,2379,237,train
45,2390,239,train
45,2391,239,train
45,2392,239,train
45,2393,239,train
45,2394,239,train
45,2395,239,train
45,2396,239,train
45,2397,239,train
45,2398,239,train
45,2399,239,train
45,2410,241,train
45,2411,241,train
45,2412,241,train
45,2413,241,train
45,2414,241,train
45,2415,241,train
45,2416,241,train
45,2417,241,train
45,2418,241,train
45,2419,241,train
45,2440,244,train
45,2441,244,train
45,2442,244,train
45,2443,244,train
45,2444,244,train
45,2445,244,train
45,2446,244,train
45,2447,244,train
45,2448,244,train
45,2449,244,train
45,2470,247,train
45,2471,247,train
45,2472,247,train
45,2473,247,train
45,2474,247,train
45,2475,247,train
45,2476,247,train
45,2477,247,train
45,2478,247,train
45,2479,247,train
45,2480,248,train
45,2481,248,train
45,2482,248,train
45,2483,248,train
45,2484,248,train
45,2485,248,train
45,2486,248,train
45,2487,248,train
45,2488,248,train
45,2489,248,train
45,2490,249,train
45,2491,249,train
45,2492,249,train
45,2493,249,train
45,2494,249,train
45,2495,249,train
45,2496,249,train
45,2497,249,train
45,2498,249,train
45,2499,249,train
45,2500,250,train
45,2501,250,train
45,2502,250,train
45,2503,250,train
45,2504,250,train
45,2505,250,train
45,2506,250,train
45,2507,250,train
45,2508,250,train
45,2509,250,train
45,2540,254,train
45,2541,254,train
45,2542,254,train
45,2543,254,train
45,2544,254,train
45,2545,254,train
45,2546,254,train
45,2547,254,train
45,2548,254,train
45,2549,254,train
45,2550,255,train
45,2551,255,train
45,2552,255,train
45,2553,255,train
45,2554,255,train
45,2555,255,train
45,2556,255,train
45,2557,255,train
45,2558,255,train
45,2559,255,train
45,2570,257,train
45,2571,257,train
45,2572,257,train
45,2573,257,train
45,2574,257,train
45,2575,257,train
45,2576,257,train
45,2577,257,train
45,2578,257,train
45,2579,257,train
45,2580,258,train
45,2581,258,train
45,2582,258,train
45,2583,258,train
45,2584,258,train
45,2585,258,train
45,2586,258,train
45,2587,258,train
45,2588,258,train
45,2589,258,train
45,2600,260,train
45,2601,260,train
45,2602,260,train
45,2603,260,train
45,2604,260,train
45,2605,260,train
45,2606,260,train
45,2607,260,train
45,2608,260,train
45,2609,260,train
45,2610,261,train
45,2611,261,train
45,2612,261,train
45,2613,261,train
45,2614,261,train
45,2615,261,train
45,2616,261,train
45,2617,261,train
45,2618,261,train
45,2619,261,train
45,2620,262,train
45,2621,262,train
45,2622,262,train
45,2623,262,train
45,2624,262,train
45,2625,262,train
45,2626,262,train
45,2627,262,train
45,2628,262,train
45,2629,262,train
45,2630,263,train
45,2631,263,train
45,2632,263,train
45,2633,263,train
45,2634,263,train
45,2635,263,train
45,2636,263,train
45,2637,263,train
45,2638,263,train
45,2639,263,train
45,2640,264,train
45,2641,264,train
45,2642,264,train
45,2643,264,train
45,2644,264,train
45,2645,264,train
45,2646,264,train
45,2647,264,train
45,2648,264,train
45,2649,264,train
45,2660,266,train
45,2661,266,train
45,2662,266,train
45,2663,266,train
45,2664,266,train
45,2665,266,train
45,2666,266,train
45,2667,266,train
45,2668,266,train
45,2669,266,train
45,2680,268,train
45,2681,268,train
45,2682,268,train
45,2683,268,train
45,2684,268,train
45,2685,268,train
45,2686,268,train
45,2687,268,train
45,2688,268,train
45,2689,268,train
45,2700,270,train
45,2701,270,train
45,2702,270,train
45,2703,270,train
45,2704,270,train
45,2705,270,train
45,2706,270,train
45,2707,270,train
45,2708,270,train
45,2709,270,train
45,2730,273,train
45,2731,273,train
45,2732,273,train
45,2733,273,train
45,2734,273,train
45,2735,273,train
45,2736,273,train
45,2737,273,train
45,2738,273,train
45,2739,273,train
45,2760,276,train
45,2761,276,train
45,2762,276,train
45,2763,276,train
45,2764,276,train
45,2765,276,train
45,2766,276,train
45,2767,276,train
45,2768,276,train
45,2769,276,train
45,2780,278,train
45,2781,278,train
45,2782,278,train
45,2783,278,train
45,2784,278,train
45,2785,278,train
45,2786,278,train
45,2787,278,train
45,2788,278,train
45,2789,278,train
45,2800,280,train
45,2801,280,train
45,2802,280,train
45,2803,280,train
45,2804,280,train
45,2805,280,train
45,2806,280,train
45,2807,280,train
45,2808,280,train
45,2809,280,train
45,2860,286,train
45,2861,286,train
45,2862,286,train
45,2863,286,train
45,2864,286,train
45,2865,286,train
45,2866,286,train
45,2867,286,train
45,2868,286,train
45,2869,286,train
45,2870,287,train
45,2871,287,train
45,2872,287,train
45,2873,287,train
45,2874,287,train
45,2875,287,train
45,2876,287,train
45,2877,287,train
45,2878,287,train
45,2879,287,train
45,2900,290,train
45,2901,290,train
45,2902,290,train
45,2903,290,train
45,2904,290,train
45,2905,290,train
45,2906,290,train
45,2907,290,train
45,2908,290,train
45,2909,290,train
45,2940,294,train
45,2941,294,train
45,2942,294,train
45,2943,294,train
45,2944,294,train
45,2945,294,train
45,2946,294,train
45,2947,294,train
45,2948,294,train
45,2949,294,train
45,2950,295,train
45,2951,295,train
45,2952,295,train
45,2953,295,train
45,2954,295,train
45,2955,295,train
45,2956,295,train
45,2957,295,train
45,2958,295,train
45,2959,295,train
45,2960,296,train
45,2961,296,train
45,2962,296,train
45,2963,296,train
45,2964,296,train
45,2965,296,train
45,2966,296,train
45,2967,296,train
45,2968,296,train
45,2969,296,train
45,2980,298,train
45,2981,298,train
45,2982,298,train
45,2983,298,train
45,2984,298,train
45,2985,298,train
45,2986,298,train
45,2987,298,train
45,2988,298,train
45,2989,298,train
45,2990,299,train
45,2991,299,train
45,2992,299,train
45,2993,299,train
45,2994,299,train
45,2995,299,train
45,2996,299,train
45,2997,299,train
45,2998,299,train
45,2999,299,train
45,3020,302,train
45,3021,302,train
45,3022,302,train
45,3023,302,train
45,3024,302,train
45,3025,302,train
45,3026,302,train
45,3027,302,train
45,3028,302,train
45,3029,302,train
45,3030,303,train
45,3031,303,train
45,3032,303,train
45,3033,303,train
45,3034,303,train
45,3035,303,train
45,3036,303,train
45,3037,303,train
45,3038,303,train
45,3039,303,train
45,3040,304,train
45,3041,304,train
45,3042,304,train
45,3043,304,train
45,3044,304,train
45,3045,304,train
45,3046,304,train
45,3047,304,train
45,3048,304,train
45,3049,304,train
45,3050,305,train
45,3051,305,train
45,3052,305,train
45,3053,305,train
45,3054,305,train
45,3055,305,train
45,3056,305,train
45,3057,305,train
45,3058,305,train
45,3059,305,train
45,3060,306,train
45,3061,306,train
45,3062,306,train
45,3063,306,train
45,3064,306,train
45,3065,306,train
45,3066,306,train
45,3067,306,train
45,3068,306,train
45,3069,306,train
45,3070,307,train
45,3071,307,train
45,3072,307,train
45,3073,307,train
45,3074,307,train
45,3075,307,train
45,3076,307,train
45,3077,307,train
45,3078,307,train
45,3079,307,train
45,3080,308,train
45,3081,308,train
45,3082,308,train
45,3083,308,train
45,3084,308,train
45,3085,308,train
45,3086,308,train
45,3087,308,train
45,3088,308,train
45,3089,308,train
45,3100,310,train
45,3101,310,train
45,3102,310,train
45,3103,310,train
45,3104,310,train
45,3105,310,train
45,3106,310,train
45,3107,310,train
45,3108,310,train
45,3109,310,train
45,3120,312,train
45,3121,312,train
45,3122,312,train
45,3123,312,train
45,3124,312,train
45,3125,312,train
45,3126,312,train
45,3127,312,train
45,3128,312,train
45,3129,312,train
45,3130,313,train
45,3131,313,train
45,3132,313,train
45,3133,313,train
45,3134,313,train
45,3135,313,train
45,3136,313,train
45,3137,313,train
45,3138,313,train
45,3139,313,train
45,3140,314,train
45,3141,314,train
45,3142,314,train
45,3143,314,train
45,3144,314,train
45,3145,314,train
45,3146,314,train
45,3147,314,train
45,3148,314,train
45,3149,314,train
45,3160,316,train
45,3161,316,train
45,3162,316,train
45,3163,316,train
45,3164,316,train
45,3165,316,train
45,3166,316,train
45,3167,316,train
45,3168,316,train
45,3169,316,train
45,3200,320,train
45,3201,320,train
45,3202,320,train
45,3203,320,train
45,3204,320,train
45,3205,320,train
45,3206,320,train
45,3207,320,train
45,3208,320,train
45,3209,320,train
45,3230,323,train
45,3231,323,train
45,3232,323,train
45,3233,323,train
45,3234,323,train
45,3235,323,train
45,3236,323,train
45,3237,323,train
45,3238,323,train
45,3239,323,train
45,3250,325,train
45,3251,325,train
45,3252,325,train
45,3253,325,train
45,3254,325,train
45,3255,325,train
45,3256,325,train
45,3257,325,train
45,3258,325,train
45,3259,325,train
45,3270,327,train
45,3271,327,train
45,3272,327,train
45,3273,327,train
45,3274,327,train
45,3275,327,train
45,3276,327,train
45,3277,327,train
45,3278,327,train
45,3279,327,train
45,3280,328,train
45,3281,328,train
45,3282,328,train
45,3283,328,train
45,3284,328,train
45,3285,328,train
45,3286,328,train
45,3287,328,train
45,3288,328,train
45,3289,328,train
45,3290,329,train
45,3291,329,train
45,3292,329,train
45,3293,329,train
45,3294,329,train
45,3295,329,train
45,3296,329,train
45,3297,329,train
45,3298,329,train
45,3299,329,train
45,3310,331,train
45,3311,331,train
45,3312,331,train
45,3313,331,train
45,3314,331,train
45,3315,331,train
45,3316,331,train
45,3317,331,train
45,3318,331,train
45,3319,331,train
45,3320,332,train
45,3321,332,train
45,3322,332,train
45,3323,332,train
45,3324,332,train
45,3325,332,train
45,3326,332,train
45,3327,332,train
45,3328,332,train
45,3329,332,train
45,3330,333,train
45,3331,333,train
45,3332,333,train
45,3333,333,train
45,3334,333,train
45,3335,333,train
45,3336,333,train
45,3337,333,train
45,3338,333,train
45,3339,333,train
45,3350,335,train
45,3351,335,train
45,3352,335,train
45,3353,335,train
45,3354,335,train
45,3355,335,train
45,3356,335,train
45,3357,335,train
45,3358,335,train
45,3359,335,train
45,3370,337,train
45,3371,337,train
45,3372,337,train
45,3373,337,train
45,3374,337,train
45,3375,337,train
45,3376,337,train
45,3377,337,train
45,3378,337,train
45,3379,337,train
45,3390,339,train
45,3391,339,train
45,3392,339,train
45,3393,339,train
45,3394,339,train
45,3395,339,train
45,3396,339,train
45,3397,339,train
45,3398,339,train
45,3399,339,train
45,3400,340,train
45,3401,340,train
45,3402,340,train
45,3403,340,train
45,3404,340,train
45,3405,340,train
45,3406,340,train
45,3407,340,train
45,3408,340,train
45,3409,340,train
45,3420,342,train
45,3421,342,train
45,3422,342,train
45,3423,342,train
45,3424,342,train
45,3425,342,train
45,3426,342,train
45,3427,342,train
45,3428,342,train
45,3429,342,train
45,3440,344,train
45,3441,344,train
45,3442,344,train
45,3443,344,train
45,3444,344,train
45,3445,344,train
45,3446,344,train
45,3447,344,train
45,3448,344,train
45,3449,344,train
45,3450,345,train
45,3451,345,train
45,3452,345,train
45,3453,345,train
45,3454,345,train
45,3455,345,train
45,3456,345,train
45,3457,345,train
45,3458,345,train
45,3459,345,train
45,3470,347,train
45,3471,347,train
45,3472,347,train
45,3473,347,train
45,3474,347,train
45,3475,347,train
45,3476,347,train
45,3477,347,train
45,3478,347,train
45,3479,347,train
45,3480,348,train
45,3481,348,train
45,3482,348,train
45,3483,348,train
45,3484,348,train
45,3485,348,train
45,3486,348,train
45,3487,348,train
45,3488,348,train
45,3489,348,train
45,3490,349,train
45,3491,349,train
45,3492,349,train
45,3493,349,train
45,3494,349,train
45,3495,349,train
45,3496,349,train
45,3497,349,train
45,3498,349,train
45,3499,349,train
45,3510,351,train
45,3511,351,train
45,3512,351,train
45,3513,351,train
45,3514,351,train
45,3515,351,train
45,3516,351,train
45,3517,351,train
45,3518,351,train
45,3519,351,train
45,3530,353,train
45,3531,353,train
45,3532,353,train
45,3533,353,train
45,3534,353,train
45,3535,353,train
45,3536,353,train
45,3537,353,train
45,3538,353,train
45,3539,353,train
45,3540,354,train
45,3541,354,train
45,3542,354,train
45,3543,354,train
45,3544,354,train
45,3545,354,train
45,3546,354,train
45,3547,354,train
45,3548,354,train
45,3549,354,train
45,3550,355,train
45,3551,355,train
45,3552,355,train
45,3553,355,train
45,3554,355,train
45,3555,355,train
45,3556,355,train
45,3557,355,train
45,3558,355,train
45,3559,355,train
45,3570,357,train
45,3571,357,train
45,3572,357,train
45,3573,357,train
45,3574,357,train
45,3575,357,train
45,3576,357,train
45,3577,357,train
45,3578,357,train
45,3579,357,train
45,3590,359,train
45,3591,359,train
45,3592,359,train
45,3593,359,train
45,3594,359,train
45,3595,359,train
45,3596,359,train
45,3597,359,train
45,3598,359,train
45,3599,359,train
45,3600,360,train
45,3601,360,train
45,3602,360,train
45,3603,360,train
45,3604,360,train
45,3605,360,train
45,3606,360,train
45,3607,360,train
45,3608,360,train
45,3609,360,train
45,3640,364,train
45,3641,364,train
45,3642,364,train
45,3643,364,train
45,3644,364,train
45,3645,364,train
45,3646,364,train
45,3647,364,train
45,3648,364,train
45,3649,364,train
45,3680,368,train
45,3681,368,train
45,3682,368,train
45,3683,368,train
45,3684,368,train
45,3685,368,train
45,3686,368,train
45,3687,368,train
45,3688,368,train
45,3689,368,train
45,3690,369,train
45,3691,369,train
45,3692,369,train
45,3693,369,train
45,3694,369,train
45,3695,369,train
45,3696,369,train
45,3697,369,train
45,3698,369,train
45,3699,369,train
45,3710,371,train
45,3711,371,train
45,3712,371,train
45,3713,371,train
45,3714,371,train
45,3715,371,train
45,3716,371,train
45,3717,371,train
45,3718,371,train
45,3719,371,train
45,3730,373,train
45,3731,373,train
45,3732,373,train
45,3733,373,train
45,3734,373,train
45,3735,373,train
45,3736,373,train
45,3737,373,train
45,3738,373,train
45,3739,373,train
45,3740,374,train
45,3741,374,train
45,3742,374,train
45,3743,374,train
45,3744,374,train
45,3745,374,train
45,3746,374,train
45,3747,374,train
45,3748,374,train
45,3749,374,train
45,3760,376,train
45,3761,376,train
45,3762,376,train
45,3763,376,train
45,3764,376,train
45,3765,376,train
45,3766,376,train
45,3767,376,train
45,3768,376,train
45,3769,376,train
45,3770,377,train
45,3771,377,train
45,3772,377,train
45,3773,377,train
45,3774,377,train
45,3775,377,train
45,3776,377,train
45,3777,377,train
45,3778,377,train
45,3779,377,train
45,3790,379,train
45,3791,379,train
45,3792,379,train
45,3793,379,train
45,3794,379,train
45,3795,379,train
45,3796,379,train
45,3797,379,train
45,3798,379,train
45,3799,379,train
45,3800,380,train
45,3801,380,train
45,3802,380,train
45,3803,380,train
45,3804,380,train
45,3805,380,train
45,3806,380,train
45,3807,380,train
45,3808,380,train
45,3809,380,train
45,3830,383,train
45,3831,383,train
45,3832,383,train
45,3833,383,train
45,3834,383,train
45,3835,383,train
45,3836,383,train
45,3837,383,train
45,3838,383,train
45,3839,383,train
45,3850,385,train
45,3851,385,train
45,3852,385,train
45,3853,385,train
45,3854,385,train
45,3855,385,train
45,3856,385,train
45,3857,385,train
45,3858,385,train
45,3859,385,train
45,3860,386,train
45,3861,386,train
45,3862,386,train
45,3863,386,train
45,3864,386,train
45,3865,386,train
45,3866,386,train
45,3867,386,train
45,3868,386,train
45,3869,386,train
45,3870,387,train
45,3871,387,train
45,3872,387,train
45,3873,387,train
45,3874,387,train
45,3875,387,train
45,3876,387,train
45,3877,387,train
45,3878,387,train
45,3879,387,train
45,3890,389,train
45,3891,389,train
45,3892,389,train
45,3893,389,train
45,3894,389,train
45,3895,389,train
45,3896,389,train
45,3897,389,train
45,3898,389,train
45,3899,389,train
45,3900,390,train
45,3901,390,train
45,3902,390,train
45,3903,390,train
45,3904,390,train
45,3905,390,train
45,3906,390,train
45,3907,390,train
45,3908,390,train
45,3909,390,train
45,3910,391,train
45,3911,391,train
45,3912,391,train
45,3913,391,train
45,3914,391,train
45,3915,391,train
45,3916,391,train
45,3917,391,train
45,3918,391,train
45,3919,391,train
45,3930,393,train
45,3931,393,train
45,3932,393,train
45,3933,393,train
45,3934,393,train
45,3935,393,train
45,3936,393,train
45,3937,393,train
45,3938,393,train
45,3939,393,train
45,3940,394,train
45,3941,394,train
45,3942,394,train
45,3943,394,train
45,3944,394,train
45,3945,394,train
45,3946,394,train
45,3947,394,train
45,3948,394,train
45,3949,394,train
45,3950,395,train
45,3951,395,train
45,3952,395,train
45,3953,395,train
45,3954,395,train
45,3955,395,train
45,3956,395,train
45,3957,395,train
45,3958,395,train
45,3959,395,train
45,3960,396,train
45,3961,396,train
45,3962,396,train
45,3963,396,train
45,3964,396,train
45,3965,396,train
45,3966,396,train
45,3967,396,train
45,3968,396,train
45,3969,396,train
45,3970,397,train
45,3971,397,train
45,3972,397,train
45,3973,397,train
45,3974,397,train
45,3975,397,train
45,3976,397,train
45,3977,397,train
45,3978,397,train
45,3979,397,train
45,4010,401,train
45,4011,401,train
45,4012,401,train
45,4013,401,train
45,4014,401,train
45,4015,401,train
45,4016,401,train
45,4017,401,train
45,4018,401,train
45,4019,401,train
45,4020,402,train
45,4021,402,train
45,4022,402,train
45,4023,402,train
45,4024,402,train
45,4025,402,train
45,4026,402,train
45,4027,402,train
45,4028,402,train
45,4029,402,train
45,4030,403,train
45,4031,403,train
45,4032,403,train
45,4033,403,train
45,4034,403,train
45,4035,403,train
45,4036,403,train
45,4037,403,train
45,4038,403,train
45,4039,403,train
45,4040,404,train
45,4041,404,train
45,4042,404,train
45,4043,404,train
45,4044,404,train
45,4045,404,train
45,4046,404,train
45,4047,404,train
45,4048,404,train
45,4049,404,train
45,4050,405,train
45,4051,405,train
45,4052,405,train
45,4053,405,train
45,4054,405,train
45,4055,405,train
45,4056,405,train
45,4057,405,train
45,4058,405,train
45,4059,405,train
45,4060,406,train
45,4061,406,train
45,4062,406,train
45,4063,406,train
45,4064,406,train
45,4065,406,train
45,4066,406,train
45,4067,406,train
45,4068,406,train
45,4069,406,train
45,4080,408,train
45,4081,408,train
45,4082,408,train
45,4083,408,train
45,4084,408,train
45,4085,408,train
45,4086,408,train
45,4087,408,train
45,4088,408,train
45,4089,408,train
45,4090,409,train
45,4091,409,train
45,4092,409,train
45,4093,409,train
45,4094,409,train
45,4095,409,train
45,4096,409,train
45,4097,409,train
45,4098,409,train
45,4099,409,train
45,4110,411,train
45,4111,411,train
45,4112,411,train
45,4113,411,train
45,4114,411,train
45,4115,411,train
45,4116,411,train
45,4117,411,train
45,4118,411,train
45,4119,411,train
45,4120,412,train
45,4121,412,train
45,4122,412,train
45,4123,412,train
45,4124,412,train
45,4125,412,train
45,4126,412,train
45,4127,412,train
45,4128,412,train
45,4129,412,train
45,4130,413,train
45,4131,413,train
45,4132,413,train
45,4133,413,train
45,4134,413,train
45,4135,413,train
45,4136,413,train
45,4137,413,train
45,4138,413,train
45,4139,413,train
45,4140,414,train
45,4141,414,train
45,4142,414,train
45,4143,414,train
45,4144,414,train
45,4145,414,train
45,4146,414,train
45,4147,414,train
45,4148,414,train
45,4149,414,train
45,4150,415,train
45,4151,415,train
45,4152,415,train
45,4153,415,train
45,4154,415,train
45,4155,415,train
45,4156,415,train
45,4157,415,train
45,4158,415,train
45,4159,415,train
45,4160,416,train
45,4161,416,train
45,4162,416,train
45,4163,416,train
45,4164,416,train
45,4165,416,train
45,4166,416,train
45,4167,416,train
45,4168,416,train
45,4169,416,train
45,4190,419,train
45,4191,419,train
45,4192,419,train
45,4193,419,train
45,4194,419,train
45,4195,419,train
45,4196,419,train
45,4197,419,train
45,4198,419,train
45,4199,419,train
45,4220,422,train
45,4221,422,train
45,4222,422,train
45,4223,422,train
45,4224,422,train
45,4225,422,train
45,4226,422,train
45,4227,422,train
45,4228,422,train
45,4229,422,train
45,4240,424,train
45,4241,424,train
45,4242,424,train
45,4243,424,train
45,4244,424,train
45,4245,424,train
45,4246,424,train
45,4247,424,train
45,4248,424,train
45,4249,424,train
45,4260,426,train
45,4261,426,train
45,4262,426,train
45,4263,426,train
45,4264,426,train
45,4265,426,train
45,4266,426,train
45,4267,426,train
45,4268,426,train
45,4269,426,train
45,4300,430,train
45,4301,430,train
45,4302,430,train
45,4303,430,train
45,4304,430,train
45,4305,430,train
45,4306,430,train
45,4307,430,train
45,4308,430,train
45,4309,430,train
45,4310,431,train
45,4311,431,train
45,4312,431,train
45,4313,431,train
45,4314,431,train
45,4315,431,train
45,4316,431,train
45,4317,431,train
45,4318,431,train
45,4319,431,train
45,4320,432,train
45,4321,432,train
45,4322,432,train
45,4323,432,train
45,4324,432,train
45,4325,432,train
45,4326,432,train
45,4327,432,train
45,4328,432,train
45,4329,432,train
45,4330,433,train
45,4331,433,train
45,4332,433,train
45,4333,433,train
45,4334,433,train
45,4335,433,train
45,4336,433,train
45,4337,433,train
45,4338,433,train
45,4339,433,train
45,4340,434,train
45,4341,434,train
45,4342,434,train
45,4343,434,train
45,4344,434,train
45,4345,434,train
45,4346,434,train
45,4347,434,train
45,4348,434,train
45,4349,434,train
45,4350,435,train
45,4351,435,train
45,4352,435,train
45,4353,435,train
45,4354,435,train
45,4355,435,train
45,4356,435,train
45,4357,435,train
45,4358,435,train
45,4359,435,train
45,4360,436,train
45,4361,436,train
45,4362,436,train
45,4363,436,train
45,4364,436,train
45,4365,436,train
45,4366,436,train
45,4367,436,train
45,4368,436,train
45,4369,436,train
45,4370,437,train
45,4371,437,train
45,4372,437,train
45,4373,437,train
45,4374,437,train
45,4375,437,train
45,4376,437,train
45,4377,437,train
45,4378,437,train
45,4379,437,train
45,4380,438,train
45,4381,438,train
45,4382,438,train
45,4383,438,train
45,4384,438,train
45,4385,438,train
45,4386,438,train
45,4387,438,train
45,4388,438,train
45,4389,438,train
45,4400,440,train
45,4401,440,train
45,4402,440,train
45,4403,440,train
45,4404,440,train
45,4405,440,train
45,4406,440,train
45,4407,440,train
45,4408,440,train
45,4409,440,train
45,4420,442,train
45,4421,442,train
45,4422,442,train
45,4423,442,train
45,4424,442,train
45,4425,442,train
45,4426,442,train
45,4427,442,train
45,4428,442,train
45,4429,442,train
45,4440,444,train
45,4441,444,train
45,4442,444,train
45,4443,444,train
45,4444,444,train
45,4445,444,train
45,4446,444,train
45,4447,444,train
45,4448,444,train
45,4449,444,train
45,4480,448,train
45,4481,448,train
45,4482,448,train
45,4483,448,train
45,4484,448,train
45,4485,448,train
45,4486,448,train
45,4487,448,train
45,4488,448,train
45,4489,448,train
45,4490,449,train
45,4491,449,train
45,4492,449,train
45,4493,449,train
45,4494,449,train
45,4495,449,train
45,4496,449,train
45,4497,449,train
45,4498,449,train
45,4499,449,train
45,4520,452,train
45,4521,452,train
45,4522,452,train
45,4523,452,train
45,4524,452,train
45,4525,452,train
45,4526,452,train
45,4527,452,train
45,4528,452,train
45,4529,452,train
45,4530,453,train
45,4531,453,train
45,4532,453,train
45,4533,453,train
45,4534,453,train
45,4535,453,train
45,4536,453,train
45,4537,453,train
45,4538,453,train
45,4539,453,train
45,4550,455,train
45,4551,455,train
45,4552,455,train
45,4553,455,train
45,4554,455,train
45,4555,455,train
45,4556,455,train
45,4557,455,train
45,4558,455,train
45,4559,455,train
45,4580,458,train
45,4581,458,train
45,4582,458,train
45,4583,458,train
45,4584,458,train
45,4585,458,train
45,4586,458,train
45,4587,458,train
45,4588,458,train
45,4589,458,train
45,4590,459,train
45,4591,459,train
45,4592,459,train
45,4593,459,train
45,4594,459,train
45,4595,459,train
45,4596,459,train
45,4597,459,train
45,4598,459,train
45,4599,459,train
45,4600,460,train
45,4601,460,train
45,4602,460,train
45,4603,460,train
45,4604,460,train
45,4605,460,train
45,4606,460,train
45,4607,460,train
45,4608,460,train
45,4609,460,train
45,4610,461,train
45,4611,461,train
45,4612,461,train
45,4613,461,train
45,4614,461,train
45,4615,461,train
45,4616,461,train
45,4617,461,train
45,4618,461,train
45,4619,461,train
45,4620,462,train
45,4621,462,train
45,4622,462,train
45,4623,462,train
45,4624,462,train
45,4625,462,train
45,4626,462,train
45,4627,462,train
45,4628,462,train
45,4629,462,train
45,4630,463,train
45,4631,463,train
45,4632,463,train
45,4633,463,train
45,4634,463,train
45,4635,463,train
45,4636,463,train
45,4637,463,train
45,4638,463,train
45,4639,463,train
45,4690,469,train
45,4691,469,train
45,4692,469,train
45,4693,469,train
45,4694,469,train
45,4695,469,train
45,4696,469,train
45,4697,469,train
45,4698,469,train
45,4699,469,train
45,4700,470,train
45,4701,470,train
45,4702,470,train
45,4703,470,train
45,4704,470,train
45,4705,470,train
45,4706,470,train
45,4707,470,train
45,4708,470,train
45,4709,470,train
45,4730,473,train
45,4731,473,train
45,4732,473,train
45,4733,473,train
45,4734,473,train
45,4735,473,train
45,4736,473,train
45,4737,473,train
45,4738,473,train
45,4739,473,train
45,4750,475,train
45,4751,475,train
45,4752,475,train
45,4753,475,train
45,4754,475,train
45,4755,475,train
45,4756,475,train
45,4757,475,train
45,4758,475,train
45,4759,475,train
45,4760,476,train
45,4761,476,train
45,4762,476,train
45,4763,476,train
45,4764,476,train
45,4765,476,train
45,4766,476,train
45,4767,476,train
45,4768,476,train
45,4769,476,train
45,4770,477,train
45,4771,477,train
45,4772,477,train
45,4773,477,train
45,4774,477,train
45,4775,477,train
45,4776,477,train
45,4777,477,train
45,4778,477,train
45,4779,477,train
45,4780,478,train
45,4781,478,train
45,4782,478,train
45,4783,478,train
45,4784,478,train
45,4785,478,train
45,4786,478,train
45,4787,478,train
45,4788,478,train
45,4789,478,train
45,4800,480,train
45,4801,480,train
45,4802,480,train
45,4803,480,train
45,4804,480,train
45,4805,480,train
45,4806,480,train
45,4807,480,train
45,4808,480,train
45,4809,480,train
45,4820,482,train
45,4821,482,train
45,4822,482,train
45,4823,482,train
45,4824,482,train
45,4825,482,train
45,4826,482,train
45,4827,482,train
45,4828,482,train
45,4829,482,train
45,4830,483,train
45,4831,483,train
45,4832,483,train
45,4833,483,train
45,4834,483,train
45,4835,483,train
45,4836,483,train
45,4837,483,train
45,4838,483,train
45,4839,483,train
45,4870,487,train
45,4871,487,train
45,4872,487,train
45,4873,487,train
45,4874,487,train
45,4875,487,train
45,4876,487,train
45,4877,487,train
45,4878,487,train
45,4879,487,train
45,4890,489,train
45,4891,489,train
45,4892,489,train
45,4893,489,train
45,4894,489,train
45,4895,489,train
45,4896,489,train
45,4897,489,train
45,4898,489,train
45,4899,489,train
45,4910,491,train
45,4911,491,train
45,4912,491,train
45,4913,491,train
45,4914,491,train
45,4915,491,train
45,4916,491,train
45,4917,491,train
45,4918,491,train
45,4919,491,train
45,4920,492,train
45,4921,492,train
45,4922,492,train
45,4923,492,train
45,4924,492,train
45,4925,492,train
45,4926,492,train
45,4927,492,train
45,4928,492,train
45,4929,492,train
45,4940,494,train
45,4941,494,train
45,4942,494,train
45,4943,494,train
45,4944,494,train
45,4945,494,train
45,4946,494,train
45,4947,494,train
45,4948,494,train
45,4949,494,train
45,4950,495,train
45,4951,495,train
45,4952,495,train
45,4953,495,train
45,4954,495,train
45,4955,495,train
45,4956,495,train
45,4957,495,train
45,4958,495,train
45,4959,495,train
45,4960,496,train
45,4961,496,train
45,4962,496,train
45,4963,496,train
45,4964,496,train
45,4965,496,train
45,4966,496,train
45,4967,496,train
45,4968,496,train
45,4969,496,train
45,4970,497,train
45,4971,497,train
45,4972,497,train
45,4973,497,train
45,4974,497,train
45,4975,497,train
45,4976,497,train
45,4977,497,train
45,4978,497,train
45,4979,497,train
45,5000,500,train
45,5001,500,train
45,5002,500,train
45,5003,500,train
45,5004,500,train
45,5005,500,train
45,5006,500,train
45,5007,500,train
45,5008,500,train
45,5009,500,train
45,5040,504,train
45,5041,504,train
45,5042,504,train
45,5043,504,train
45,5044,504,train
45,5045,504,train
45,5046,504,train
45,5047,504,train
45,5048,504,train
45,5049,504,train
45,5050,505,train
45,5051,505,train
45,5052,505,train
45,5053,505,train
45,5054,505,train
45,5055,505,train
45,5056,505,train
45,5057,505,train
45,5058,505,train
45,5059,505,train
45,5060,506,train
45,5061,506,train
45,5062,506,train
45,5063,506,train
45,5064,506,train
45,5065,506,train
45,5066,506,train
45,5067,506,train
45,5068,506,train
45,5069,506,train
45,5100,510,train
45,5101,510,train
45,5102,510,train
45,5103,510,train
45,5104,510,train
45,5105,510,train
45,5106,510,train
45,5107,510,train
45,5108,510,train
45,5109,510,train
45,5110,511,train
45,5111,511,train
45,5112,511,train
45,5113,511,train
45,5114,511,train
45,5115,511,train
45,5116,511,train
45,5117,511,train
45,5118,511,train
45,5119,511,train
45,5140,514,train
45,5141,514,train
45,5142,514,train
45,5143,514,train
45,5144,514,train
45,5145,514,train
45,5146,514,train
45,5147,514,train
45,5148,514,train
45,5149,514,train
45,5160,516,train
45,5161,516,train
45,5162,516,train
45,5163,516,train
45,5164,516,train
45,5165,516,train
45,5166,516,train
45,5167,516,train
45,5168,516,train
45,5169,516,train
45,5180,518,train
45,5181,518,train
45,5182,518,train
45,5183,518,train
45,5184,518,train
45,5185,518,train
45,5186,518,train
45,5187,518,train
45,5188,518,train
45,5189,518,train
45,5220,522,train
45,5221,522,train
45,5222,522,train
45,5223,522,train
45,5224,522,train
45,5225,522,train
45,5226,522,train
45,5227,522,train
45,5228,522,train
45,5229,522,train
45,5230,523,train
45,5231,523,train
45,5232,523,train
45,5233,523,train
45,5234,523,train
45,5235,523,train
45,5236,523,train
45,5237,523,train
45,5238,523,train
45,5239,523,train
45,5240,524,train
45,5241,524,train
45,5242,524,train
45,5243,524,train
45,5244,524,train
45,5245,524,train
45,5246,524,train
45,5247,524,train
45,5248,524,train
45,5249,524,train
45,5260,526,train
45,5261,526,train
45,5262,526,train
45,5263,526,train
45,5264,526,train
45,5265,526,train
45,5266,526,train
45,5267,526,train
45,5268,526,train
45,5269,526,train
45,5280,528,train
45,5281,528,train
45,5282,528,train
45,5283,528,train
45,5284,528,train
45,5285,528,train
45,5286,528,train
45,5287,528,train
45,5288,528,train
45,5289,528,train
45,5290,529,train
45,5291,529,train
45,5292,529,train
45,5293,529,train
45,5294,529,train
45,5295,529,train
45,5296,529,train
45,5297,529,train
45,5298,529,train
45,5299,529,train
45,5300,530,train
45,5301,530,train
45,5302,530,train
45,5303,530,train
45,5304,530,train
45,5305,530,train
45,5306,530,train
45,5307,530,train
45,5308,530,train
45,5309,530,train
45,5320,532,train
45,5321,532,train
45,5322,532,train
45,5323,532,train
45,5324,532,train
45,5325,532,train
45,5326,532,train
45,5327,532,train
45,5328,532,train
45,5329,532,train
45,5330,533,train
45,5331,533,train
45,5332,533,train
45,5333,533,train
45,5334,533,train
45,5335,533,train
45,5336,533,train
45,5337,533,train
45,5338,533,train
45,5339,533,train
45,5340,534,train
45,5341,534,train
45,5342,534,train
45,5343,534,train
45,5344,534,train
45,5345,534,train
45,5346,534,train
45,5347,534,train
45,5348,534,train
45,5349,534,train
45,5360,536,train
45,5361,536,train
45,5362,536,train
45,5363,536,train
45,5364,536,train
45,5365,536,train
45,5366,536,train
45,5367,536,train
45,5368,536,train
45,5369,536,train
45,5410,541,train
45,5411,541,train
45,5412,541,train
45,5413,541,train
45,5414,541,train
45,5415,541,train
45,5416,541,train
45,5417,541,train
45,5418,541,train
45,5419,541,train
45,5430,543,train
45,5431,543,train
45,5432,543,train
45,5433,543,train
45,5434,543,train
45,5435,543,train
45,5436,543,train
45,5437,543,train
45,5438,543,train
45,5439,543,train
45,5440,544,train
45,5441,544,train
45,5442,544,train
45,5443,544,train
45,5444,544,train
45,5445,544,train
45,5446,544,train
45,5447,544,train
45,5448,544,train
45,5449,544,train
45,5450,545,train
45,5451,545,train
45,5452,545,train
45,5453,545,train
45,5454,545,train
45,5455,545,train
45,5456,545,train
45,5457,545,train
45,5458,545,train
45,5459,545,train
45,5470,547,train
45,5471,547,train
45,5472,547,train
45,5473,547,train
45,5474,547,train
45,5475,547,train
45,5476,547,train
45,5477,547,train
45,5478,547,train
45,5479,547,train
45,5490,549,train
45,5491,549,train
45,5492,549,train
45,5493,549,train
45,5494,549,train
45,5495,549,train
45,5496,549,train
45,5497,549,train
45,5498,549,train
45,5499,549,train
45,5500,550,train
45,5501,550,train
45,5502,550,train
45,5503,550,train
45,5504,550,train
45,5505,550,train
45,5506,550,train
45,5507,550,train
45,5508,550,train
45,5509,550,train
45,5510,551,train
45,5511,551,train
45,5512,551,train
45,5513,551,train
45,5514,551,train
45,5515,551,train
45,5516,551,train
45,5517,551,train
45,5518,551,train
45,5519,551,train
45,5560,556,train
45,5561,556,train
45,5562,556,train
45,5563,556,train
45,5564,556,train
45,5565,556,train
45,5566,556,train
45,5567,556,train
45,5568,556,train
45,5569,556,train
45,5590,559,train
45,5591,559,train
45,5592,559,train
45,5593,559,train
45,5594,559,train
45,5595,559,train
45,5596,559,train
45,5597,559,train
45,5598,559,train
45,5599,559,train
45,5600,560,train
45,5601,560,train
45,5602,560,train
45,5603,560,train
45,5604,560,train
45,5605,560,train
45,5606,560,train
45,5607,560,train
45,5608,560,train
45,5609,560,train
45,5620,562,train
45,5621,562,train
45,5622,562,train
45,5623,562,train
45,5624,562,train
45,5625,562,train
45,5626,562,train
45,5627,562,train
45,5628,562,train
45,5629,562,train
45,5630,563,train
45,5631,563,train
45,5632,563,train
45,5633,563,train
45,5634,563,train
45,5635,563,train
45,5636,563,train
45,5637,563,train
45,5638,563,train
45,5639,563,train
45,5650,565,train
45,5651,565,train
45,5652,565,train
45,5653,565,train
45,5654,565,train
45,5655,565,train
45,5656,565,train
45,5657,565,train
45,5658,565,train
45,5659,565,train
45,5660,566,train
45,5661,566,train
45,5662,566,train
45,5663,566,train
45,5664,566,train
45,5665,566,train
45,5666,566,train
45,5667,566,train
45,5668,566,train
45,5669,566,train
45,5670,567,train
45,5671,567,train
45,5672,567,train
45,5673,567,train
45,5674,567,train
45,5675,567,train
45,5676,567,train
45,5677,567,train
45,5678,567,train
45,5679,567,train
45,5680,568,train
45,5681,568,train
45,5682,568,train
45,5683,568,train
45,5684,568,train
45,5685,568,train
45,5686,568,train
45,5687,568,train
45,5688,568,train
45,5689,568,train
45,5700,570,train
45,5701,570,train
45,5702,570,train
45,5703,570,train
45,5704,570,train
45,5705,570,train
45,5706,570,train
45,5707,570,train
45,5708,570,train
45,5709,570,train
45,5710,571,train
45,5711,571,train
45,5712,571,train
45,5713,571,train
45,5714,571,train
45,5715,571,train
45,5716,571,train
45,5717,571,train
45,5718,571,train
45,5719,571,train
45,5720,572,train
45,5721,572,train
45,5722,572,train
45,5723,572,train
45,5724,572,train
45,5725,572,train
45,5726,572,train
45,5727,572,train
45,5728,572,train
45,5729,572,train
45,5730,573,train
45,5731,573,train
45,5732,573,train
45,5733,573,train
45,5734,573,train
45,5735,573,train
45,5736,573,train
45,5737,573,train
45,5738,573,train
45,5739,573,train
45,5740,574,train
45,5741,574,train
45,5742,574,train
45,5743,574,train
45,5744,574,train
45,5745,574,train
45,5746,574,train
45,5747,574,train
45,5748,574,train
45,5749,574,train
45,5750,575,train
45,5751,575,train
45,5752,575,train
45,5753,575,train
45,5754,575,train
45,5755,575,train
45,5756,575,train
45,5757,575,train
45,5758,575,train
45,5759,575,train
45,5760,576,train
45,5761,576,train
45,5762,576,train
45,5763,576,train
45,5764,576,train
45,5765,576,train
45,5766,576,train
45,5767,576,train
45,5768,576,train
45,5769,576,train
45,5770,577,train
45,5771,577,train
45,5772,577,train
45,5773,577,train
45,5774,577,train
45,5775,577,train
45,5776,577,train
45,5777,577,train
45,5778,577,train
45,5779,577,train
45,5780,578,train
45,5781,578,train
45,5782,578,train
45,5783,578,train
45,5784,578,train
45,5785,578,train
45,5786,578,train
45,5787,578,train
45,5788,578,train
45,5789,578,train
45,5790,579,train
45,5791,579,train
45,5792,579,train
45,5793,579,train
45,5794,579,train
45,5795,579,train
45,5796,579,train
45,5797,579,train
45,5798,579,train
45,5799,579,train
45,5800,580,train
45,5801,580,train
45,5802,580,train
45,5803,580,train
45,5804,580,train
45,5805,580,train
45,5806,580,train
45,5807,580,train
45,5808,580,train
45,5809,580,train
45,5810,581,train
45,5811,581,train
45,5812,581,train
45,5813,581,train
45,5814,581,train
45,5815,581,train
45,5816,581,train
45,5817,581,train
45,5818,581,train
45,5819,581,train
45,5830,583,train
45,5831,583,train
45,5832,583,train
45,5833,583,train
45,5834,583,train
45,5835,583,train
45,5836,583,train
45,5837,583,train
45,5838,583,train
45,5839,583,train
45,5850,585,train
45,5851,585,train
45,5852,585,train
45,5853,585,train
45,5854,585,train
45,5855,585,train
45,5856,585,train
45,5857,585,train
45,5858,585,train
45,5859,585,train
45,5860,586,train
45,5861,586,train
45,5862,586,train
45,5863,586,train
45,5864,586,train
45,5865,586,train
45,5866,586,train
45,5867,586,train
45,5868,586,train
45,5869,586,train
45,5880,588,train
45,5881,588,train
45,5882,588,train
45,5883,588,train
45,5884,588,train
45,5885,588,train
45,5886,588,train
45,5887,588,train
45,5888,588,train
45,5889,588,train
45,5910,591,train
45,5911,591,train
45,5912,591,train
45,5913,591,train
45,5914,591,train
45,5915,591,train
45,5916,591,train
45,5917,591,train
45,5918,591,train
45,5919,591,train
45,5930,593,train
45,5931,593,train
45,5932,593,train
45,5933,593,train
45,5934,593,train
45,5935,593,train
45,5936,593,train
45,5937,593,train
45,5938,593,train
45,5939,593,train
45,5940,594,train
45,5941,594,train
45,5942,594,train
45,5943,594,train
45,5944,594,train
45,5945,594,train
45,5946,594,train
45,5947,594,train
45,5948,594,train
45,5949,594,train
45,5980,598,train
45,5981,598,train
45,5982,598,train
45,5983,598,train
45,5984,598,train
45,5985,598,train
45,5986,598,train
45,5987,598,train
45,5988,598,train
45,5989,598,train
45,6010,601,train
45,6011,601,train
45,6012,601,train
45,6013,601,train
45,6014,601,train
45,6015,601,train
45,6016,601,train
45,6017,601,train
45,6018,601,train
45,6019,601,train
45,6060,606,train
45,6061,606,train
45,6062,606,train
45,6063,606,train
45,6064,606,train
45,6065,606,train
45,6066,606,train
45,6067,606,train
45,6068,606,train
45,6069,606,train
45,6070,607,train
45,6071,607,train
45,6072,607,train
45,6073,607,train
45,6074,607,train
45,6075,607,train
45,6076,607,train
45,6077,607,train
45,6078,607,train
45,6079,607,train
45,6100,610,train
45,6101,610,train
45,6102,610,train
45,6103,610,train
45,6104,610,train
45,6105,610,train
45,6106,610,train
45,6107,610,train
45,6108,610,train
45,6109,610,train
45,6110,611,train
45,6111,611,train
45,6112,611,train
45,6113,611,train
45,6114,611,train
45,6115,611,train
45,6116,611,train
45,6117,611,train
45,6118,611,train
45,6119,611,train
45,6120,612,train
45,6121,612,train
45,6122,612,train
45,6123,612,train
45,6124,612,train
45,6125,612,train
45,6126,612,train
45,6127,612,train
45,6128,612,train
45,6129,612,train
45,6130,613,train
45,6131,613,train
45,6132,613,train
45,6133,613,train
45,6134,613,train
45,6135,613,train
45,6136,613,train
45,6137,613,train
45,6138,613,train
45,6139,613,train
45,6140,614,train
45,6141,614,train
45,6142,614,train
45,6143,614,train
45,6144,614,train
45,6145,614,train
45,6146,614,train
45,6147,614,train
45,6148,614,train
45,6149,614,train
45,6180,618,train
45,6181,618,train
45,6182,618,train
45,6183,618,train
45,6184,618,train
45,6185,618,train
45,6186,618,train
45,6187,618,train
45,6188,618,train
45,6189,618,train
45,6210,621,train
45,6211,621,train
45,6212,621,train
45,6213,621,train
45,6214,621,train
45,6215,621,train
45,6216,621,train
45,6217,621,train
45,6218,621,train
45,6219,621,train
45,6240,624,train
45,6241,624,train
45,6242,624,train
45,6243,624,train
45,6244,624,train
45,6245,624,train
45,6246,624,train
45,6247,624,train
45,6248,624,train
45,6249,624,train
45,6250,625,train
45,6251,625,train
45,6252,625,train
45,6253,625,train
45,6254,625,train
45,6255,625,train
45,6256,625,train
45,6257,625,train
45,6258,625,train
45,6259,625,train
45,6270,627,train
45,6271,627,train
45,6272,627,train
45,6273,627,train
45,6274,627,train
45,6275,627,train
45,6276,627,train
45,6277,627,train
45,6278,627,train
45,6279,627,train
45,6280,628,train
45,6281,628,train
45,6282,628,train
45,6283,628,train
45,6284,628,train
45,6285,628,train
45,6286,628,train
45,6287,628,train
45,6288,628,train
45,6289,628,train
45,6300,630,train
45,6301,630,train
45,6302,630,train
45,6303,630,train
45,6304,630,train
45,6305,630,train
45,6306,630,train
45,6307,630,train
45,6308,630,train
45,6309,630,train
45,6310,631,train
45,6311,631,train
45,6312,631,train
45,6313,631,train
45,6314,631,train
45,6315,631,train
45,6316,631,train
45,6317,631,train
45,6318,631,train
45,6319,631,train
45,6330,633,train
45,6331,633,train
45,6332,633,train
45,6333,633,train
45,6334,633,train
45,6335,633,train
45,6336,633,train
45,6337,633,train
45,6338,633,train
45,6339,633,train
45,6340,634,train
45,6341,634,train
45,6342,634,train
45,6343,634,train
45,6344,634,train
45,6345,634,train
45,6346,634,train
45,6347,634,train
45,6348,634,train
45,6349,634,train
45,6360,636,train
45,6361,636,train
45,6362,636,train
45,6363,636,train
45,6364,636,train
45,6365,636,train
45,6366,636,train
45,6367,636,train
45,6368,636,train
45,6369,636,train
45,6370,637,train
45,6371,637,train
45,6372,637,train
45,6373,637,train
45,6374,637,train
45,6375,637,train
45,6376,637,train
45,6377,637,train
45,6378,637,train
45,6379,637,train
45,6380,638,train
45,6381,638,train
45,6382,638,train
45,6383,638,train
45,6384,638,train
45,6385,638,train
45,6386,638,train
45,6387,638,train
45,6388,638,train
45,6389,638,train
45,6390,639,train
45,6391,639,train
45,6392,639,train
45,6393,639,train
45,6394,639,train
45,6395,639,train
45,6396,639,train
45,6397,639,train
45,6398,639,train
45,6399,639,train
45,6400,640,train
45,6401,640,train
45,6402,640,train
45,6403,640,train
45,6404,640,train
45,6405,640,train
45,6406,640,train
45,6407,640,train
45,6408,640,train
45,6409,640,train
45,6410,641,train
45,6411,641,train
45,6412,641,train
45,6413,641,train
45,6414,641,train
45,6415,641,train
45,6416,641,train
45,6417,641,train
45,6418,641,train
45,6419,641,train
45,6430,643,train
45,6431,643,train
45,6432,643,train
45,6433,643,train
45,6434,643,train
45,6435,643,train
45,6436,643,train
45,6437,643,train
45,6438,643,train
45,6439,643,train
45,6440,644,train
45,6441,644,train
45,6442,644,train
45,6443,644,train
45,6444,644,train
45,6445,644,train
45,6446,644,train
45,6447,644,train
45,6448,644,train
45,6449,644,train
45,6460,646,train
45,6461,646,train
45,6462,646,train
45,6463,646,train
45,6464,646,train
45,6465,646,train
45,6466,646,train
45,6467,646,train
45,6468,646,train
45,6469,646,train
45,6480,648,train
45,6481,648,train
45,6482,648,train
45,6483,648,train
45,6484,648,train
45,6485,648,train
45,6486,648,train
45,6487,648,train
45,6488,648,train
45,6489,648,train
45,6510,651,train
45,6511,651,train
45,6512,651,train
45,6513,651,train
45,6514,651,train
45,6515,651,train
45,6516,651,train
45,6517,651,train
45,6518,651,train
45,6519,651,train
45,6520,652,train
45,6521,652,train
45,6522,652,train
45,6523,652,train
45,6524,652,train
45,6525,652,train
45,6526,652,train
45,6527,652,train
45,6528,652,train
45,6529,652,train
45,6540,654,train
45,6541,654,train
45,6542,654,train
45,6543,654,train
45,6544,654,train
45,6545,654,train
45,6546,654,train
45,6547,654,train
45,6548,654,train
45,6549,654,train
45,6550,655,train
45,6551,655,train
45,6552,655,train
45,6553,655,train
45,6554,655,train
45,6555,655,train
45,6556,655,train
45,6557,655,train
45,6558,655,train
45,6559,655,train
45,6560,656,train
45,6561,656,train
45,6562,656,train
45,6563,656,train
45,6564,656,train
45,6565,656,train
45,6566,656,train
45,6567,656,train
45,6568,656,train
45,6569,656,train
45,6570,657,train
45,6571,657,train
45,6572,657,train
45,6573,657,train
45,6574,657,train
45,6575,657,train
45,6576,657,train
45,6577,657,train
45,6578,657,train
45,6579,657,train
45,6590,659,train
45,6591,659,train
45,6592,659,train
45,6593,659,train
45,6594,659,train
45,6595,659,train
45,6596,659,train
45,6597,659,train
45,6598,659,train
45,6599,659,train
45,6630,663,train
45,6631,663,train
45,6632,663,train
45,6633,663,train
45,6634,663,train
45,6635,663,train
45,6636,663,train
45,6637,663,train
45,6638,663,train
45,6639,663,train
45,6640,664,train
45,6641,664,train
45,6642,664,train
45,6643,664,train
45,6644,664,train
45,6645,664,train
45,6646,664,train
45,6647,664,train
45,6648,664,train
45,6649,664,train
45,6650,665,train
45,6651,665,train
45,6652,665,train
45,6653,665,train
45,6654,665,train
45,6655,665,train
45,6656,665,train
45,6657,665,train
45,6658,665,train
45,6659,665,train
45,6670,667,train
45,6671,667,train
45,6672,667,train
45,6673,667,train
45,6674,667,train
45,6675,667,train
45,6676,667,train
45,6677,667,train
45,6678,667,train
45,6679,667,train
45,6700,670,train
45,6701,670,train
45,6702,670,train
45,6703,670,train
45,6704,670,train
45,6705,670,train
45,6706,670,train
45,6707,670,train
45,6708,670,train
45,6709,670,train
45,6710,671,train
45,6711,671,train
45,6712,671,train
45,6713,671,train
45,6714,671,train
45,6715,671,train
45,6716,671,train
45,6717,671,train
45,6718,671,train
45,6719,671,train
45,6720,672,train
45,6721,672,train
45,6722,672,train
45,6723,672,train
45,6724,672,train
45,6725,672,train
45,6726,672,train
45,6727,672,train
45,6728,672,train
45,6729,672,train
45,6740,674,train
45,6741,674,train
45,6742,674,train
45,6743,674,train
45,6744,674,train
45,6745,674,train
45,6746,674,train
45,6747,674,train
45,6748,674,train
45,6749,674,train
45,6760,676,train
45,6761,676,train
45,6762,676,train
45,6763,676,train
45,6764,676,train
45,6765,676,train
45,6766,676,train
45,6767,676,train
45,6768,676,train
45,6769,676,train
45,6770,677,train
45,6771,677,train
45,6772,677,train
45,6773,677,train
45,6774,677,train
45,6775,677,train
45,6776,677,train
45,6777,677,train
45,6778,677,train
45,6779,677,train
45,6790,679,train
45,6791,679,train
45,6792,679,train
45,6793,679,train
45,6794,679,train
45,6795,679,train
45,6796,679,train
45,6797,679,train
45,6798,679,train
45,6799,679,train
45,6820,682,train
45,6821,682,train
45,6822,682,train
45,6823,682,train
45,6824,682,train
45,6825,682,train
45,6826,682,train
45,6827,682,train
45,6828,682,train
45,6829,682,train
45,6830,683,train
45,6831,683,train
45,6832,683,train
45,6833,683,train
45,6834,683,train
45,6835,683,train
45,6836,683,train
45,6837,683,train
45,6838,683,train
45,6839,683,train
45,6840,684,train
45,6841,684,train
45,6842,684,train
45,6843,684,train
45,6844,684,train
45,6845,684,train
45,6846,684,train
45,6847,684,train
45,6848,684,train
45,6849,684,train
45,6850,685,train
45,6851,685,train
45,6852,685,train
45,6853,685,train
45,6854,685,train
45,6855,685,train
45,6856,685,train
45,6857,685,train
45,6858,685,train
45,6859,685,train
45,6860,686,train
45,6861,686,train
45,6862,686,train
45,6863,686,train
45,6864,686,train
45,6865,686,train
45,6866,686,train
45,6867,686,train
45,6868,686,train
45,6869,686,train
45,6870,687,train
45,6871,687,train
45,6872,687,train
45,6873,687,train
45,6874,687,train
45,6875,687,train
45,6876,687,train
45,6877,687,train
45,6878,687,train
45,6879,687,train
45,6880,688,train
45,6881,688,train
45,6882,688,train
45,6883,688,train
45,6884,688,train
45,6885,688,train
45,6886,688,train
45,6887,688,train
45,6888,688,train
45,6889,688,train
45,6900,690,train
45,6901,690,train
45,6902,690,train
45,6903,690,train
45,6904,690,train
45,6905,690,train
45,6906,690,train
45,6907,690,train
45,6908,690,train
45,6909,690,train
45,6920,692,train
45,6921,692,train
45,6922,692,train
45,6923,692,train
45,6924,692,train
45,6925,692,train
45,6926,692,train
45,6927,692,train
45,6928,692,train
45,6929,692,train
45,6930,693,train
45,6931,693,train
45,6932,693,train
45,6933,693,train
45,6934,693,train
45,6935,693,train
45,6936,693,train
45,6937,693,train
45,6938,693,train
45,6939,693,train
45,6950,695,train
45,6951,695,train
45,6952,695,train
45,6953,695,train
45,6954,695,train
45,6955,695,train
45,6956,695,train
45,6957,695,train
45,6958,695,train
45,6959,695,train
45,6970,697,train
45,6971,697,train
45,6972,697,train
45,6973,697,train
45,6974,697,train
45,6975,697,train
45,6976,697,train
45,6977,697,train
45,6978,697,train
45,6979,697,train
45,6980,698,train
45,6981,698,train
45,6982,698,train
45,6983,698,train
45,6984,698,train
45,6985,698,train
45,6986,698,train
45,6987,698,train
45,6988,698,train
45,6989,698,train
45,6990,699,train
45,6991,699,train
45,6992,699,train
45,6993,699,train
45,6994,699,train
45,6995,699,train
45,6996,699,train
45,6997,699,train
45,6998,699,train
45,6999,699,train
45,7010,701,train
45,7011,701,train
45,7012,701,train
45,7013,701,train
45,7014,701,train
45,7015,701,train
45,7016,701,train
45,7017,701,train
45,7018,701,train
45,7019,701,train
45,7020,702,train
45,7021,702,train
45,7022,702,train
45,7023,702,train
45,7024,702,train
45,7025,702,train
45,7026,702,train
45,7027,702,train
45,7028,702,train
45,7029,702,train
45,7030,703,train
45,7031,703,train
45,7032,703,train
45,7033,703,train
45,7034,703,train
45,7035,703,train
45,7036,703,train
45,7037,703,train
45,7038,703,train
45,7039,703,train
45,7040,704,train
45,7041,704,train
45,7042,704,train
45,7043,704,train
45,7044,704,train
45,7045,704,train
45,7046,704,train
45,7047,704,train
45,7048,704,train
45,7049,704,train
45,7060,706,train
45,7061,706,train
45,7062,706,train
45,7063,706,train
45,7064,706,train
45,7065,706,train
45,7066,706,train
45,7067,706,train
45,7068,706,train
45,7069,706,train
45,7070,707,train
45,7071,707,train
45,7072,707,train
45,7073,707,train
45,7074,707,train
45,7075,707,train
45,7076,707,train
45,7077,707,train
45,7078,707,train
45,7079,707,train
45,7080,708,train
45,7081,708,train
45,7082,708,train
45,7083,708,train
45,7084,708,train
45,7085,708,train
45,7086,708,train
45,7087,708,train
45,7088,708,train
45,7089,708,train
45,7100,710,train
45,7101,710,train
45,7102,710,train
45,7103,710,train
45,7104,710,train
45,7105,710,train
45,7106,710,train
45,7107,710,train
45,7108,710,train
45,7109,710,train
45,7110,711,train
45,7111,711,train
45,7112,711,train
45,7113,711,train
45,7114,711,train
45,7115,711,train
45,7116,711,train
45,7117,711,train
45,7118,711,train
45,7119,711,train
45,7120,712,train
45,7121,712,train
45,7122,712,train
45,7123,712,train
45,7124,712,train
45,7125,712,train
45,7126,712,train
45,7127,712,train
45,7128,712,train
45,7129,712,train
45,7140,714,train
45,7141,714,train
45,7142,714,train
45,7143,714,train
45,7144,714,train
45,7145,714,train
45,7146,714,train
45,7147,714,train
45,7148,714,train
45,7149,714,train
45,7150,715,train
45,7151,715,train
45,7152,715,train
45,7153,715,train
45,7154,715,train
45,7155,715,train
45,7156,715,train
45,7157,715,train
45,7158,715,train
45,7159,715,train
45,7200,720,train
45,7201,720,train
45,7202,720,train
45,7203,720,train
45,7204,720,train
45,7205,720,train
45,7206,720,train
45,7207,720,train
45,7208,720,train
45,7209,720,train
45,7220,722,train
45,7221,722,train
45,7222,722,train
45,7223,722,train
45,7224,722,train
45,7225,722,train
45,7226,722,train
45,7227,722,train
45,7228,722,train
45,7229,722,train
45,7250,725,train
45,7251,725,train
45,7252,725,train
45,7253,725,train
45,7254,725,train
45,7255,725,train
45,7256,725,train
45,7257,725,train
45,7258,725,train
45,7259,725,train
45,7260,726,train
45,7261,726,train
45,7262,726,train
45,7263,726,train
45,7264,726,train
45,7265,726,train
45,7266,726,train
45,7267,726,train
45,7268,726,train
45,7269,726,train
45,7300,730,train
45,7301,730,train
45,7302,730,train
45,7303,730,train
45,7304,730,train
45,7305,730,train
45,7306,730,train
45,7307,730,train
45,7308,730,train
45,7309,730,train
45,7310,731,train
45,7311,731,train
45,7312,731,train
45,7313,731,train
45,7314,731,train
45,7315,731,train
45,7316,731,train
45,7317,731,train
45,7318,731,train
45,7319,731,train
45,7330,733,train
45,7331,733,train
45,7332,733,train
45,7333,733,train
45,7334,733,train
45,7335,733,train
45,7336,733,train
45,7337,733,train
45,7338,733,train
45,7339,733,train
45,7340,734,train
45,7341,734,train
45,7342,734,train
45,7343,734,train
45,7344,734,train
45,7345,734,train
45,7346,734,train
45,7347,734,train
45,7348,734,train
45,7349,734,train
45,7370,737,train
45,7371,737,train
45,7372,737,train
45,7373,737,train
45,7374,737,train
45,7375,737,train
45,7376,737,train
45,7377,737,train
45,7378,737,train
45,7379,737,train
45,7380,738,train
45,7381,738,train
45,7382,738,train
45,7383,738,train
45,7384,738,train
45,7385,738,train
45,7386,738,train
45,7387,738,train
45,7388,738,train
45,7389,738,train
45,7400,740,train
45,7401,740,train
45,7402,740,train
45,7403,740,train
45,7404,740,train
45,7405,740,train
45,7406,740,train
45,7407,740,train
45,7408,740,train
45,7409,740,train
45,7410,741,train
45,7411,741,train
45,7412,741,train
45,7413,741,train
45,7414,741,train
45,7415,741,train
45,7416,741,train
45,7417,741,train
45,7418,741,train
45,7419,741,train
45,7420,742,train
45,7421,742,train
45,7422,742,train
45,7423,742,train
45,7424,742,train
45,7425,742,train
45,7426,742,train
45,7427,742,train
45,7428,742,train
45,7429,742,train
45,7430,743,train
45,7431,743,train
45,7432,743,train
45,7433,743,train
45,7434,743,train
45,7435,743,train
45,7436,743,train
45,7437,743,train
45,7438,743,train
45,7439,743,train
45,7440,744,train
45,7441,744,train
45,7442,744,train
45,7443,744,train
45,7444,744,train
45,7445,744,train
45,7446,744,train
45,7447,744,train
45,7448,744,train
45,7449,744,train
45,7450,745,train
45,7451,745,train
45,7452,745,train
45,7453,745,train
45,7454,745,train
45,7455,745,train
45,7456,745,train
45,7457,745,train
45,7458,745,train
45,7459,745,train
45,7460,746,train
45,7461,746,train
45,7462,746,train
45,7463,746,train
45,7464,746,train
45,7465,746,train
45,7466,746,train
45,7467,746,train
45,7468,746,train
45,7469,746,train
45,7470,747,train
45,7471,747,train
45,7472,747,train
45,7473,747,train
45,7474,747,train
45,7475,747,train
45,7476,747,train
45,7477,747,train
45,7478,747,train
45,7479,747,train
45,7480,748,train
45,7481,748,train
45,7482,748,train
45,7483,748,train
45,7484,748,train
45,7485,748,train
45,7486,748,train
45,7487,748,train
45,7488,748,train
45,7489,748,train
45,7500,750,train
45,7501,750,train
45,7502,750,train
45,7503,750,train
45,7504,750,train
45,7505,750,train
45,7506,750,train
45,7507,750,train
45,7508,750,train
45,7509,750,train
45,7510,751,train
45,7511,751,train
45,7512,751,train
45,7513,751,train
45,7514,751,train
45,7515,751,train
45,7516,751,train
45,7517,751,train
45,7518,751,train
45,7519,751,train
45,7530,753,train
45,7531,753,train
45,7532,753,train
45,7533,753,train
45,7534,753,train
45,7535,753,train
45,7536,753,train
45,7537,753,train
45,7538,753,train
45,7539,753,train
45,7550,755,train
45,7551,755,train
45,7552,755,train
45,7553,755,train
45,7554,755,train
45,7555,755,train
45,7556,755,train
45,7557,755,train
45,7558,755,train
45,7559,755,train
45,7590,759,train
45,7591,759,train
45,7592,759,train
45,7593,759,train
45,7594,759,train
45,7595,759,train
45,7596,759,train
45,7597,759,train
45,7598,759,train
45,7599,759,train
45,7600,760,train
45,7601,760,train
45,7602,760,train
45,7603,760,train
45,7604,760,train
45,7605,760,train
45,7606,760,train
45,7607,760,train
45,7608,760,train
45,7609,760,train
45,7610,761,train
45,7611,761,train
45,7612,761,train
45,7613,761,train
45,7614,761,train
45,7615,761,train
45,7616,761,train
45,7617,761,train
45,7618,761,train
45,7619,761,train
45,7620,762,train
45,7621,762,train
45,7622,762,train
45,7623,762,train
45,7624,762,train
45,7625,762,train
45,7626,762,train
45,7627,762,train
45,7628,762,train
45,7629,762,train
45,7630,763,train
45,7631,763,train
45,7632,763,train
45,7633,763,train
45,7634,763,train
45,7635,763,train
45,7636,763,train
45,7637,763,train
45,7638,763,train
45,7639,763,train
45,7640,764,train
45,7641,764,train
45,7642,764,train
45,7643,764,train
45,7644,764,train
45,7645,764,train
45,7646,764,train
45,7647,764,train
45,7648,764,train
45,7649,764,train
45,7650,765,train
45,7651,765,train
45,7652,765,train
45,7653,765,train
45,7654,765,train
45,7655,765,train
45,7656,765,train
45,7657,765,train
45,7658,765,train
45,7659,765,train
45,7670,767,train
45,7671,767,train
45,7672,767,train
45,7673,767,train
45,7674,767,train
45,7675,767,train
45,7676,767,train
45,7677,767,train
45,7678,767,train
45,7679,767,train
45,7680,768,train
45,7681,768,train
45,7682,768,train
45,7683,768,train
45,7684,768,train
45,7685,768,train
45,7686,768,train
45,7687,768,train
45,7688,768,train
45,7689,768,train
45,7690,769,train
45,7691,769,train
45,7692,769,train
45,7693,769,train
45,7694,769,train
45,7695,769,train
45,7696,769,train
45,7697,769,train
45,7698,769,train
45,7699,769,train
45,7700,770,train
45,7701,770,train
45,7702,770,train
45,7703,770,train
45,7704,770,train
45,7705,770,train
45,7706,770,train
45,7707,770,train
45,7708,770,train
45,7709,770,train
45,7710,771,train
45,7711,771,train
45,7712,771,train
45,7713,771,train
45,7714,771,train
45,7715,771,train
45,7716,771,train
45,7717,771,train
45,7718,771,train
45,7719,771,train
45,7760,776,train
45,7761,776,train
45,7762,776,train
45,7763,776,train
45,7764,776,train
45,7765,776,train
45,7766,776,train
45,7767,776,train
45,7768,776,train
45,7769,776,train
45,7780,778,train
45,7781,778,train
45,7782,778,train
45,7783,778,train
45,7784,778,train
45,7785,778,train
45,7786,778,train
45,7787,778,train
45,7788,778,train
45,7789,778,train
45,7810,781,train
45,7811,781,train
45,7812,781,train
45,7813,781,train
45,7814,781,train
45,7815,781,train
45,7816,781,train
45,7817,781,train
45,7818,781,train
45,7819,781,train
45,7820,782,train
45,7821,782,train
45,7822,782,train
45,7823,782,train
45,7824,782,train
45,7825,782,train
45,7826,782,train
45,7827,782,train
45,7828,782,train
45,7829,782,train
45,7830,783,train
45,7831,783,train
45,7832,783,train
45,7833,783,train
45,7834,783,train
45,7835,783,train
45,7836,783,train
45,7837,783,train
45,7838,783,train
45,7839,783,train
45,7840,784,train
45,7841,784,train
45,7842,784,train
45,7843,784,train
45,7844,784,train
45,7845,784,train
45,7846,784,train
45,7847,784,train
45,7848,784,train
45,7849,784,train
45,7850,785,train
45,7851,785,train
45,7852,785,train
45,7853,785,train
45,7854,785,train
45,7855,785,train
45,7856,785,train
45,7857,785,train
45,7858,785,train
45,7859,785,train
45,7940,794,train
45,7941,794,train
45,7942,794,train
45,7943,794,train
45,7944,794,train
45,7945,794,train
45,7946,794,train
45,7947,794,train
45,7948,794,train
45,7949,794,train
45,7950,795,train
45,7951,795,train
45,7952,795,train
45,7953,795,train
45,7954,795,train
45,7955,795,train
45,7956,795,train
45,7957,795,train
45,7958,795,train
45,7959,795,train
45,7960,796,train
45,7961,796,train
45,7962,796,train
45,7963,796,train
45,7964,796,train
45,7965,796,train
45,7966,796,train
45,7967,796,train
45,7968,796,train
45,7969,796,train
45,7980,798,train
45,7981,798,train
45,7982,798,train
45,7983,798,train
45,7984,798,train
45,7985,798,train
45,7986,798,train
45,7987,798,train
45,7988,798,train
45,7989,798,train
45,8000,800,train
45,8001,800,train
45,8002,800,train
45,8003,800,train
45,8004,800,train
45,8005,800,train
45,8006,800,train
45,8007,800,train
45,8008,800,train
45,8009,800,train
45,8020,802,train
45,8021,802,train
45,8022,802,train
45,8023,802,train
45,8024,802,train
45,8025,802,train
45,8026,802,train
45,8027,802,train
45,8028,802,train
45,8029,802,train
45,8030,803,train
45,8031,803,train
45,8032,803,train
45,8033,803,train
45,8034,803,train
45,8035,803,train
45,8036,803,train
45,8037,803,train
45,8038,803,train
45,8039,803,train
45,8060,806,train
45,8061,806,train
45,8062,806,train
45,8063,806,train
45,8064,806,train
45,8065,806,train
45,8066,806,train
45,8067,806,train
45,8068,806,train
45,8069,806,train
45,8070,807,train
45,8071,807,train
45,8072,807,train
45,8073,807,train
45,8074,807,train
45,8075,807,train
45,8076,807,train
45,8077,807,train
45,8078,807,train
45,8079,807,train
45,8080,808,train
45,8081,808,train
45,8082,808,train
45,8083,808,train
45,8084,808,train
45,8085,808,train
45,8086,808,train
45,8087,808,train
45,8088,808,train
45,8089,808,train
45,8090,809,train
45,8091,809,train
45,8092,809,train
45,8093,809,train
45,8094,809,train
45,8095,809,train
45,8096,809,train
45,8097,809,train
45,8098,809,train
45,8099,809,train
45,8100,810,train
45,8101,810,train
45,8102,810,train
45,8103,810,train
45,8104,810,train
45,8105,810,train
45,8106,810,train
45,8107,810,train
45,8108,810,train
45,8109,810,train
45,8150,815,train
45,8151,815,train
45,8152,815,train
45,8153,815,train
45,8154,815,train
45,8155,815,train
45,8156,815,train
45,8157,815,train
45,8158,815,train
45,8159,815,train
45,8160,816,train
45,8161,816,train
45,8162,816,train
45,8163,816,train
45,8164,816,train
45,8165,816,train
45,8166,816,train
45,8167,816,train
45,8168,816,train
45,8169,816,train
45,8180,818,train
45,8181,818,train
45,8182,818,train
45,8183,818,train
45,8184,818,train
45,8185,818,train
45,8186,818,train
45,8187,818,train
45,8188,818,train
45,8189,818,train
45,8210,821,train
45,8211,821,train
45,8212,821,train
45,8213,821,train
45,8214,821,train
45,8215,821,train
45,8216,821,train
45,8217,821,train
45,8218,821,train
45,8219,821,train
45,8220,822,train
45,8221,822,train
45,8222,822,train
45,8223,822,train
45,8224,822,train
45,8225,822,train
45,8226,822,train
45,8227,822,train
45,8228,822,train
45,8229,822,train
45,8230,823,train
45,8231,823,train
45,8232,823,train
45,8233,823,train
45,8234,823,train
45,8235,823,train
45,8236,823,train
45,8237,823,train
45,8238,823,train
45,8239,823,train
45,8240,824,train
45,8241,824,train
45,8242,824,train
45,8243,824,train
45,8244,824,train
45,8245,824,train
45,8246,824,train
45,8247,824,train
45,8248,824,train
45,8249,824,train
45,8250,825,train
45,8251,825,train
45,8252,825,train
45,8253,825,train
45,8254,825,train
45,8255,825,train
45,8256,825,train
45,8257,825,train
45,8258,825,train
45,8259,825,train
45,8260,826,train
45,8261,826,train
45,8262,826,train
45,8263,826,train
45,8264,826,train
45,8265,826,train
45,8266,826,train
45,8267,826,train
45,8268,826,train
45,8269,826,train
45,8280,828,train
45,8281,828,train
45,8282,828,train
45,8283,828,train
45,8284,828,train
45,8285,828,train
45,8286,828,train
45,8287,828,train
45,8288,828,train
45,8289,828,train
45,8290,829,train
45,8291,829,train
45,8292,829,train
45,8293,829,train
45,8294,829,train
45,8295,829,train
45,8296,829,train
45,8297,829,train
45,8298,829,train
45,8299,829,train
45,8310,831,train
45,8311,831,train
45,8312,831,train
45,8313,831,train
45,8314,831,train
45,8315,831,train
45,8316,831,train
45,8317,831,train
45,8318,831,train
45,8319,831,train
45,8320,832,train
45,8321,832,train
45,8322,832,train
45,8323,832,train
45,8324,832,train
45,8325,832,train
45,8326,832,train
45,8327,832,train
45,8328,832,train
45,8329,832,train
45,8350,835,train
45,8351,835,train
45,8352,835,train
45,8353,835,train
45,8354,835,train
45,8355,835,train
45,8356,835,train
45,8357,835,train
45,8358,835,train
45,8359,835,train
45,8360,836,train
45,8361,836,train
45,8362,836,train
45,8363,836,train
45,8364,836,train
45,8365,836,train
45,8366,836,train
45,8367,836,train
45,8368,836,train
45,8369,836,train
45,8380,838,train
45,8381,838,train
45,8382,838,train
45,8383,838,train
45,8384,838,train
45,8385,838,train
45,8386,838,train
45,8387,838,train
45,8388,838,train
45,8389,838,train
45,8390,839,train
45,8391,839,train
45,8392,839,train
45,8393,839,train
45,8394,839,train
45,8395,839,train
45,8396,839,train
45,8397,839,train
45,8398,839,train
45,8399,839,train
45,8400,840,train
45,8401,840,train
45,8402,840,train
45,8403,840,train
45,8404,840,train
45,8405,840,train
45,8406,840,train
45,8407,840,train
45,8408,840,train
45,8409,840,train
45,8420,842,train
45,8421,842,train
45,8422,842,train
45,8423,842,train
45,8424,842,train
45,8425,842,train
45,8426,842,train
45,8427,842,train
45,8428,842,train
45,8429,842,train
45,8430,843,train
45,8431,843,train
45,8432,843,train
45,8433,843,train
45,8434,843,train
45,8435,843,train
45,8436,843,train
45,8437,843,train
45,8438,843,train
45,8439,843,train
45,8440,844,train
45,8441,844,train
45,8442,844,train
45,8443,844,train
45,8444,844,train
45,8445,844,train
45,8446,844,train
45,8447,844,train
45,8448,844,train
45,8449,844,train
45,8450,845,train
45,8451,845,train
45,8452,845,train
45,8453,845,train
45,8454,845,train
45,8455,845,train
45,8456,845,train
45,8457,845,train
45,8458,845,train
45,8459,845,train
45,8460,846,train
45,8461,846,train
45,8462,846,train
45,8463,846,train
45,8464,846,train
45,8465,846,train
45,8466,846,train
45,8467,846,train
45,8468,846,train
45,8469,846,train
45,8470,847,train
45,8471,847,train
45,8472,847,train
45,8473,847,train
45,8474,847,train
45,8475,847,train
45,8476,847,train
45,8477,847,train
45,8478,847,train
45,8479,847,train
45,8480,848,train
45,8481,848,train
45,8482,848,train
45,8483,848,train
45,8484,848,train
45,8485,848,train
45,8486,848,train
45,8487,848,train
45,8488,848,train
45,8489,848,train
45,8490,849,train
45,8491,849,train
45,8492,849,train
45,8493,849,train
45,8494,849,train
45,8495,849,train
45,8496,849,train
45,8497,849,train
45,8498,849,train
45,8499,849,train
45,8500,850,train
45,8501,850,train
45,8502,850,train
45,8503,850,train
45,8504,850,train
45,8505,850,train
45,8506,850,train
45,8507,850,train
45,8508,850,train
45,8509,850,train
45,8510,851,train
45,8511,851,train
45,8512,851,train
45,8513,851,train
45,8514,851,train
45,8515,851,train
45,8516,851,train
45,8517,851,train
45,8518,851,train
45,8519,851,train
45,8520,852,train
45,8521,852,train
45,8522,852,train
45,8523,852,train
45,8524,852,train
45,8525,852,train
45,8526,852,train
45,8527,852,train
45,8528,852,train
45,8529,852,train
45,8550,855,train
45,8551,855,train
45,8552,855,train
45,8553,855,train
45,8554,855,train
45,8555,855,train
45,8556,855,train
45,8557,855,train
45,8558,855,train
45,8559,855,train
45,8560,856,train
45,8561,856,train
45,8562,856,train
45,8563,856,train
45,8564,856,train
45,8565,856,train
45,8566,856,train
45,8567,856,train
45,8568,856,train
45,8569,856,train
45,8570,857,train
45,8571,857,train
45,8572,857,train
45,8573,857,train
45,8574,857,train
45,8575,857,train
45,8576,857,train
45,8577,857,train
45,8578,857,train
45,8579,857,train
45,8600,860,train
45,8601,860,train
45,8602,860,train
45,8603,860,train
45,8604,860,train
45,8605,860,train
45,8606,860,train
45,8607,860,train
45,8608,860,train
45,8609,860,train
45,8610,861,train
45,8611,861,train
45,8612,861,train
45,8613,861,train
45,8614,861,train
45,8615,861,train
45,8616,861,train
45,8617,861,train
45,8618,861,train
45,8619,861,train
45,8620,862,train
45,8621,862,train
45,8622,862,train
45,8623,862,train
45,8624,862,train
45,8625,862,train
45,8626,862,train
45,8627,862,train
45,8628,862,train
45,8629,862,train
45,8630,863,train
45,8631,863,train
45,8632,863,train
45,8633,863,train
45,8634,863,train
45,8635,863,train
45,8636,863,train
45,8637,863,train
45,8638,863,train
45,8639,863,train
45,8660,866,train
45,8661,866,train
45,8662,866,train
45,8663,866,train
45,8664,866,train
45,8665,866,train
45,8666,866,train
45,8667,866,train
45,8668,866,train
45,8669,866,train
45,8680,868,train
45,8681,868,train
45,8682,868,train
45,8683,868,train
45,8684,868,train
45,8685,868,train
45,8686,868,train
45,8687,868,train
45,8688,868,train
45,8689,868,train
45,8690,869,train
45,8691,869,train
45,8692,869,train
45,8693,869,train
45,8694,869,train
45,8695,869,train
45,8696,869,train
45,8697,869,train
45,8698,869,train
45,8699,869,train
45,8710,871,train
45,8711,871,train
45,8712,871,train
45,8713,871,train
45,8714,871,train
45,8715,871,train
45,8716,871,train
45,8717,871,train
45,8718,871,train
45,8719,871,train
45,8720,872,train
45,8721,872,train
45,8722,872,train
45,8723,872,train
45,8724,872,train
45,8725,872,train
45,8726,872,train
45,8727,872,train
45,8728,872,train
45,8729,872,train
45,8730,873,train
45,8731,873,train
45,8732,873,train
45,8733,873,train
45,8734,873,train
45,8735,873,train
45,8736,873,train
45,8737,873,train
45,8738,873,train
45,8739,873,train
45,8750,875,train
45,8751,875,train
45,8752,875,train
45,8753,875,train
45,8754,875,train
45,8755,875,train
45,8756,875,train
45,8757,875,train
45,8758,875,train
45,8759,875,train
45,8770,877,train
45,8771,877,train
45,8772,877,train
45,8773,877,train
45,8774,877,train
45,8775,877,train
45,8776,877,train
45,8777,877,train
45,8778,877,train
45,8779,877,train
45,8780,878,train
45,8781,878,train
45,8782,878,train
45,8783,878,train
45,8784,878,train
45,8785,878,train
45,8786,878,train
45,8787,878,train
45,8788,878,train
45,8789,878,train
45,8790,879,train
45,8791,879,train
45,8792,879,train
45,8793,879,train
45,8794,879,train
45,8795,879,train
45,8796,879,train
45,8797,879,train
45,8798,879,train
45,8799,879,train
45,8810,881,train
45,8811,881,train
45,8812,881,train
45,8813,881,train
45,8814,881,train
45,8815,881,train
45,8816,881,train
45,8817,881,train
45,8818,881,train
45,8819,881,train
45,8820,882,train
45,8821,882,train
45,8822,882,train
45,8823,882,train
45,8824,882,train
45,8825,882,train
45,8826,882,train
45,8827,882,train
45,8828,882,train
45,8829,882,train
45,8830,883,train
45,8831,883,train
45,8832,883,train
45,8833,883,train
45,8834,883,train
45,8835,883,train
45,8836,883,train
45,8837,883,train
45,8838,883,train
45,8839,883,train
45,8850,885,train
45,8851,885,train
45,8852,885,train
45,8853,885,train
45,8854,885,train
45,8855,885,train
45,8856,885,train
45,8857,885,train
45,8858,885,train
45,8859,885,train
45,8860,886,train
45,8861,886,train
45,8862,886,train
45,8863,886,train
45,8864,886,train
45,8865,886,train
45,8866,886,train
45,8867,886,train
45,8868,886,train
45,8869,886,train
45,8880,888,train
45,8881,888,train
45,8882,888,train
45,8883,888,train
45,8884,888,train
45,8885,888,train
45,8886,888,train
45,8887,888,train
45,8888,888,train
45,8889,888,train
45,8890,889,train
45,8891,889,train
45,8892,889,train
45,8893,889,train
45,8894,889,train
45,8895,889,train
45,8896,889,train
45,8897,889,train
45,8898,889,train
45,8899,889,train
45,8910,891,train
45,8911,891,train
45,8912,891,train
45,8913,891,train
45,8914,891,train
45,8915,891,train
45,8916,891,train
45,8917,891,train
45,8918,891,train
45,8919,891,train
45,8920,892,train
45,8921,892,train
45,8922,892,train
45,8923,892,train
45,8924,892,train
45,8925,892,train
45,8926,892,train
45,8927,892,train
45,8928,892,train
45,8929,892,train
45,8930,893,train
45,8931,893,train
45,8932,893,train
45,8933,893,train
45,8934,893,train
45,8935,893,train
45,8936,893,train
45,8937,893,train
45,8938,893,train
45,8939,893,train
45,8940,894,train
45,8941,894,train
45,8942,894,train
45,8943,894,train
45,8944,894,train
45,8945,894,train
45,8946,894,train
45,8947,894,train
45,8948,894,train
45,8949,894,train
45,8950,895,train
45,8951,895,train
45,8952,895,train
45,8953,895,train
45,8954,895,train
45,8955,895,train
45,8956,895,train
45,8957,895,train
45,8958,895,train
45,8959,895,train
45,8960,896,train
45,8961,896,train
45,8962,896,train
45,8963,896,train
45,8964,896,train
45,8965,896,train
45,8966,896,train
45,8967,896,train
45,8968,896,train
45,8969,896,train
45,8970,897,train
45,8971,897,train
45,8972,897,train
45,8973,897,train
45,8974,897,train
45,8975,897,train
45,8976,897,train
45,8977,897,train
45,8978,897,train
45,8979,897,train
45,8980,898,train
45,8981,898,train
45,8982,898,train
45,8983,898,train
45,8984,898,train
45,8985,898,train
45,8986,898,train
45,8987,898,train
45,8988,898,train
45,8989,898,train
45,9000,900,train
45,9001,900,train
45,9002,900,train
45,9003,900,train
45,9004,900,train
45,9005,900,train
45,9006,900,train
45,9007,900,train
45,9008,900,train
45,9009,900,train
45,9010,901,train
45,9011,901,train
45,9012,901,train
45,9013,901,train
45,9014,901,train
45,9015,901,train
45,9016,901,train
45,9017,901,train
45,9018,901,train
45,9019,901,train
45,9030,903,train
45,9031,903,train
45,9032,903,train
45,9033,903,train
45,9034,903,train
45,9035,903,train
45,9036,903,train
45,9037,903,train
45,9038,903,train
45,9039,903,train
45,9040,904,train
45,9041,904,train
45,9042,904,train
45,9043,904,train
45,9044,904,train
45,9045,904,train
45,9046,904,train
45,9047,904,train
45,9048,904,train
45,9049,904,train
45,9050,905,train
45,9051,905,train
45,9052,905,train
45,9053,905,train
45,9054,905,train
45,9055,905,train
45,9056,905,train
45,9057,905,train
45,9058,905,train
45,9059,905,train
45,9070,907,train
45,9071,907,train
45,9072,907,train
45,9073,907,train
45,9074,907,train
45,9075,907,train
45,9076,907,train
45,9077,907,train
45,9078,907,train
45,9079,907,train
45,9080,908,train
45,9081,908,train
45,9082,908,train
45,9083,908,train
45,9084,908,train
45,9085,908,train
45,9086,908,train
45,9087,908,train
45,9088,908,train
45,9089,908,train
45,9090,909,train
45,9091,909,train
45,9092,909,train
45,9093,909,train
45,9094,909,train
45,9095,909,train
45,9096,909,train
45,9097,909,train
45,9098,909,train
45,9099,909,train
45,9100,910,train
45,9101,910,train
45,9102,910,train
45,9103,910,train
45,9104,910,train
45,9105,910,train
45,9106,910,train
45,9107,910,train
45,9108,910,train
45,9109,910,train
45,9130,913,train
45,9131,913,train
45,9132,913,train
45,9133,913,train
45,9134,913,train
45,9135,913,train
45,9136,913,train
45,9137,913,train
45,9138,913,train
45,9139,913,train
45,9150,915,train
45,9151,915,train
45,9152,915,train
45,9153,915,train
45,9154,915,train
45,9155,915,train
45,9156,915,train
45,9157,915,train
45,9158,915,train
45,9159,915,train
45,9160,916,train
45,9161,916,train
45,9162,916,train
45,9163,916,train
45,9164,916,train
45,9165,916,train
45,9166,916,train
45,9167,916,train
45,9168,916,train
45,9169,916,train
45,9170,917,train
45,9171,917,train
45,9172,917,train
45,9173,917,train
45,9174,917,train
45,9175,917,train
45,9176,917,train
45,9177,917,train
45,9178,917,train
45,9179,917,train
45,9190,919,train
45,9191,919,train
45,9192,919,train
45,9193,919,train
45,9194,919,train
45,9195,919,train
45,9196,919,train
45,9197,919,train
45,9198,919,train
45,9199,919,train
45,9210,921,train
45,9211,921,train
45,9212,921,train
45,9213,921,train
45,9214,921,train
45,9215,921,train
45,9216,921,train
45,9217,921,train
45,9218,921,train
45,9219,921,train
45,9230,923,train
45,9231,923,train
45,9232,923,train
45,9233,923,train
45,9234,923,train
45,9235,923,train
45,9236,923,train
45,9237,923,train
45,9238,923,train
45,9239,923,train
45,9240,924,train
45,9241,924,train
45,9242,924,train
45,9243,924,train
45,9244,924,train
45,9245,924,train
45,9246,924,train
45,9247,924,train
45,9248,924,train
45,9249,924,train
45,9250,925,train
45,9251,925,train
45,9252,925,train
45,9253,925,train
45,9254,925,train
45,9255,925,train
45,9256,925,train
45,9257,925,train
45,9258,925,train
45,9259,925,train
45,9260,926,train
45,9261,926,train
45,9262,926,train
45,9263,926,train
45,9264,926,train
45,9265,926,train
45,9266,926,train
45,9267,926,train
45,9268,926,train
45,9269,926,train
45,9290,929,train
45,9291,929,train
45,9292,929,train
45,9293,929,train
45,9294,929,train
45,9295,929,train
45,9296,929,train
45,9297,929,train
45,9298,929,train
45,9299,929,train
45,9300,930,train
45,9301,930,train
45,9302,930,train
45,9303,930,train
45,9304,930,train
45,9305,930,train
45,9306,930,train
45,9307,930,train
45,9308,930,train
45,9309,930,train
45,9310,931,train
45,9311,931,train
45,9312,931,train
45,9313,931,train
45,9314,931,train
45,9315,931,train
45,9316,931,train
45,9317,931,train
45,9318,931,train
45,9319,931,train
45,9320,932,train
45,9321,932,train
45,9322,932,train
45,9323,932,train
45,9324,932,train
45,9325,932,train
45,9326,932,train
45,9327,932,train
45,9328,932,train
45,9329,932,train
45,9330,933,train
45,9331,933,train
45,9332,933,train
45,9333,933,train
45,9334,933,train
45,9335,933,train
45,9336,933,train
45,9337,933,train
45,9338,933,train
45,9339,933,train
45,9360,936,train
45,9361,936,train
45,9362,936,train
45,9363,936,train
45,9364,936,train
45,9365,936,train
45,9366,936,train
45,9367,936,train
45,9368,936,train
45,9369,936,train
45,9400,940,train
45,9401,940,train
45,9402,940,train
45,9403,940,train
45,9404,940,train
45,9405,940,train
45,9406,940,train
45,9407,940,train
45,9408,940,train
45,9409,940,train
45,9410,941,train
45,9411,941,train
45,9412,941,train
45,9413,941,train
45,9414,941,train
45,9415,941,train
45,9416,941,train
45,9417,941,train
45,9418,941,train
45,9419,941,train
45,9420,942,train
45,9421,942,train
45,9422,942,train
45,9423,942,train
45,9424,942,train
45,9425,942,train
45,9426,942,train
45,9427,942,train
45,9428,942,train
45,9429,942,train
45,9450,945,train
45,9451,945,train
45,9452,945,train
45,9453,945,train
45,9454,945,train
45,9455,945,train
45,9456,945,train
45,9457,945,train
45,9458,945,train
45,9459,945,train
45,9460,946,train
45,9461,946,train
45,9462,946,train
45,9463,946,train
45,9464,946,train
45,9465,946,train
45,9466,946,train
45,9467,946,train
45,9468,946,train
45,9469,946,train
45,9510,951,train
45,9511,951,train
45,9512,951,train
45,9513,951,train
45,9514,951,train
45,9515,951,train
45,9516,951,train
45,9517,951,train
45,9518,951,train
45,9519,951,train
45,9530,953,train
45,9531,953,train
45,9532,953,train
45,9533,953,train
45,9534,953,train
45,9535,953,train
45,9536,953,train
45,9537,953,train
45,9538,953,train
45,9539,953,train
45,9540,954,train
45,9541,954,train
45,9542,954,train
45,9543,954,train
45,9544,954,train
45,9545,954,train
45,9546,954,train
45,9547,954,train
45,9548,954,train
45,9549,954,train
45,9550,955,train
45,9551,955,train
45,9552,955,train
45,9553,955,train
45,9554,955,train
45,9555,955,train
45,9556,955,train
45,9557,955,train
45,9558,955,train
45,9559,955,train
45,9560,956,train
45,9561,956,train
45,9562,956,train
45,9563,956,train
45,9564,956,train
45,9565,956,train
45,9566,956,train
45,9567,956,train
45,9568,956,train
45,9569,956,train
45,9570,957,train
45,9571,957,train
45,9572,957,train
45,9573,957,train
45,9574,957,train
45,9575,957,train
45,9576,957,train
45,9577,957,train
45,9578,957,train
45,9579,957,train
45,9580,958,train
45,9581,958,train
45,9582,958,train
45,9583,958,train
45,9584,958,train
45,9585,958,train
45,9586,958,train
45,9587,958,train
45,9588,958,train
45,9589,958,train
45,9590,959,train
45,9591,959,train
45,9592,959,train
45,9593,959,train
45,9594,959,train
45,9595,959,train
45,9596,959,train
45,9597,959,train
45,9598,959,train
45,9599,959,train
45,9600,960,train
45,9601,960,train
45,9602,960,train
45,9603,960,train
45,9604,960,train
45,9605,960,train
45,9606,960,train
45,9607,960,train
45,9608,960,train
45,9609,960,train
45,9620,962,train
45,9621,962,train
45,9622,962,train
45,9623,962,train
45,9624,962,train
45,9625,962,train
45,9626,962,train
45,9627,962,train
45,9628,962,train
45,9629,962,train
45,9640,964,train
45,9641,964,train
45,9642,964,train
45,9643,964,train
45,9644,964,train
45,9645,964,train
45,9646,964,train
45,9647,964,train
45,9648,964,train
45,9649,964,train
45,9650,965,train
45,9651,965,train
45,9652,965,train
45,9653,965,train
45,9654,965,train
45,9655,965,train
45,9656,965,train
45,9657,965,train
45,9658,965,train
45,9659,965,train
45,9670,967,train
45,9671,967,train
45,9672,967,train
45,9673,967,train
45,9674,967,train
45,9675,967,train
45,9676,967,train
45,9677,967,train
45,9678,967,train
45,9679,967,train
45,9680,968,train
45,9681,968,train
45,9682,968,train
45,9683,968,train
45,9684,968,train
45,9685,968,train
45,9686,968,train
45,9687,968,train
45,9688,968,train
45,9689,968,train
45,9690,969,train
45,9691,969,train
45,9692,969,train
45,9693,969,train
45,9694,969,train
45,9695,969,train
45,9696,969,train
45,9697,969,train
45,9698,969,train
45,9699,969,train
45,9740,974,train
45,9741,974,train
45,9742,974,train
45,9743,974,train
45,9744,974,train
45,9745,974,train
45,9746,974,train
45,9747,974,train
45,9748,974,train
45,9749,974,train
45,9760,976,train
45,9761,976,train
45,9762,976,train
45,9763,976,train
45,9764,976,train
45,9765,976,train
45,9766,976,train
45,9767,976,train
45,9768,976,train
45,9769,976,train
45,9770,977,train
45,9771,977,train
45,9772,977,train
45,9773,977,train
45,9774,977,train
45,9775,977,train
45,9776,977,train
45,9777,977,train
45,9778,977,train
45,9779,977,train
45,9790,979,train
45,9791,979,train
45,9792,979,train
45,9793,979,train
45,9794,979,train
45,9795,979,train
45,9796,979,train
45,9797,979,train
45,9798,979,train
45,9799,979,train
45,9800,980,train
45,9801,980,train
45,9802,980,train
45,9803,980,train
45,9804,980,train
45,9805,980,train
45,9806,980,train
45,9807,980,train
45,9808,980,train
45,9809,980,train
45,9810,981,train
45,9811,981,train
45,9812,981,train
45,9813,981,train
45,9814,981,train
45,9815,981,train
45,9816,981,train
45,9817,981,train
45,9818,981,train
45,9819,981,train
45,9830,983,train
45,9831,983,train
45,9832,983,train
45,9833,983,train
45,9834,983,train
45,9835,983,train
45,9836,983,train
45,9837,983,train
45,9838,983,train
45,9839,983,train
45,9840,984,train
45,9841,984,train
45,9842,984,train
45,9843,984,train
45,9844,984,train
45,9845,984,train
45,9846,984,train
45,9847,984,train
45,9848,984,train
45,9849,984,train
45,9850,985,train
45,9851,985,train
45,9852,985,train
45,9853,985,train
45,9854,985,train
45,9855,985,train
45,9856,985,train
45,9857,985,train
45,9858,985,train
45,9859,985,train
45,9860,986,train
45,9861,986,train
45,9862,986,train
45,9863,986,train
45,9864,986,train
45,9865,986,train
45,9866,986,train
45,9867,986,train
45,9868,986,train
45,9869,986,train
45,9880,988,train
45,9881,988,train
45,9882,988,train
45,9883,988,train
45,9884,988,train
45,9885,988,train
45,9886,988,train
45,9887,988,train
45,9888,988,train
45,9889,988,train
45,9890,989,train
45,9891,989,train
45,9892,989,train
45,9893,989,train
45,9894,989,train
45,9895,989,train
45,9896,989,train
45,9897,989,train
45,9898,989,train
45,9899,989,train
45,9900,990,train
45,9901,990,train
45,9902,990,train
45,9903,990,train
45,9904,990,train
45,9905,990,train
45,9906,990,train
45,9907,990,train
45,9908,990,train
45,9909,990,train
45,9910,991,train
45,9911,991,train
45,9912,991,train
45,9913,991,train
45,9914,991,train
45,9915,991,train
45,9916,991,train
45,9917,991,train
45,9918,991,train
45,9919,991,train
45,9930,993,train
45,9931,993,train
45,9932,993,train
45,9933,993,train
45,9934,993,train
45,9935,993,train
45,9936,993,train
45,9937,993,train
45,9938,993,train
45,9939,993,train
45,9940,994,train
45,9941,994,train
45,9942,994,train
45,9943,994,train
45,9944,994,train
45,9945,994,train
45,9946,994,train
45,9947,994,train
45,9948,994,train
45,9949,994,train
45,9970,997,train
45,9971,997,train
45,9972,997,train
45,9973,997,train
45,9974,997,train
45,9975,997,train
45,9976,997,train
45,9977,997,train
45,9978,997,train
45,9979,997,train
45,9980,998,train
45,9981,998,train
45,9982,998,train
45,9983,998,train
45,9984,998,train
45,9985,998,train
45,9986,998,train
45,9987,998,train
45,9988,998,train
45,9989,998,train
45,10,1,calibration
45,11,1,calibration
45,12,1,calibration
45,13,1,calibration
45,14,1,calibration
45,15,1,calibration
45,16,1,calibration
45,17,1,calibration
45,18,1,calibration
45,19,1,calibration
45,20,2,calibration
45,21,2,calibration
45,22,2,calibration
45,23,2,calibration
45,24,2,calibration
45,25,2,calibration
45,26,2,calibration
45,27,2,calibration
45,28,2,calibration
45,29,2,calibration
45,60,6,calibration
45,61,6,calibration
45,62,6,calibration
45,63,6,calibration
45,64,6,calibration
45,65,6,calibration
45,66,6,calibration
45,67,6,calibration
45,68,6,calibration
45,69,6,calibration
45,120,12,calibration
45,121,12,calibration
45,122,12,calibration
45,123,12,calibration
45,124,12,calibration
45,125,12,calibration
45,126,12,calibration
45,127,12,calibration
45,128,12,calibration
45,129,12,calibration
45,130,13,calibration
45,131,13,calibration
45,132,13,calibration
45,133,13,calibration
45,134,13,calibration
45,135,13,calibration
45,136,13,calibration
45,137,13,calibration
45,138,13,calibration
45,139,13,calibration
45,210,21,calibration
45,211,21,calibration
45,212,21,calibration
45,213,21,calibration
45,214,21,calibration
45,215,21,calibration
45,216,21,calibration
45,217,21,calibration
45,218,21,calibration
45,219,21,calibration
45,240,24,calibration
45,241,24,calibration
45,242,24,calibration
45,243,24,calibration
45,244,24,calibration
45,245,24,calibration
45,246,24,calibration
45,247,24,calibration
45,248,24,calibration
45,249,24,calibration
45,250,25,calibration
45,251,25,calibration
45,252,25,calibration
45,253,25,calibration
45,254,25,calibration
45,255,25,calibration
45,256,25,calibration
45,257,25,calibration
45,258,25,calibration
45,259,25,calibration
45,290,29,calibration
45,291,29,calibration
45,292,29,calibration
45,293,29,calibration
45,294,29,calibration
45,295,29,calibration
45,296,29,calibration
45,297,29,calibration
45,298,29,calibration
45,299,29,calibration
45,350,35,calibration
45,351,35,calibration
45,352,35,calibration
45,353,35,calibration
45,354,35,calibration
45,355,35,calibration
45,356,35,calibration
45,357,35,calibration
45,358,35,calibration
45,359,35,calibration
45,460,46,calibration
45,461,46,calibration
45,462,46,calibration
45,463,46,calibration
45,464,46,calibration
45,465,46,calibration
45,466,46,calibration
45,467,46,calibration
45,468,46,calibration
45,469,46,calibration
45,570,57,calibration
45,571,57,calibration
45,572,57,calibration
45,573,57,calibration
45,574,57,calibration
45,575,57,calibration
45,576,57,calibration
45,577,57,calibration
45,578,57,calibration
45,579,57,calibration
45,590,59,calibration
45,591,59,calibration
45,592,59,calibration
45,593,59,calibration
45,594,59,calibration
45,595,59,calibration
45,596,59,calibration
45,597,59,calibration
45,598,59,calibration
45,599,59,calibration
45,620,62,calibration
45,621,62,calibration
45,622,62,calibration
45,623,62,calibration
45,624,62,calibration
45,625,62,calibration
45,626,62,calibration
45,627,62,calibration
45,628,62,calibration
45,629,62,calibration
45,660,66,calibration
45,661,66,calibration
45,662,66,calibration
45,663,66,calibration
45,664,66,calibration
45,665,66,calibration
45,666,66,calibration
45,667,66,calibration
45,668,66,calibration
45,669,66,calibration
45,710,71,calibration
45,711,71,calibration
45,712,71,calibration
45,713,71,calibration
45,714,71,calibration
45,715,71,calibration
45,716,71,calibration
45,717,71,calibration
45,718,71,calibration
45,719,71,calibration
45,750,75,calibration
45,751,75,calibration
45,752,75,calibration
45,753,75,calibration
45,754,75,calibration
45,755,75,calibration
45,756,75,calibration
45,757,75,calibration
45,758,75,calibration
45,759,75,calibration
45,800,80,calibration
45,801,80,calibration
45,802,80,calibration
45,803,80,calibration
45,804,80,calibration
45,805,80,calibration
45,806,80,calibration
45,807,80,calibration
45,808,80,calibration
45,809,80,calibration
45,840,84,calibration
45,841,84,calibration
45,842,84,calibration
45,843,84,calibration
45,844,84,calibration
45,845,84,calibration
45,846,84,calibration
45,847,84,calibration
45,848,84,calibration
45,849,84,calibration
45,860,86,calibration
45,861,86,calibration
45,862,86,calibration
45,863,86,calibration
45,864,86,calibration
45,865,86,calibration
45,866,86,calibration
45,867,86,calibration
45,868,86,calibration
45,869,86,calibration
45,870,87,calibration
45,871,87,calibration
45,872,87,calibration
45,873,87,calibration
45,874,87,calibration
45,875,87,calibration
45,876,87,calibration
45,877,87,calibration
45,878,87,calibration
45,879,87,calibration
45,910,91,calibration
45,911,91,calibration
45,912,91,calibration
45,913,91,calibration
45,914,91,calibration
45,915,91,calibration
45,916,91,calibration
45,917,91,calibration
45,918,91,calibration
45,919,91,calibration
45,940,94,calibration
45,941,94,calibration
45,942,94,calibration
45,943,94,calibration
45,944,94,calibration
45,945,94,calibration
45,946,94,calibration
45,947,94,calibration
45,948,94,calibration
45,949,94,calibration
45,980,98,calibration
45,981,98,calibration
45,982,98,calibration
45,983,98,calibration
45,984,98,calibration
45,985,98,calibration
45,986,98,calibration
45,987,98,calibration
45,988,98,calibration
45,989,98,calibration
45,1050,105,calibration
45,1051,105,calibration
45,1052,105,calibration
45,1053,105,calibration
45,1054,105,calibration
45,1055,105,calibration
45,1056,105,calibration
45,1057,105,calibration
45,1058,105,calibration
45,1059,105,calibration
45,1060,106,calibration
45,1061,106,calibration
45,1062,106,calibration
45,1063,106,calibration
45,1064,106,calibration
45,1065,106,calibration
45,1066,106,calibration
45,1067,106,calibration
45,1068,106,calibration
45,1069,106,calibration
45,1070,107,calibration
45,1071,107,calibration
45,1072,107,calibration
45,1073,107,calibration
45,1074,107,calibration
45,1075,107,calibration
45,1076,107,calibration
45,1077,107,calibration
45,1078,107,calibration
45,1079,107,calibration
45,1180,118,calibration
45,1181,118,calibration
45,1182,118,calibration
45,1183,118,calibration
45,1184,118,calibration
45,1185,118,calibration
45,1186,118,calibration
45,1187,118,calibration
45,1188,118,calibration
45,1189,118,calibration
45,1300,130,calibration
45,1301,130,calibration
45,1302,130,calibration
45,1303,130,calibration
45,1304,130,calibration
45,1305,130,calibration
45,1306,130,calibration
45,1307,130,calibration
45,1308,130,calibration
45,1309,130,calibration
45,1370,137,calibration
45,1371,137,calibration
45,1372,137,calibration
45,1373,137,calibration
45,1374,137,calibration
45,1375,137,calibration
45,1376,137,calibration
45,1377,137,calibration
45,1378,137,calibration
45,1379,137,calibration
45,1380,138,calibration
45,1381,138,calibration
45,1382,138,calibration
45,1383,138,calibration
45,1384,138,calibration
45,1385,138,calibration
45,1386,138,calibration
45,1387,138,calibration
45,1388,138,calibration
45,1389,138,calibration
45,1400,140,calibration
45,1401,140,calibration
45,1402,140,calibration
45,1403,140,calibration
45,1404,140,calibration
45,1405,140,calibration
45,1406,140,calibration
45,1407,140,calibration
45,1408,140,calibration
45,1409,140,calibration
45,1430,143,calibration
45,1431,143,calibration
45,1432,143,calibration
45,1433,143,calibration
45,1434,143,calibration
45,1435,143,calibration
45,1436,143,calibration
45,1437,143,calibration
45,1438,143,calibration
45,1439,143,calibration
45,1440,144,calibration
45,1441,144,calibration
45,1442,144,calibration
45,1443,144,calibration
45,1444,144,calibration
45,1445,144,calibration
45,1446,144,calibration
45,1447,144,calibration
45,1448,144,calibration
45,1449,144,calibration
45,1520,152,calibration
45,1521,152,calibration
45,1522,152,calibration
45,1523,152,calibration
45,1524,152,calibration
45,1525,152,calibration
45,1526,152,calibration
45,1527,152,calibration
45,1528,152,calibration
45,1529,152,calibration
45,1630,163,calibration
45,1631,163,calibration
45,1632,163,calibration
45,1633,163,calibration
45,1634,163,calibration
45,1635,163,calibration
45,1636,163,calibration
45,1637,163,calibration
45,1638,163,calibration
45,1639,163,calibration
45,1650,165,calibration
45,1651,165,calibration
45,1652,165,calibration
45,1653,165,calibration
45,1654,165,calibration
45,1655,165,calibration
45,1656,165,calibration
45,1657,165,calibration
45,1658,165,calibration
45,1659,165,calibration
45,1700,170,calibration
45,1701,170,calibration
45,1702,170,calibration
45,1703,170,calibration
45,1704,170,calibration
45,1705,170,calibration
45,1706,170,calibration
45,1707,170,calibration
45,1708,170,calibration
45,1709,170,calibration
45,1820,182,calibration
45,1821,182,calibration
45,1822,182,calibration
45,1823,182,calibration
45,1824,182,calibration
45,1825,182,calibration
45,1826,182,calibration
45,1827,182,calibration
45,1828,182,calibration
45,1829,182,calibration
45,1880,188,calibration
45,1881,188,calibration
45,1882,188,calibration
45,1883,188,calibration
45,1884,188,calibration
45,1885,188,calibration
45,1886,188,calibration
45,1887,188,calibration
45,1888,188,calibration
45,1889,188,calibration
45,1910,191,calibration
45,1911,191,calibration
45,1912,191,calibration
45,1913,191,calibration
45,1914,191,calibration
45,1915,191,calibration
45,1916,191,calibration
45,1917,191,calibration
45,1918,191,calibration
45,1919,191,calibration
45,1990,199,calibration
45,1991,199,calibration
45,1992,199,calibration
45,1993,199,calibration
45,1994,199,calibration
45,1995,199,calibration
45,1996,199,calibration
45,1997,199,calibration
45,1998,199,calibration
45,1999,199,calibration
45,2020,202,calibration
45,2021,202,calibration
45,2022,202,calibration
45,2023,202,calibration
45,2024,202,calibration
45,2025,202,calibration
45,2026,202,calibration
45,2027,202,calibration
45,2028,202,calibration
45,2029,202,calibration
45,2100,210,calibration
45,2101,210,calibration
45,2102,210,calibration
45,2103,210,calibration
45,2104,210,calibration
45,2105,210,calibration
45,2106,210,calibration
45,2107,210,calibration
45,2108,210,calibration
45,2109,210,calibration
45,2150,215,calibration
45,2151,215,calibration
45,2152,215,calibration
45,2153,215,calibration
45,2154,215,calibration
45,2155,215,calibration
45,2156,215,calibration
45,2157,215,calibration
45,2158,215,calibration
45,2159,215,calibration
45,2160,216,calibration
45,2161,216,calibration
45,2162,216,calibration
45,2163,216,calibration
45,2164,216,calibration
45,2165,216,calibration
45,2166,216,calibration
45,2167,216,calibration
45,2168,216,calibration
45,2169,216,calibration
45,2170,217,calibration
45,2171,217,calibration
45,2172,217,calibration
45,2173,217,calibration
45,2174,217,calibration
45,2175,217,calibration
45,2176,217,calibration
45,2177,217,calibration
45,2178,217,calibration
45,2179,217,calibration
45,2190,219,calibration
45,2191,219,calibration
45,2192,219,calibration
45,2193,219,calibration
45,2194,219,calibration
45,2195,219,calibration
45,2196,219,calibration
45,2197,219,calibration
45,2198,219,calibration
45,2199,219,calibration
45,2230,223,calibration
45,2231,223,calibration
45,2232,223,calibration
45,2233,223,calibration
45,2234,223,calibration
45,2235,223,calibration
45,2236,223,calibration
45,2237,223,calibration
45,2238,223,calibration
45,2239,223,calibration
45,2270,227,calibration
45,2271,227,calibration
45,2272,227,calibration
45,2273,227,calibration
45,2274,227,calibration
45,2275,227,calibration
45,2276,227,calibration
45,2277,227,calibration
45,2278,227,calibration
45,2279,227,calibration
45,2300,230,calibration
45,2301,230,calibration
45,2302,230,calibration
45,2303,230,calibration
45,2304,230,calibration
45,2305,230,calibration
45,2306,230,calibration
45,2307,230,calibration
45,2308,230,calibration
45,2309,230,calibration
45,2380,238,calibration
45,2381,238,calibration
45,2382,238,calibration
45,2383,238,calibration
45,2384,238,calibration
45,2385,238,calibration
45,2386,238,calibration
45,2387,238,calibration
45,2388,238,calibration
45,2389,238,calibration
45,2400,240,calibration
45,2401,240,calibration
45,2402,240,calibration
45,2403,240,calibration
45,2404,240,calibration
45,2405,240,calibration
45,2406,240,calibration
45,2407,240,calibration
45,2408,240,calibration
45,2409,240,calibration
45,2460,246,calibration
45,2461,246,calibration
45,2462,246,calibration
45,2463,246,calibration
45,2464,246,calibration
45,2465,246,calibration
45,2466,246,calibration
45,2467,246,calibration
45,2468,246,calibration
45,2469,246,calibration
45,2530,253,calibration
45,2531,253,calibration
45,2532,253,calibration
45,2533,253,calibration
45,2534,253,calibration
45,2535,253,calibration
45,2536,253,calibration
45,2537,253,calibration
45,2538,253,calibration
45,2539,253,calibration
45,2590,259,calibration
45,2591,259,calibration
45,2592,259,calibration
45,2593,259,calibration
45,2594,259,calibration
45,2595,259,calibration
45,2596,259,calibration
45,2597,259,calibration
45,2598,259,calibration
45,2599,259,calibration
45,2650,265,calibration
45,2651,265,calibration
45,2652,265,calibration
45,2653,265,calibration
45,2654,265,calibration
45,2655,265,calibration
45,2656,265,calibration
45,2657,265,calibration
45,2658,265,calibration
45,2659,265,calibration
45,2670,267,calibration
45,2671,267,calibration
45,2672,267,calibration
45,2673,267,calibration
45,2674,267,calibration
45,2675,267,calibration
45,2676,267,calibration
45,2677,267,calibration
45,2678,267,calibration
45,2679,267,calibration
45,2690,269,calibration
45,2691,269,calibration
45,2692,269,calibration
45,2693,269,calibration
45,2694,269,calibration
45,2695,269,calibration
45,2696,269,calibration
45,2697,269,calibration
45,2698,269,calibration
45,2699,269,calibration
45,2710,271,calibration
45,2711,271,calibration
45,2712,271,calibration
45,2713,271,calibration
45,2714,271,calibration
45,2715,271,calibration
45,2716,271,calibration
45,2717,271,calibration
45,2718,271,calibration
45,2719,271,calibration
45,2750,275,calibration
45,2751,275,calibration
45,2752,275,calibration
45,2753,275,calibration
45,2754,275,calibration
45,2755,275,calibration
45,2756,275,calibration
45,2757,275,calibration
45,2758,275,calibration
45,2759,275,calibration
45,2790,279,calibration
45,2791,279,calibration
45,2792,279,calibration
45,2793,279,calibration
45,2794,279,calibration
45,2795,279,calibration
45,2796,279,calibration
45,2797,279,calibration
45,2798,279,calibration
45,2799,279,calibration
45,2840,284,calibration
45,2841,284,calibration
45,2842,284,calibration
45,2843,284,calibration
45,2844,284,calibration
45,2845,284,calibration
45,2846,284,calibration
45,2847,284,calibration
45,2848,284,calibration
45,2849,284,calibration
45,2850,285,calibration
45,2851,285,calibration
45,2852,285,calibration
45,2853,285,calibration
45,2854,285,calibration
45,2855,285,calibration
45,2856,285,calibration
45,2857,285,calibration
45,2858,285,calibration
45,2859,285,calibration
45,2880,288,calibration
45,2881,288,calibration
45,2882,288,calibration
45,2883,288,calibration
45,2884,288,calibration
45,2885,288,calibration
45,2886,288,calibration
45,2887,288,calibration
45,2888,288,calibration
45,2889,288,calibration
45,2890,289,calibration
45,2891,289,calibration
45,2892,289,calibration
45,2893,289,calibration
45,2894,289,calibration
45,2895,289,calibration
45,2896,289,calibration
45,2897,289,calibration
45,2898,289,calibration
45,2899,289,calibration
45,2970,297,calibration
45,2971,297,calibration
45,2972,297,calibration
45,2973,297,calibration
45,2974,297,calibration
45,2975,297,calibration
45,2976,297,calibration
45,2977,297,calibration
45,2978,297,calibration
45,2979,297,calibration
45,3000,300,calibration
45,3001,300,calibration
45,3002,300,calibration
45,3003,300,calibration
45,3004,300,calibration
45,3005,300,calibration
45,3006,300,calibration
45,3007,300,calibration
45,3008,300,calibration
45,3009,300,calibration
45,3010,301,calibration
45,3011,301,calibration
45,3012,301,calibration
45,3013,301,calibration
45,3014,301,calibration
45,3015,301,calibration
45,3016,301,calibration
45,3017,301,calibration
45,3018,301,calibration
45,3019,301,calibration
45,3090,309,calibration
45,3091,309,calibration
45,3092,309,calibration
45,3093,309,calibration
45,3094,309,calibration
45,3095,309,calibration
45,3096,309,calibration
45,3097,309,calibration
45,3098,309,calibration
45,3099,309,calibration
45,3150,315,calibration
45,3151,315,calibration
45,3152,315,calibration
45,3153,315,calibration
45,3154,315,calibration
45,3155,315,calibration
45,3156,315,calibration
45,3157,315,calibration
45,3158,315,calibration
45,3159,315,calibration
45,3170,317,calibration
45,3171,317,calibration
45,3172,317,calibration
45,3173,317,calibration
45,3174,317,calibration
45,3175,317,calibration
45,3176,317,calibration
45,3177,317,calibration
45,3178,317,calibration
45,3179,317,calibration
45,3190,319,calibration
45,3191,319,calibration
45,3192,319,calibration
45,3193,319,calibration
45,3194,319,calibration
45,3195,319,calibration
45,3196,319,calibration
45,3197,319,calibration
45,3198,319,calibration
45,3199,319,calibration
45,3210,321,calibration
45,3211,321,calibration
45,3212,321,calibration
45,3213,321,calibration
45,3214,321,calibration
45,3215,321,calibration
45,3216,321,calibration
45,3217,321,calibration
45,3218,321,calibration
45,3219,321,calibration
45,3220,322,calibration
45,3221,322,calibration
45,3222,322,calibration
45,3223,322,calibration
45,3224,322,calibration
45,3225,322,calibration
45,3226,322,calibration
45,3227,322,calibration
45,3228,322,calibration
45,3229,322,calibration
45,3240,324,calibration
45,3241,324,calibration
45,3242,324,calibration
45,3243,324,calibration
45,3244,324,calibration
45,3245,324,calibration
45,3246,324,calibration
45,3247,324,calibration
45,3248,324,calibration
45,3249,324,calibration
45,3340,334,calibration
45,3341,334,calibration
45,3342,334,calibration
45,3343,334,calibration
45,3344,334,calibration
45,3345,334,calibration
45,3346,334,calibration
45,3347,334,calibration
45,3348,334,calibration
45,3349,334,calibration
45,3360,336,calibration
45,3361,336,calibration
45,3362,336,calibration
45,3363,336,calibration
45,3364,336,calibration
45,3365,336,calibration
45,3366,336,calibration
45,3367,336,calibration
45,3368,336,calibration
45,3369,336,calibration
45,3380,338,calibration
45,3381,338,calibration
45,3382,338,calibration
45,3383,338,calibration
45,3384,338,calibration
45,3385,338,calibration
45,3386,338,calibration
45,3387,338,calibration
45,3388,338,calibration
45,3389,338,calibration
45,3410,341,calibration
45,3411,341,calibration
45,3412,341,calibration
45,3413,341,calibration
45,3414,341,calibration
45,3415,341,calibration
45,3416,341,calibration
45,3417,341,calibration
45,3418,341,calibration
45,3419,341,calibration
45,3560,356,calibration
45,3561,356,calibration
45,3562,356,calibration
45,3563,356,calibration
45,3564,356,calibration
45,3565,356,calibration
45,3566,356,calibration
45,3567,356,calibration
45,3568,356,calibration
45,3569,356,calibration
45,3580,358,calibration
45,3581,358,calibration
45,3582,358,calibration
45,3583,358,calibration
45,3584,358,calibration
45,3585,358,calibration
45,3586,358,calibration
45,3587,358,calibration
45,3588,358,calibration
45,3589,358,calibration
45,3610,361,calibration
45,3611,361,calibration
45,3612,361,calibration
45,3613,361,calibration
45,3614,361,calibration
45,3615,361,calibration
45,3616,361,calibration
45,3617,361,calibration
45,3618,361,calibration
45,3619,361,calibration
45,3620,362,calibration
45,3621,362,calibration
45,3622,362,calibration
45,3623,362,calibration
45,3624,362,calibration
45,3625,362,calibration
45,3626,362,calibration
45,3627,362,calibration
45,3628,362,calibration
45,3629,362,calibration
45,3630,363,calibration
45,3631,363,calibration
45,3632,363,calibration
45,3633,363,calibration
45,3634,363,calibration
45,3635,363,calibration
45,3636,363,calibration
45,3637,363,calibration
45,3638,363,calibration
45,3639,363,calibration
45,3660,366,calibration
45,3661,366,calibration
45,3662,366,calibration
45,3663,366,calibration
45,3664,366,calibration
45,3665,366,calibration
45,3666,366,calibration
45,3667,366,calibration
45,3668,366,calibration
45,3669,366,calibration
45,3670,367,calibration
45,3671,367,calibration
45,3672,367,calibration
45,3673,367,calibration
45,3674,367,calibration
45,3675,367,calibration
45,3676,367,calibration
45,3677,367,calibration
45,3678,367,calibration
45,3679,367,calibration
45,3720,372,calibration
45,3721,372,calibration
45,3722,372,calibration
45,3723,372,calibration
45,3724,372,calibration
45,3725,372,calibration
45,3726,372,calibration
45,3727,372,calibration
45,3728,372,calibration
45,3729,372,calibration
45,3750,375,calibration
45,3751,375,calibration
45,3752,375,calibration
45,3753,375,calibration
45,3754,375,calibration
45,3755,375,calibration
45,3756,375,calibration
45,3757,375,calibration
45,3758,375,calibration
45,3759,375,calibration
45,3810,381,calibration
45,3811,381,calibration
45,3812,381,calibration
45,3813,381,calibration
45,3814,381,calibration
45,3815,381,calibration
45,3816,381,calibration
45,3817,381,calibration
45,3818,381,calibration
45,3819,381,calibration
45,3820,382,calibration
45,3821,382,calibration
45,3822,382,calibration
45,3823,382,calibration
45,3824,382,calibration
45,3825,382,calibration
45,3826,382,calibration
45,3827,382,calibration
45,3828,382,calibration
45,3829,382,calibration
45,3880,388,calibration
45,3881,388,calibration
45,3882,388,calibration
45,3883,388,calibration
45,3884,388,calibration
45,3885,388,calibration
45,3886,388,calibration
45,3887,388,calibration
45,3888,388,calibration
45,3889,388,calibration
45,3990,399,calibration
45,3991,399,calibration
45,3992,399,calibration
45,3993,399,calibration
45,3994,399,calibration
45,3995,399,calibration
45,3996,399,calibration
45,3997,399,calibration
45,3998,399,calibration
45,3999,399,calibration
45,4170,417,calibration
45,4171,417,calibration
45,4172,417,calibration
45,4173,417,calibration
45,4174,417,calibration
45,4175,417,calibration
45,4176,417,calibration
45,4177,417,calibration
45,4178,417,calibration
45,4179,417,calibration
45,4180,418,calibration
45,4181,418,calibration
45,4182,418,calibration
45,4183,418,calibration
45,4184,418,calibration
45,4185,418,calibration
45,4186,418,calibration
45,4187,418,calibration
45,4188,418,calibration
45,4189,418,calibration
45,4200,420,calibration
45,4201,420,calibration
45,4202,420,calibration
45,4203,420,calibration
45,4204,420,calibration
45,4205,420,calibration
45,4206,420,calibration
45,4207,420,calibration
45,4208,420,calibration
45,4209,420,calibration
45,4230,423,calibration
45,4231,423,calibration
45,4232,423,calibration
45,4233,423,calibration
45,4234,423,calibration
45,4235,423,calibration
45,4236,423,calibration
45,4237,423,calibration
45,4238,423,calibration
45,4239,423,calibration
45,4250,425,calibration
45,4251,425,calibration
45,4252,425,calibration
45,4253,425,calibration
45,4254,425,calibration
45,4255,425,calibration
45,4256,425,calibration
45,4257,425,calibration
45,4258,425,calibration
45,4259,425,calibration
45,4290,429,calibration
45,4291,429,calibration
45,4292,429,calibration
45,4293,429,calibration
45,4294,429,calibration
45,4295,429,calibration
45,4296,429,calibration
45,4297,429,calibration
45,4298,429,calibration
45,4299,429,calibration
45,4390,439,calibration
45,4391,439,calibration
45,4392,439,calibration
45,4393,439,calibration
45,4394,439,calibration
45,4395,439,calibration
45,4396,439,calibration
45,4397,439,calibration
45,4398,439,calibration
45,4399,439,calibration
45,4460,446,calibration
45,4461,446,calibration
45,4462,446,calibration
45,4463,446,calibration
45,4464,446,calibration
45,4465,446,calibration
45,4466,446,calibration
45,4467,446,calibration
45,4468,446,calibration
45,4469,446,calibration
45,4540,454,calibration
45,4541,454,calibration
45,4542,454,calibration
45,4543,454,calibration
45,4544,454,calibration
45,4545,454,calibration
45,4546,454,calibration
45,4547,454,calibration
45,4548,454,calibration
45,4549,454,calibration
45,4560,456,calibration
45,4561,456,calibration
45,4562,456,calibration
45,4563,456,calibration
45,4564,456,calibration
45,4565,456,calibration
45,4566,456,calibration
45,4567,456,calibration
45,4568,456,calibration
45,4569,456,calibration
45,4650,465,calibration
45,4651,465,calibration
45,4652,465,calibration
45,4653,465,calibration
45,4654,465,calibration
45,4655,465,calibration
45,4656,465,calibration
45,4657,465,calibration
45,4658,465,calibration
45,4659,465,calibration
45,4660,466,calibration
45,4661,466,calibration
45,4662,466,calibration
45,4663,466,calibration
45,4664,466,calibration
45,4665,466,calibration
45,4666,466,calibration
45,4667,466,calibration
45,4668,466,calibration
45,4669,466,calibration
45,4710,471,calibration
45,4711,471,calibration
45,4712,471,calibration
45,4713,471,calibration
45,4714,471,calibration
45,4715,471,calibration
45,4716,471,calibration
45,4717,471,calibration
45,4718,471,calibration
45,4719,471,calibration
45,4740,474,calibration
45,4741,474,calibration
45,4742,474,calibration
45,4743,474,calibration
45,4744,474,calibration
45,4745,474,calibration
45,4746,474,calibration
45,4747,474,calibration
45,4748,474,calibration
45,4749,474,calibration
45,4790,479,calibration
45,4791,479,calibration
45,4792,479,calibration
45,4793,479,calibration
45,4794,479,calibration
45,4795,479,calibration
45,4796,479,calibration
45,4797,479,calibration
45,4798,479,calibration
45,4799,479,calibration
45,4840,484,calibration
45,4841,484,calibration
45,4842,484,calibration
45,4843,484,calibration
45,4844,484,calibration
45,4845,484,calibration
45,4846,484,calibration
45,4847,484,calibration
45,4848,484,calibration
45,4849,484,calibration
45,4860,486,calibration
45,4861,486,calibration
45,4862,486,calibration
45,4863,486,calibration
45,4864,486,calibration
45,4865,486,calibration
45,4866,486,calibration
45,4867,486,calibration
45,4868,486,calibration
45,4869,486,calibration
45,4990,499,calibration
45,4991,499,calibration
45,4992,499,calibration
45,4993,499,calibration
45,4994,499,calibration
45,4995,499,calibration
45,4996,499,calibration
45,4997,499,calibration
45,4998,499,calibration
45,4999,499,calibration
45,5010,501,calibration
45,5011,501,calibration
45,5012,501,calibration
45,5013,501,calibration
45,5014,501,calibration
45,5015,501,calibration
45,5016,501,calibration
45,5017,501,calibration
45,5018,501,calibration
45,5019,501,calibration
45,5020,502,calibration
45,5021,502,calibration
45,5022,502,calibration
45,5023,502,calibration
45,5024,502,calibration
45,5025,502,calibration
45,5026,502,calibration
45,5027,502,calibration
45,5028,502,calibration
45,5029,502,calibration
45,5070,507,calibration
45,5071,507,calibration
45,5072,507,calibration
45,5073,507,calibration
45,5074,507,calibration
45,5075,507,calibration
45,5076,507,calibration
45,5077,507,calibration
45,5078,507,calibration
45,5079,507,calibration
45,5080,508,calibration
45,5081,508,calibration
45,5082,508,calibration
45,5083,508,calibration
45,5084,508,calibration
45,5085,508,calibration
45,5086,508,calibration
45,5087,508,calibration
45,5088,508,calibration
45,5089,508,calibration
45,5120,512,calibration
45,5121,512,calibration
45,5122,512,calibration
45,5123,512,calibration
45,5124,512,calibration
45,5125,512,calibration
45,5126,512,calibration
45,5127,512,calibration
45,5128,512,calibration
45,5129,512,calibration
45,5130,513,calibration
45,5131,513,calibration
45,5132,513,calibration
45,5133,513,calibration
45,5134,513,calibration
45,5135,513,calibration
45,5136,513,calibration
45,5137,513,calibration
45,5138,513,calibration
45,5139,513,calibration
45,5150,515,calibration
45,5151,515,calibration
45,5152,515,calibration
45,5153,515,calibration
45,5154,515,calibration
45,5155,515,calibration
45,5156,515,calibration
45,5157,515,calibration
45,5158,515,calibration
45,5159,515,calibration
45,5170,517,calibration
45,5171,517,calibration
45,5172,517,calibration
45,5173,517,calibration
45,5174,517,calibration
45,5175,517,calibration
45,5176,517,calibration
45,5177,517,calibration
45,5178,517,calibration
45,5179,517,calibration
45,5210,521,calibration
45,5211,521,calibration
45,5212,521,calibration
45,5213,521,calibration
45,5214,521,calibration
45,5215,521,calibration
45,5216,521,calibration
45,5217,521,calibration
45,5218,521,calibration
45,5219,521,calibration
45,5270,527,calibration
45,5271,527,calibration
45,5272,527,calibration
45,5273,527,calibration
45,5274,527,calibration
45,5275,527,calibration
45,5276,527,calibration
45,5277,527,calibration
45,5278,527,calibration
45,5279,527,calibration
45,5310,531,calibration
45,5311,531,calibration
45,5312,531,calibration
45,5313,531,calibration
45,5314,531,calibration
45,5315,531,calibration
45,5316,531,calibration
45,5317,531,calibration
45,5318,531,calibration
45,5319,531,calibration
45,5370,537,calibration
45,5371,537,calibration
45,5372,537,calibration
45,5373,537,calibration
45,5374,537,calibration
45,5375,537,calibration
45,5376,537,calibration
45,5377,537,calibration
45,5378,537,calibration
45,5379,537,calibration
45,5390,539,calibration
45,5391,539,calibration
45,5392,539,calibration
45,5393,539,calibration
45,5394,539,calibration
45,5395,539,calibration
45,5396,539,calibration
45,5397,539,calibration
45,5398,539,calibration
45,5399,539,calibration
45,5460,546,calibration
45,5461,546,calibration
45,5462,546,calibration
45,5463,546,calibration
45,5464,546,calibration
45,5465,546,calibration
45,5466,546,calibration
45,5467,546,calibration
45,5468,546,calibration
45,5469,546,calibration
45,5540,554,calibration
45,5541,554,calibration
45,5542,554,calibration
45,5543,554,calibration
45,5544,554,calibration
45,5545,554,calibration
45,5546,554,calibration
45,5547,554,calibration
45,5548,554,calibration
45,5549,554,calibration
45,5840,584,calibration
45,5841,584,calibration
45,5842,584,calibration
45,5843,584,calibration
45,5844,584,calibration
45,5845,584,calibration
45,5846,584,calibration
45,5847,584,calibration
45,5848,584,calibration
45,5849,584,calibration
45,5900,590,calibration
45,5901,590,calibration
45,5902,590,calibration
45,5903,590,calibration
45,5904,590,calibration
45,5905,590,calibration
45,5906,590,calibration
45,5907,590,calibration
45,5908,590,calibration
45,5909,590,calibration
45,5920,592,calibration
45,5921,592,calibration
45,5922,592,calibration
45,5923,592,calibration
45,5924,592,calibration
45,5925,592,calibration
45,5926,592,calibration
45,5927,592,calibration
45,5928,592,calibration
45,5929,592,calibration
45,5960,596,calibration
45,5961,596,calibration
45,5962,596,calibration
45,5963,596,calibration
45,5964,596,calibration
45,5965,596,calibration
45,5966,596,calibration
45,5967,596,calibration
45,5968,596,calibration
45,5969,596,calibration
45,5970,597,calibration
45,5971,597,calibration
45,5972,597,calibration
45,5973,597,calibration
45,5974,597,calibration
45,5975,597,calibration
45,5976,597,calibration
45,5977,597,calibration
45,5978,597,calibration
45,5979,597,calibration
45,5990,599,calibration
45,5991,599,calibration
45,5992,599,calibration
45,5993,599,calibration
45,5994,599,calibration
45,5995,599,calibration
45,5996,599,calibration
45,5997,599,calibration
45,5998,599,calibration
45,5999,599,calibration
45,6040,604,calibration
45,6041,604,calibration
45,6042,604,calibration
45,6043,604,calibration
45,6044,604,calibration
45,6045,604,calibration
45,6046,604,calibration
45,6047,604,calibration
45,6048,604,calibration
45,6049,604,calibration
45,6050,605,calibration
45,6051,605,calibration
45,6052,605,calibration
45,6053,605,calibration
45,6054,605,calibration
45,6055,605,calibration
45,6056,605,calibration
45,6057,605,calibration
45,6058,605,calibration
45,6059,605,calibration
45,6170,617,calibration
45,6171,617,calibration
45,6172,617,calibration
45,6173,617,calibration
45,6174,617,calibration
45,6175,617,calibration
45,6176,617,calibration
45,6177,617,calibration
45,6178,617,calibration
45,6179,617,calibration
45,6190,619,calibration
45,6191,619,calibration
45,6192,619,calibration
45,6193,619,calibration
45,6194,619,calibration
45,6195,619,calibration
45,6196,619,calibration
45,6197,619,calibration
45,6198,619,calibration
45,6199,619,calibration
45,6230,623,calibration
45,6231,623,calibration
45,6232,623,calibration
45,6233,623,calibration
45,6234,623,calibration
45,6235,623,calibration
45,6236,623,calibration
45,6237,623,calibration
45,6238,623,calibration
45,6239,623,calibration
45,6290,629,calibration
45,6291,629,calibration
45,6292,629,calibration
45,6293,629,calibration
45,6294,629,calibration
45,6295,629,calibration
45,6296,629,calibration
45,6297,629,calibration
45,6298,629,calibration
45,6299,629,calibration
45,6420,642,calibration
45,6421,642,calibration
45,6422,642,calibration
45,6423,642,calibration
45,6424,642,calibration
45,6425,642,calibration
45,6426,642,calibration
45,6427,642,calibration
45,6428,642,calibration
45,6429,642,calibration
45,6470,647,calibration
45,6471,647,calibration
45,6472,647,calibration
45,6473,647,calibration
45,6474,647,calibration
45,6475,647,calibration
45,6476,647,calibration
45,6477,647,calibration
45,6478,647,calibration
45,6479,647,calibration
45,6490,649,calibration
45,6491,649,calibration
45,6492,649,calibration
45,6493,649,calibration
45,6494,649,calibration
45,6495,649,calibration
45,6496,649,calibration
45,6497,649,calibration
45,6498,649,calibration
45,6499,649,calibration
45,6600,660,calibration
45,6601,660,calibration
45,6602,660,calibration
45,6603,660,calibration
45,6604,660,calibration
45,6605,660,calibration
45,6606,660,calibration
45,6607,660,calibration
45,6608,660,calibration
45,6609,660,calibration
45,6610,661,calibration
45,6611,661,calibration
45,6612,661,calibration
45,6613,661,calibration
45,6614,661,calibration
45,6615,661,calibration
45,6616,661,calibration
45,6617,661,calibration
45,6618,661,calibration
45,6619,661,calibration
45,6620,662,calibration
45,6621,662,calibration
45,6622,662,calibration
45,6623,662,calibration
45,6624,662,calibration
45,6625,662,calibration
45,6626,662,calibration
45,6627,662,calibration
45,6628,662,calibration
45,6629,662,calibration
45,6680,668,calibration
45,6681,668,calibration
45,6682,668,calibration
45,6683,668,calibration
45,6684,668,calibration
45,6685,668,calibration
45,6686,668,calibration
45,6687,668,calibration
45,6688,668,calibration
45,6689,668,calibration
45,6730,673,calibration
45,6731,673,calibration
45,6732,673,calibration
45,6733,673,calibration
45,6734,673,calibration
45,6735,673,calibration
45,6736,673,calibration
45,6737,673,calibration
45,6738,673,calibration
45,6739,673,calibration
45,6910,691,calibration
45,6911,691,calibration
45,6912,691,calibration
45,6913,691,calibration
45,6914,691,calibration
45,6915,691,calibration
45,6916,691,calibration
45,6917,691,calibration
45,6918,691,calibration
45,6919,691,calibration
45,6960,696,calibration
45,6961,696,calibration
45,6962,696,calibration
45,6963,696,calibration
45,6964,696,calibration
45,6965,696,calibration
45,6966,696,calibration
45,6967,696,calibration
45,6968,696,calibration
45,6969,696,calibration
45,7090,709,calibration
45,7091,709,calibration
45,7092,709,calibration
45,7093,709,calibration
45,7094,709,calibration
45,7095,709,calibration
45,7096,709,calibration
45,7097,709,calibration
45,7098,709,calibration
45,7099,709,calibration
45,7160,716,calibration
45,7161,716,calibration
45,7162,716,calibration
45,7163,716,calibration
45,7164,716,calibration
45,7165,716,calibration
45,7166,716,calibration
45,7167,716,calibration
45,7168,716,calibration
45,7169,716,calibration
45,7180,718,calibration
45,7181,718,calibration
45,7182,718,calibration
45,7183,718,calibration
45,7184,718,calibration
45,7185,718,calibration
45,7186,718,calibration
45,7187,718,calibration
45,7188,718,calibration
45,7189,718,calibration
45,7190,719,calibration
45,7191,719,calibration
45,7192,719,calibration
45,7193,719,calibration
45,7194,719,calibration
45,7195,719,calibration
45,7196,719,calibration
45,7197,719,calibration
45,7198,719,calibration
45,7199,719,calibration
45,7230,723,calibration
45,7231,723,calibration
45,7232,723,calibration
45,7233,723,calibration
45,7234,723,calibration
45,7235,723,calibration
45,7236,723,calibration
45,7237,723,calibration
45,7238,723,calibration
45,7239,723,calibration
45,7240,724,calibration
45,7241,724,calibration
45,7242,724,calibration
45,7243,724,calibration
45,7244,724,calibration
45,7245,724,calibration
45,7246,724,calibration
45,7247,724,calibration
45,7248,724,calibration
45,7249,724,calibration
45,7270,727,calibration
45,7271,727,calibration
45,7272,727,calibration
45,7273,727,calibration
45,7274,727,calibration
45,7275,727,calibration
45,7276,727,calibration
45,7277,727,calibration
45,7278,727,calibration
45,7279,727,calibration
45,7280,728,calibration
45,7281,728,calibration
45,7282,728,calibration
45,7283,728,calibration
45,7284,728,calibration
45,7285,728,calibration
45,7286,728,calibration
45,7287,728,calibration
45,7288,728,calibration
45,7289,728,calibration
45,7290,729,calibration
45,7291,729,calibration
45,7292,729,calibration
45,7293,729,calibration
45,7294,729,calibration
45,7295,729,calibration
45,7296,729,calibration
45,7297,729,calibration
45,7298,729,calibration
45,7299,729,calibration
45,7360,736,calibration
45,7361,736,calibration
45,7362,736,calibration
45,7363,736,calibration
45,7364,736,calibration
45,7365,736,calibration
45,7366,736,calibration
45,7367,736,calibration
45,7368,736,calibration
45,7369,736,calibration
45,7560,756,calibration
45,7561,756,calibration
45,7562,756,calibration
45,7563,756,calibration
45,7564,756,calibration
45,7565,756,calibration
45,7566,756,calibration
45,7567,756,calibration
45,7568,756,calibration
45,7569,756,calibration
45,7580,758,calibration
45,7581,758,calibration
45,7582,758,calibration
45,7583,758,calibration
45,7584,758,calibration
45,7585,758,calibration
45,7586,758,calibration
45,7587,758,calibration
45,7588,758,calibration
45,7589,758,calibration
45,7660,766,calibration
45,7661,766,calibration
45,7662,766,calibration
45,7663,766,calibration
45,7664,766,calibration
45,7665,766,calibration
45,7666,766,calibration
45,7667,766,calibration
45,7668,766,calibration
45,7669,766,calibration
45,7720,772,calibration
45,7721,772,calibration
45,7722,772,calibration
45,7723,772,calibration
45,7724,772,calibration
45,7725,772,calibration
45,7726,772,calibration
45,7727,772,calibration
45,7728,772,calibration
45,7729,772,calibration
45,7740,774,calibration
45,7741,774,calibration
45,7742,774,calibration
45,7743,774,calibration
45,7744,774,calibration
45,7745,774,calibration
45,7746,774,calibration
45,7747,774,calibration
45,7748,774,calibration
45,7749,774,calibration
45,7770,777,calibration
45,7771,777,calibration
45,7772,777,calibration
45,7773,777,calibration
45,7774,777,calibration
45,7775,777,calibration
45,7776,777,calibration
45,7777,777,calibration
45,7778,777,calibration
45,7779,777,calibration
45,7860,786,calibration
45,7861,786,calibration
45,7862,786,calibration
45,7863,786,calibration
45,7864,786,calibration
45,7865,786,calibration
45,7866,786,calibration
45,7867,786,calibration
45,7868,786,calibration
45,7869,786,calibration
45,7870,787,calibration
45,7871,787,calibration
45,7872,787,calibration
45,7873,787,calibration
45,7874,787,calibration
45,7875,787,calibration
45,7876,787,calibration
45,7877,787,calibration
45,7878,787,calibration
45,7879,787,calibration
45,7880,788,calibration
45,7881,788,calibration
45,7882,788,calibration
45,7883,788,calibration
45,7884,788,calibration
45,7885,788,calibration
45,7886,788,calibration
45,7887,788,calibration
45,7888,788,calibration
45,7889,788,calibration
45,7920,792,calibration
45,7921,792,calibration
45,7922,792,calibration
45,7923,792,calibration
45,7924,792,calibration
45,7925,792,calibration
45,7926,792,calibration
45,7927,792,calibration
45,7928,792,calibration
45,7929,792,calibration
45,7990,799,calibration
45,7991,799,calibration
45,7992,799,calibration
45,7993,799,calibration
45,7994,799,calibration
45,7995,799,calibration
45,7996,799,calibration
45,7997,799,calibration
45,7998,799,calibration
45,7999,799,calibration
45,8050,805,calibration
45,8051,805,calibration
45,8052,805,calibration
45,8053,805,calibration
45,8054,805,calibration
45,8055,805,calibration
45,8056,805,calibration
45,8057,805,calibration
45,8058,805,calibration
45,8059,805,calibration
45,8110,811,calibration
45,8111,811,calibration
45,8112,811,calibration
45,8113,811,calibration
45,8114,811,calibration
45,8115,811,calibration
45,8116,811,calibration
45,8117,811,calibration
45,8118,811,calibration
45,8119,811,calibration
45,8140,814,calibration
45,8141,814,calibration
45,8142,814,calibration
45,8143,814,calibration
45,8144,814,calibration
45,8145,814,calibration
45,8146,814,calibration
45,8147,814,calibration
45,8148,814,calibration
45,8149,814,calibration
45,8270,827,calibration
45,8271,827,calibration
45,8272,827,calibration
45,8273,827,calibration
45,8274,827,calibration
45,8275,827,calibration
45,8276,827,calibration
45,8277,827,calibration
45,8278,827,calibration
45,8279,827,calibration
45,8370,837,calibration
45,8371,837,calibration
45,8372,837,calibration
45,8373,837,calibration
45,8374,837,calibration
45,8375,837,calibration
45,8376,837,calibration
45,8377,837,calibration
45,8378,837,calibration
45,8379,837,calibration
45,8530,853,calibration
45,8531,853,calibration
45,8532,853,calibration
45,8533,853,calibration
45,8534,853,calibration
45,8535,853,calibration
45,8536,853,calibration
45,8537,853,calibration
45,8538,853,calibration
45,8539,853,calibration
45,8640,864,calibration
45,8641,864,calibration
45,8642,864,calibration
45,8643,864,calibration
45,8644,864,calibration
45,8645,864,calibration
45,8646,864,calibration
45,8647,864,calibration
45,8648,864,calibration
45,8649,864,calibration
45,8650,865,calibration
45,8651,865,calibration
45,8652,865,calibration
45,8653,865,calibration
45,8654,865,calibration
45,8655,865,calibration
45,8656,865,calibration
45,8657,865,calibration
45,8658,865,calibration
45,8659,865,calibration
45,8700,870,calibration
45,8701,870,calibration
45,8702,870,calibration
45,8703,870,calibration
45,8704,870,calibration
45,8705,870,calibration
45,8706,870,calibration
45,8707,870,calibration
45,8708,870,calibration
45,8709,870,calibration
45,8740,874,calibration
45,8741,874,calibration
45,8742,874,calibration
45,8743,874,calibration
45,8744,874,calibration
45,8745,874,calibration
45,8746,874,calibration
45,8747,874,calibration
45,8748,874,calibration
45,8749,874,calibration
45,8800,880,calibration
45,8801,880,calibration
45,8802,880,calibration
45,8803,880,calibration
45,8804,880,calibration
45,8805,880,calibration
45,8806,880,calibration
45,8807,880,calibration
45,8808,880,calibration
45,8809,880,calibration
45,8840,884,calibration
45,8841,884,calibration
45,8842,884,calibration
45,8843,884,calibration
45,8844,884,calibration
45,8845,884,calibration
45,8846,884,calibration
45,8847,884,calibration
45,8848,884,calibration
45,8849,884,calibration
45,8870,887,calibration
45,8871,887,calibration
45,8872,887,calibration
45,8873,887,calibration
45,8874,887,calibration
45,8875,887,calibration
45,8876,887,calibration
45,8877,887,calibration
45,8878,887,calibration
45,8879,887,calibration
45,8900,890,calibration
45,8901,890,calibration
45,8902,890,calibration
45,8903,890,calibration
45,8904,890,calibration
45,8905,890,calibration
45,8906,890,calibration
45,8907,890,calibration
45,8908,890,calibration
45,8909,890,calibration
45,9020,902,calibration
45,9021,902,calibration
45,9022,902,calibration
45,9023,902,calibration
45,9024,902,calibration
45,9025,902,calibration
45,9026,902,calibration
45,9027,902,calibration
45,9028,902,calibration
45,9029,902,calibration
45,9060,906,calibration
45,9061,906,calibration
45,9062,906,calibration
45,9063,906,calibration
45,9064,906,calibration
45,9065,906,calibration
45,9066,906,calibration
45,9067,906,calibration
45,9068,906,calibration
45,9069,906,calibration
45,9110,911,calibration
45,9111,911,calibration
45,9112,911,calibration
45,9113,911,calibration
45,9114,911,calibration
45,9115,911,calibration
45,9116,911,calibration
45,9117,911,calibration
45,9118,911,calibration
45,9119,911,calibration
45,9120,912,calibration
45,9121,912,calibration
45,9122,912,calibration
45,9123,912,calibration
45,9124,912,calibration
45,9125,912,calibration
45,9126,912,calibration
45,9127,912,calibration
45,9128,912,calibration
45,9129,912,calibration
45,9140,914,calibration
45,9141,914,calibration
45,9142,914,calibration
45,9143,914,calibration
45,9144,914,calibration
45,9145,914,calibration
45,9146,914,calibration
45,9147,914,calibration
45,9148,914,calibration
45,9149,914,calibration
45,9350,935,calibration
45,9351,935,calibration
45,9352,935,calibration
45,9353,935,calibration
45,9354,935,calibration
45,9355,935,calibration
45,9356,935,calibration
45,9357,935,calibration
45,9358,935,calibration
45,9359,935,calibration
45,9380,938,calibration
45,9381,938,calibration
45,9382,938,calibration
45,9383,938,calibration
45,9384,938,calibration
45,9385,938,calibration
45,9386,938,calibration
45,9387,938,calibration
45,9388,938,calibration
45,9389,938,calibration
45,9430,943,calibration
45,9431,943,calibration
45,9432,943,calibration
45,9433,943,calibration
45,9434,943,calibration
45,9435,943,calibration
45,9436,943,calibration
45,9437,943,calibration
45,9438,943,calibration
45,9439,943,calibration
45,9470,947,calibration
45,9471,947,calibration
45,9472,947,calibration
45,9473,947,calibration
45,9474,947,calibration
45,9475,947,calibration
45,9476,947,calibration
45,9477,947,calibration
45,9478,947,calibration
45,9479,947,calibration
45,9480,948,calibration
45,9481,948,calibration
45,9482,948,calibration
45,9483,948,calibration
45,9484,948,calibration
45,9485,948,calibration
45,9486,948,calibration
45,9487,948,calibration
45,9488,948,calibration
45,9489,948,calibration
45,9660,966,calibration
45,9661,966,calibration
45,9662,966,calibration
45,9663,966,calibration
45,9664,966,calibration
45,9665,966,calibration
45,9666,966,calibration
45,9667,966,calibration
45,9668,966,calibration
45,9669,966,calibration
45,9700,970,calibration
45,9701,970,calibration
45,9702,970,calibration
45,9703,970,calibration
45,9704,970,calibration
45,9705,970,calibration
45,9706,970,calibration
45,9707,970,calibration
45,9708,970,calibration
45,9709,970,calibration
45,9720,972,calibration
45,9721,972,calibration
45,9722,972,calibration
45,9723,972,calibration
45,9724,972,calibration
45,9725,972,calibration
45,9726,972,calibration
45,9727,972,calibration
45,9728,972,calibration
45,9729,972,calibration
45,9730,973,calibration
45,9731,973,calibration
45,9732,973,calibration
45,9733,973,calibration
45,9734,973,calibration
45,9735,973,calibration
45,9736,973,calibration
45,9737,973,calibration
45,9738,973,calibration
45,9739,973,calibration
45,9750,975,calibration
45,9751,975,calibration
45,9752,975,calibration
45,9753,975,calibration
45,9754,975,calibration
45,9755,975,calibration
45,9756,975,calibration
45,9757,975,calibration
45,9758,975,calibration
45,9759,975,calibration
45,9780,978,calibration
45,9781,978,calibration
45,9782,978,calibration
45,9783,978,calibration
45,9784,978,calibration
45,9785,978,calibration
45,9786,978,calibration
45,9787,978,calibration
45,9788,978,calibration
45,9789,978,calibration
45,9960,996,calibration
45,9961,996,calibration
45,9962,996,calibration
45,9963,996,calibration
45,9964,996,calibration
45,9965,996,calibration
45,9966,996,calibration
45,9967,996,calibration
45,9968,996,calibration
45,9969,996,calibration
45,30,3,test
45,31,3,test
45,32,3,test
45,33,3,test
45,34,3,test
45,35,3,test
45,36,3,test
45,37,3,test
45,38,3,test
45,39,3,test
45,40,4,test
45,41,4,test
45,42,4,test
45,43,4,test
45,44,4,test
45,45,4,test
45,46,4,test
45,47,4,test
45,48,4,test
45,49,4,test
45,50,5,test
45,51,5,test
45,52,5,test
45,53,5,test
45,54,5,test
45,55,5,test
45,56,5,test
45,57,5,test
45,58,5,test
45,59,5,test
45,70,7,test
45,71,7,test
45,72,7,test
45,73,7,test
45,74,7,test
45,75,7,test
45,76,7,test
45,77,7,test
45,78,7,test
45,79,7,test
45,80,8,test
45,81,8,test
45,82,8,test
45,83,8,test
45,84,8,test
45,85,8,test
45,86,8,test
45,87,8,test
45,88,8,test
45,89,8,test
45,190,19,test
45,191,19,test
45,192,19,test
45,193,19,test
45,194,19,test
45,195,19,test
45,196,19,test
45,197,19,test
45,198,19,test
45,199,19,test
45,220,22,test
45,221,22,test
45,222,22,test
45,223,22,test
45,224,22,test
45,225,22,test
45,226,22,test
45,227,22,test
45,228,22,test
45,229,22,test
45,270,27,test
45,271,27,test
45,272,27,test
45,273,27,test
45,274,27,test
45,275,27,test
45,276,27,test
45,277,27,test
45,278,27,test
45,279,27,test
45,330,33,test
45,331,33,test
45,332,33,test
45,333,33,test
45,334,33,test
45,335,33,test
45,336,33,test
45,337,33,test
45,338,33,test
45,339,33,test
45,340,34,test
45,341,34,test
45,342,34,test
45,343,34,test
45,344,34,test
45,345,34,test
45,346,34,test
45,347,34,test
45,348,34,test
45,349,34,test
45,430,43,test
45,431,43,test
45,432,43,test
45,433,43,test
45,434,43,test
45,435,43,test
45,436,43,test
45,437,43,test
45,438,43,test
45,439,43,test
45,480,48,test
45,481,48,test
45,482,48,test
45,483,48,test
45,484,48,test
45,485,48,test
45,486,48,test
45,487,48,test
45,488,48,test
45,489,48,test
45,560,56,test
45,561,56,test
45,562,56,test
45,563,56,test
45,564,56,test
45,565,56,test
45,566,56,test
45,567,56,test
45,568,56,test
45,569,56,test
45,670,67,test
45,671,67,test
45,672,67,test
45,673,67,test
45,674,67,test
45,675,67,test
45,676,67,test
45,677,67,test
45,678,67,test
45,679,67,test
45,690,69,test
45,691,69,test
45,692,69,test
45,693,69,test
45,694,69,test
45,695,69,test
45,696,69,test
45,697,69,test
45,698,69,test
45,699,69,test
45,720,72,test
45,721,72,test
45,722,72,test
45,723,72,test
45,724,72,test
45,725,72,test
45,726,72,test
45,727,72,test
45,728,72,test
45,729,72,test
45,730,73,test
45,731,73,test
45,732,73,test
45,733,73,test
45,734,73,test
45,735,73,test
45,736,73,test
45,737,73,test
45,738,73,test
45,739,73,test
45,810,81,test
45,811,81,test
45,812,81,test
45,813,81,test
45,814,81,test
45,815,81,test
45,816,81,test
45,817,81,test
45,818,81,test
45,819,81,test
45,990,99,test
45,991,99,test
45,992,99,test
45,993,99,test
45,994,99,test
45,995,99,test
45,996,99,test
45,997,99,test
45,998,99,test
45,999,99,test
45,1000,100,test
45,1001,100,test
45,1002,100,test
45,1003,100,test
45,1004,100,test
45,1005,100,test
45,1006,100,test
45,1007,100,test
45,1008,100,test
45,1009,100,test
45,1110,111,test
45,1111,111,test
45,1112,111,test
45,1113,111,test
45,1114,111,test
45,1115,111,test
45,1116,111,test
45,1117,111,test
45,1118,111,test
45,1119,111,test
45,1130,113,test
45,1131,113,test
45,1132,113,test
45,1133,113,test
45,1134,113,test
45,1135,113,test
45,1136,113,test
45,1137,113,test
45,1138,113,test
45,1139,113,test
45,1150,115,test
45,1151,115,test
45,1152,115,test
45,1153,115,test
45,1154,115,test
45,1155,115,test
45,1156,115,test
45,1157,115,test
45,1158,115,test
45,1159,115,test
45,1190,119,test
45,1191,119,test
45,1192,119,test
45,1193,119,test
45,1194,119,test
45,1195,119,test
45,1196,119,test
45,1197,119,test
45,1198,119,test
45,1199,119,test
45,1210,121,test
45,1211,121,test
45,1212,121,test
45,1213,121,test
45,1214,121,test
45,1215,121,test
45,1216,121,test
45,1217,121,test
45,1218,121,test
45,1219,121,test
45,1280,128,test
45,1281,128,test
45,1282,128,test
45,1283,128,test
45,1284,128,test
45,1285,128,test
45,1286,128,test
45,1287,128,test
45,1288,128,test
45,1289,128,test
45,1420,142,test
45,1421,142,test
45,1422,142,test
45,1423,142,test
45,1424,142,test
45,1425,142,test
45,1426,142,test
45,1427,142,test
45,1428,142,test
45,1429,142,test
45,1460,146,test
45,1461,146,test
45,1462,146,test
45,1463,146,test
45,1464,146,test
45,1465,146,test
45,1466,146,test
45,1467,146,test
45,1468,146,test
45,1469,146,test
45,1480,148,test
45,1481,148,test
45,1482,148,test
45,1483,148,test
45,1484,148,test
45,1485,148,test
45,1486,148,test
45,1487,148,test
45,1488,148,test
45,1489,148,test
45,1600,160,test
45,1601,160,test
45,1602,160,test
45,1603,160,test
45,1604,160,test
45,1605,160,test
45,1606,160,test
45,1607,160,test
45,1608,160,test
45,1609,160,test
45,1660,166,test
45,1661,166,test
45,1662,166,test
45,1663,166,test
45,1664,166,test
45,1665,166,test
45,1666,166,test
45,1667,166,test
45,1668,166,test
45,1669,166,test
45,1670,167,test
45,1671,167,test
45,1672,167,test
45,1673,167,test
45,1674,167,test
45,1675,167,test
45,1676,167,test
45,1677,167,test
45,1678,167,test
45,1679,167,test
45,1680,168,test
45,1681,168,test
45,1682,168,test
45,1683,168,test
45,1684,168,test
45,1685,168,test
45,1686,168,test
45,1687,168,test
45,1688,168,test
45,1689,168,test
45,1740,174,test
45,1741,174,test
45,1742,174,test
45,1743,174,test
45,1744,174,test
45,1745,174,test
45,1746,174,test
45,1747,174,test
45,1748,174,test
45,1749,174,test
45,1770,177,test
45,1771,177,test
45,1772,177,test
45,1773,177,test
45,1774,177,test
45,1775,177,test
45,1776,177,test
45,1777,177,test
45,1778,177,test
45,1779,177,test
45,1780,178,test
45,1781,178,test
45,1782,178,test
45,1783,178,test
45,1784,178,test
45,1785,178,test
45,1786,178,test
45,1787,178,test
45,1788,178,test
45,1789,178,test
45,1810,181,test
45,1811,181,test
45,1812,181,test
45,1813,181,test
45,1814,181,test
45,1815,181,test
45,1816,181,test
45,1817,181,test
45,1818,181,test
45,1819,181,test
45,1890,189,test
45,1891,189,test
45,1892,189,test
45,1893,189,test
45,1894,189,test
45,1895,189,test
45,1896,189,test
45,1897,189,test
45,1898,189,test
45,1899,189,test
45,2000,200,test
45,2001,200,test
45,2002,200,test
45,2003,200,test
45,2004,200,test
45,2005,200,test
45,2006,200,test
45,2007,200,test
45,2008,200,test
45,2009,200,test
45,2010,201,test
45,2011,201,test
45,2012,201,test
45,2013,201,test
45,2014,201,test
45,2015,201,test
45,2016,201,test
45,2017,201,test
45,2018,201,test
45,2019,201,test
45,2120,212,test
45,2121,212,test
45,2122,212,test
45,2123,212,test
45,2124,212,test
45,2125,212,test
45,2126,212,test
45,2127,212,test
45,2128,212,test
45,2129,212,test
45,2180,218,test
45,2181,218,test
45,2182,218,test
45,2183,218,test
45,2184,218,test
45,2185,218,test
45,2186,218,test
45,2187,218,test
45,2188,218,test
45,2189,218,test
45,2290,229,test
45,2291,229,test
45,2292,229,test
45,2293,229,test
45,2294,229,test
45,2295,229,test
45,2296,229,test
45,2297,229,test
45,2298,229,test
45,2299,229,test
45,2310,231,test
45,2311,231,test
45,2312,231,test
45,2313,231,test
45,2314,231,test
45,2315,231,test
45,2316,231,test
45,2317,231,test
45,2318,231,test
45,2319,231,test
45,2420,242,test
45,2421,242,test
45,2422,242,test
45,2423,242,test
45,2424,242,test
45,2425,242,test
45,2426,242,test
45,2427,242,test
45,2428,242,test
45,2429,242,test
45,2430,243,test
45,2431,243,test
45,2432,243,test
45,2433,243,test
45,2434,243,test
45,2435,243,test
45,2436,243,test
45,2437,243,test
45,2438,243,test
45,2439,243,test
45,2450,245,test
45,2451,245,test
45,2452,245,test
45,2453,245,test
45,2454,245,test
45,2455,245,test
45,2456,245,test
45,2457,245,test
45,2458,245,test
45,2459,245,test
45,2510,251,test
45,2511,251,test
45,2512,251,test
45,2513,251,test
45,2514,251,test
45,2515,251,test
45,2516,251,test
45,2517,251,test
45,2518,251,test
45,2519,251,test
45,2520,252,test
45,2521,252,test
45,2522,252,test
45,2523,252,test
45,2524,252,test
45,2525,252,test
45,2526,252,test
45,2527,252,test
45,2528,252,test
45,2529,252,test
45,2560,256,test
45,2561,256,test
45,2562,256,test
45,2563,256,test
45,2564,256,test
45,2565,256,test
45,2566,256,test
45,2567,256,test
45,2568,256,test
45,2569,256,test
45,2720,272,test
45,2721,272,test
45,2722,272,test
45,2723,272,test
45,2724,272,test
45,2725,272,test
45,2726,272,test
45,2727,272,test
45,2728,272,test
45,2729,272,test
45,2740,274,test
45,2741,274,test
45,2742,274,test
45,2743,274,test
45,2744,274,test
45,2745,274,test
45,2746,274,test
45,2747,274,test
45,2748,274,test
45,2749,274,test
45,2770,277,test
45,2771,277,test
45,2772,277,test
45,2773,277,test
45,2774,277,test
45,2775,277,test
45,2776,277,test
45,2777,277,test
45,2778,277,test
45,2779,277,test
45,2810,281,test
45,2811,281,test
45,2812,281,test
45,2813,281,test
45,2814,281,test
45,2815,281,test
45,2816,281,test
45,2817,281,test
45,2818,281,test
45,2819,281,test
45,2820,282,test
45,2821,282,test
45,2822,282,test
45,2823,282,test
45,2824,282,test
45,2825,282,test
45,2826,282,test
45,2827,282,test
45,2828,282,test
45,2829,282,test
45,2830,283,test
45,2831,283,test
45,2832,283,test
45,2833,283,test
45,2834,283,test
45,2835,283,test
45,2836,283,test
45,2837,283,test
45,2838,283,test
45,2839,283,test
45,2910,291,test
45,2911,291,test
45,2912,291,test
45,2913,291,test
45,2914,291,test
45,2915,291,test
45,2916,291,test
45,2917,291,test
45,2918,291,test
45,2919,291,test
45,2920,292,test
45,2921,292,test
45,2922,292,test
45,2923,292,test
45,2924,292,test
45,2925,292,test
45,2926,292,test
45,2927,292,test
45,2928,292,test
45,2929,292,test
45,2930,293,test
45,2931,293,test
45,2932,293,test
45,2933,293,test
45,2934,293,test
45,2935,293,test
45,2936,293,test
45,2937,293,test
45,2938,293,test
45,2939,293,test
45,3110,311,test
45,3111,311,test
45,3112,311,test
45,3113,311,test
45,3114,311,test
45,3115,311,test
45,3116,311,test
45,3117,311,test
45,3118,311,test
45,3119,311,test
45,3180,318,test
45,3181,318,test
45,3182,318,test
45,3183,318,test
45,3184,318,test
45,3185,318,test
45,3186,318,test
45,3187,318,test
45,3188,318,test
45,3189,318,test
45,3260,326,test
45,3261,326,test
45,3262,326,test
45,3263,326,test
45,3264,326,test
45,3265,326,test
45,3266,326,test
45,3267,326,test
45,3268,326,test
45,3269,326,test
45,3300,330,test
45,3301,330,test
45,3302,330,test
45,3303,330,test
45,3304,330,test
45,3305,330,test
45,3306,330,test
45,3307,330,test
45,3308,330,test
45,3309,330,test
45,3430,343,test
45,3431,343,test
45,3432,343,test
45,3433,343,test
45,3434,343,test
45,3435,343,test
45,3436,343,test
45,3437,343,test
45,3438,343,test
45,3439,343,test
45,3460,346,test
45,3461,346,test
45,3462,346,test
45,3463,346,test
45,3464,346,test
45,3465,346,test
45,3466,346,test
45,3467,346,test
45,3468,346,test
45,3469,346,test
45,3500,350,test
45,3501,350,test
45,3502,350,test
45,3503,350,test
45,3504,350,test
45,3505,350,test
45,3506,350,test
45,3507,350,test
45,3508,350,test
45,3509,350,test
45,3520,352,test
45,3521,352,test
45,3522,352,test
45,3523,352,test
45,3524,352,test
45,3525,352,test
45,3526,352,test
45,3527,352,test
45,3528,352,test
45,3529,352,test
45,3650,365,test
45,3651,365,test
45,3652,365,test
45,3653,365,test
45,3654,365,test
45,3655,365,test
45,3656,365,test
45,3657,365,test
45,3658,365,test
45,3659,365,test
45,3700,370,test
45,3701,370,test
45,3702,370,test
45,3703,370,test
45,3704,370,test
45,3705,370,test
45,3706,370,test
45,3707,370,test
45,3708,370,test
45,3709,370,test
45,3780,378,test
45,3781,378,test
45,3782,378,test
45,3783,378,test
45,3784,378,test
45,3785,378,test
45,3786,378,test
45,3787,378,test
45,3788,378,test
45,3789,378,test
45,3840,384,test
45,3841,384,test
45,3842,384,test
45,3843,384,test
45,3844,384,test
45,3845,384,test
45,3846,384,test
45,3847,384,test
45,3848,384,test
45,3849,384,test
45,3920,392,test
45,3921,392,test
45,3922,392,test
45,3923,392,test
45,3924,392,test
45,3925,392,test
45,3926,392,test
45,3927,392,test
45,3928,392,test
45,3929,392,test
45,3980,398,test
45,3981,398,test
45,3982,398,test
45,3983,398,test
45,3984,398,test
45,3985,398,test
45,3986,398,test
45,3987,398,test
45,3988,398,test
45,3989,398,test
45,4000,400,test
45,4001,400,test
45,4002,400,test
45,4003,400,test
45,4004,400,test
45,4005,400,test
45,4006,400,test
45,4007,400,test
45,4008,400,test
45,4009,400,test
45,4070,407,test
45,4071,407,test
45,4072,407,test
45,4073,407,test
45,4074,407,test
45,4075,407,test
45,4076,407,test
45,4077,407,test
45,4078,407,test
45,4079,407,test
45,4100,410,test
45,4101,410,test
45,4102,410,test
45,4103,410,test
45,4104,410,test
45,4105,410,test
45,4106,410,test
45,4107,410,test
45,4108,410,test
45,4109,410,test
45,4210,421,test
45,4211,421,test
45,4212,421,test
45,4213,421,test
45,4214,421,test
45,4215,421,test
45,4216,421,test
45,4217,421,test
45,4218,421,test
45,4219,421,test
45,4270,427,test
45,4271,427,test
45,4272,427,test
45,4273,427,test
45,4274,427,test
45,4275,427,test
45,4276,427,test
45,4277,427,test
45,4278,427,test
45,4279,427,test
45,4280,428,test
45,4281,428,test
45,4282,428,test
45,4283,428,test
45,4284,428,test
45,4285,428,test
45,4286,428,test
45,4287,428,test
45,4288,428,test
45,4289,428,test
45,4410,441,test
45,4411,441,test
45,4412,441,test
45,4413,441,test
45,4414,441,test
45,4415,441,test
45,4416,441,test
45,4417,441,test
45,4418,441,test
45,4419,441,test
45,4430,443,test
45,4431,443,test
45,4432,443,test
45,4433,443,test
45,4434,443,test
45,4435,443,test
45,4436,443,test
45,4437,443,test
45,4438,443,test
45,4439,443,test
45,4450,445,test
45,4451,445,test
45,4452,445,test
45,4453,445,test
45,4454,445,test
45,4455,445,test
45,4456,445,test
45,4457,445,test
45,4458,445,test
45,4459,445,test
45,4470,447,test
45,4471,447,test
45,4472,447,test
45,4473,447,test
45,4474,447,test
45,4475,447,test
45,4476,447,test
45,4477,447,test
45,4478,447,test
45,4479,447,test
45,4500,450,test
45,4501,450,test
45,4502,450,test
45,4503,450,test
45,4504,450,test
45,4505,450,test
45,4506,450,test
45,4507,450,test
45,4508,450,test
45,4509,450,test
45,4510,451,test
45,4511,451,test
45,4512,451,test
45,4513,451,test
45,4514,451,test
45,4515,451,test
45,4516,451,test
45,4517,451,test
45,4518,451,test
45,4519,451,test
45,4570,457,test
45,4571,457,test
45,4572,457,test
45,4573,457,test
45,4574,457,test
45,4575,457,test
45,4576,457,test
45,4577,457,test
45,4578,457,test
45,4579,457,test
45,4640,464,test
45,4641,464,test
45,4642,464,test
45,4643,464,test
45,4644,464,test
45,4645,464,test
45,4646,464,test
45,4647,464,test
45,4648,464,test
45,4649,464,test
45,4670,467,test
45,4671,467,test
45,4672,467,test
45,4673,467,test
45,4674,467,test
45,4675,467,test
45,4676,467,test
45,4677,467,test
45,4678,467,test
45,4679,467,test
45,4680,468,test
45,4681,468,test
45,4682,468,test
45,4683,468,test
45,4684,468,test
45,4685,468,test
45,4686,468,test
45,4687,468,test
45,4688,468,test
45,4689,468,test
45,4720,472,test
45,4721,472,test
45,4722,472,test
45,4723,472,test
45,4724,472,test
45,4725,472,test
45,4726,472,test
45,4727,472,test
45,4728,472,test
45,4729,472,test
45,4810,481,test
45,4811,481,test
45,4812,481,test
45,4813,481,test
45,4814,481,test
45,4815,481,test
45,4816,481,test
45,4817,481,test
45,4818,481,test
45,4819,481,test
45,4850,485,test
45,4851,485,test
45,4852,485,test
45,4853,485,test
45,4854,485,test
45,4855,485,test
45,4856,485,test
45,4857,485,test
45,4858,485,test
45,4859,485,test
45,4880,488,test
45,4881,488,test
45,4882,488,test
45,4883,488,test
45,4884,488,test
45,4885,488,test
45,4886,488,test
45,4887,488,test
45,4888,488,test
45,4889,488,test
45,4900,490,test
45,4901,490,test
45,4902,490,test
45,4903,490,test
45,4904,490,test
45,4905,490,test
45,4906,490,test
45,4907,490,test
45,4908,490,test
45,4909,490,test
45,4930,493,test
45,4931,493,test
45,4932,493,test
45,4933,493,test
45,4934,493,test
45,4935,493,test
45,4936,493,test
45,4937,493,test
45,4938,493,test
45,4939,493,test
45,4980,498,test
45,4981,498,test
45,4982,498,test
45,4983,498,test
45,4984,498,test
45,4985,498,test
45,4986,498,test
45,4987,498,test
45,4988,498,test
45,4989,498,test
45,5030,503,test
45,5031,503,test
45,5032,503,test
45,5033,503,test
45,5034,503,test
45,5035,503,test
45,5036,503,test
45,5037,503,test
45,5038,503,test
45,5039,503,test
45,5090,509,test
45,5091,509,test
45,5092,509,test
45,5093,509,test
45,5094,509,test
45,5095,509,test
45,5096,509,test
45,5097,509,test
45,5098,509,test
45,5099,509,test
45,5190,519,test
45,5191,519,test
45,5192,519,test
45,5193,519,test
45,5194,519,test
45,5195,519,test
45,5196,519,test
45,5197,519,test
45,5198,519,test
45,5199,519,test
45,5200,520,test
45,5201,520,test
45,5202,520,test
45,5203,520,test
45,5204,520,test
45,5205,520,test
45,5206,520,test
45,5207,520,test
45,5208,520,test
45,5209,520,test
45,5250,525,test
45,5251,525,test
45,5252,525,test
45,5253,525,test
45,5254,525,test
45,5255,525,test
45,5256,525,test
45,5257,525,test
45,5258,525,test
45,5259,525,test
45,5350,535,test
45,5351,535,test
45,5352,535,test
45,5353,535,test
45,5354,535,test
45,5355,535,test
45,5356,535,test
45,5357,535,test
45,5358,535,test
45,5359,535,test
45,5380,538,test
45,5381,538,test
45,5382,538,test
45,5383,538,test
45,5384,538,test
45,5385,538,test
45,5386,538,test
45,5387,538,test
45,5388,538,test
45,5389,538,test
45,5400,540,test
45,5401,540,test
45,5402,540,test
45,5403,540,test
45,5404,540,test
45,5405,540,test
45,5406,540,test
45,5407,540,test
45,5408,540,test
45,5409,540,test
45,5420,542,test
45,5421,542,test
45,5422,542,test
45,5423,542,test
45,5424,542,test
45,5425,542,test
45,5426,542,test
45,5427,542,test
45,5428,542,test
45,5429,542,test
45,5480,548,test
45,5481,548,test
45,5482,548,test
45,5483,548,test
45,5484,548,test
45,5485,548,test
45,5486,548,test
45,5487,548,test
45,5488,548,test
45,5489,548,test
45,5520,552,test
45,5521,552,test
45,5522,552,test
45,5523,552,test
45,5524,552,test
45,5525,552,test
45,5526,552,test
45,5527,552,test
45,5528,552,test
45,5529,552,test
45,5530,553,test
45,5531,553,test
45,5532,553,test
45,5533,553,test
45,5534,553,test
45,5535,553,test
45,5536,553,test
45,5537,553,test
45,5538,553,test
45,5539,553,test
45,5550,555,test
45,5551,555,test
45,5552,555,test
45,5553,555,test
45,5554,555,test
45,5555,555,test
45,5556,555,test
45,5557,555,test
45,5558,555,test
45,5559,555,test
45,5570,557,test
45,5571,557,test
45,5572,557,test
45,5573,557,test
45,5574,557,test
45,5575,557,test
45,5576,557,test
45,5577,557,test
45,5578,557,test
45,5579,557,test
45,5580,558,test
45,5581,558,test
45,5582,558,test
45,5583,558,test
45,5584,558,test
45,5585,558,test
45,5586,558,test
45,5587,558,test
45,5588,558,test
45,5589,558,test
45,5610,561,test
45,5611,561,test
45,5612,561,test
45,5613,561,test
45,5614,561,test
45,5615,561,test
45,5616,561,test
45,5617,561,test
45,5618,561,test
45,5619,561,test
45,5640,564,test
45,5641,564,test
45,5642,564,test
45,5643,564,test
45,5644,564,test
45,5645,564,test
45,5646,564,test
45,5647,564,test
45,5648,564,test
45,5649,564,test
45,5690,569,test
45,5691,569,test
45,5692,569,test
45,5693,569,test
45,5694,569,test
45,5695,569,test
45,5696,569,test
45,5697,569,test
45,5698,569,test
45,5699,569,test
45,5820,582,test
45,5821,582,test
45,5822,582,test
45,5823,582,test
45,5824,582,test
45,5825,582,test
45,5826,582,test
45,5827,582,test
45,5828,582,test
45,5829,582,test
45,5870,587,test
45,5871,587,test
45,5872,587,test
45,5873,587,test
45,5874,587,test
45,5875,587,test
45,5876,587,test
45,5877,587,test
45,5878,587,test
45,5879,587,test
45,5890,589,test
45,5891,589,test
45,5892,589,test
45,5893,589,test
45,5894,589,test
45,5895,589,test
45,5896,589,test
45,5897,589,test
45,5898,589,test
45,5899,589,test
45,5950,595,test
45,5951,595,test
45,5952,595,test
45,5953,595,test
45,5954,595,test
45,5955,595,test
45,5956,595,test
45,5957,595,test
45,5958,595,test
45,5959,595,test
45,6000,600,test
45,6001,600,test
45,6002,600,test
45,6003,600,test
45,6004,600,test
45,6005,600,test
45,6006,600,test
45,6007,600,test
45,6008,600,test
45,6009,600,test
45,6020,602,test
45,6021,602,test
45,6022,602,test
45,6023,602,test
45,6024,602,test
45,6025,602,test
45,6026,602,test
45,6027,602,test
45,6028,602,test
45,6029,602,test
45,6030,603,test
45,6031,603,test
45,6032,603,test
45,6033,603,test
45,6034,603,test
45,6035,603,test
45,6036,603,test
45,6037,603,test
45,6038,603,test
45,6039,603,test
45,6080,608,test
45,6081,608,test
45,6082,608,test
45,6083,608,test
45,6084,608,test
45,6085,608,test
45,6086,608,test
45,6087,608,test
45,6088,608,test
45,6089,608,test
45,6090,609,test
45,6091,609,test
45,6092,609,test
45,6093,609,test
45,6094,609,test
45,6095,609,test
45,6096,609,test
45,6097,609,test
45,6098,609,test
45,6099,609,test
45,6150,615,test
45,6151,615,test
45,6152,615,test
45,6153,615,test
45,6154,615,test
45,6155,615,test
45,6156,615,test
45,6157,615,test
45,6158,615,test
45,6159,615,test
45,6160,616,test
45,6161,616,test
45,6162,616,test
45,6163,616,test
45,6164,616,test
45,6165,616,test
45,6166,616,test
45,6167,616,test
45,6168,616,test
45,6169,616,test
45,6200,620,test
45,6201,620,test
45,6202,620,test
45,6203,620,test
45,6204,620,test
45,6205,620,test
45,6206,620,test
45,6207,620,test
45,6208,620,test
45,6209,620,test
45,6220,622,test
45,6221,622,test
45,6222,622,test
45,6223,622,test
45,6224,622,test
45,6225,622,test
45,6226,622,test
45,6227,622,test
45,6228,622,test
45,6229,622,test
45,6260,626,test
45,6261,626,test
45,6262,626,test
45,6263,626,test
45,6264,626,test
45,6265,626,test
45,6266,626,test
45,6267,626,test
45,6268,626,test
45,6269,626,test
45,6320,632,test
45,6321,632,test
45,6322,632,test
45,6323,632,test
45,6324,632,test
45,6325,632,test
45,6326,632,test
45,6327,632,test
45,6328,632,test
45,6329,632,test
45,6350,635,test
45,6351,635,test
45,6352,635,test
45,6353,635,test
45,6354,635,test
45,6355,635,test
45,6356,635,test
45,6357,635,test
45,6358,635,test
45,6359,635,test
45,6450,645,test
45,6451,645,test
45,6452,645,test
45,6453,645,test
45,6454,645,test
45,6455,645,test
45,6456,645,test
45,6457,645,test
45,6458,645,test
45,6459,645,test
45,6500,650,test
45,6501,650,test
45,6502,650,test
45,6503,650,test
45,6504,650,test
45,6505,650,test
45,6506,650,test
45,6507,650,test
45,6508,650,test
45,6509,650,test
45,6530,653,test
45,6531,653,test
45,6532,653,test
45,6533,653,test
45,6534,653,test
45,6535,653,test
45,6536,653,test
45,6537,653,test
45,6538,653,test
45,6539,653,test
45,6580,658,test
45,6581,658,test
45,6582,658,test
45,6583,658,test
45,6584,658,test
45,6585,658,test
45,6586,658,test
45,6587,658,test
45,6588,658,test
45,6589,658,test
45,6660,666,test
45,6661,666,test
45,6662,666,test
45,6663,666,test
45,6664,666,test
45,6665,666,test
45,6666,666,test
45,6667,666,test
45,6668,666,test
45,6669,666,test
45,6690,669,test
45,6691,669,test
45,6692,669,test
45,6693,669,test
45,6694,669,test
45,6695,669,test
45,6696,669,test
45,6697,669,test
45,6698,669,test
45,6699,669,test
45,6750,675,test
45,6751,675,test
45,6752,675,test
45,6753,675,test
45,6754,675,test
45,6755,675,test
45,6756,675,test
45,6757,675,test
45,6758,675,test
45,6759,675,test
45,6780,678,test
45,6781,678,test
45,6782,678,test
45,6783,678,test
45,6784,678,test
45,6785,678,test
45,6786,678,test
45,6787,678,test
45,6788,678,test
45,6789,678,test
45,6800,680,test
45,6801,680,test
45,6802,680,test
45,6803,680,test
45,6804,680,test
45,6805,680,test
45,6806,680,test
45,6807,680,test
45,6808,680,test
45,6809,680,test
45,6810,681,test
45,6811,681,test
45,6812,681,test
45,6813,681,test
45,6814,681,test
45,6815,681,test
45,6816,681,test
45,6817,681,test
45,6818,681,test
45,6819,681,test
45,6890,689,test
45,6891,689,test
45,6892,689,test
45,6893,689,test
45,6894,689,test
45,6895,689,test
45,6896,689,test
45,6897,689,test
45,6898,689,test
45,6899,689,test
45,6940,694,test
45,6941,694,test
45,6942,694,test
45,6943,694,test
45,6944,694,test
45,6945,694,test
45,6946,694,test
45,6947,694,test
45,6948,694,test
45,6949,694,test
45,7000,700,test
45,7001,700,test
45,7002,700,test
45,7003,700,test
45,7004,700,test
45,7005,700,test
45,7006,700,test
45,7007,700,test
45,7008,700,test
45,7009,700,test
45,7050,705,test
45,7051,705,test
45,7052,705,test
45,7053,705,test
45,7054,705,test
45,7055,705,test
45,7056,705,test
45,7057,705,test
45,7058,705,test
45,7059,705,test
45,7130,713,test
45,7131,713,test
45,7132,713,test
45,7133,713,test
45,7134,713,test
45,7135,713,test
45,7136,713,test
45,7137,713,test
45,7138,713,test
45,7139,713,test
45,7170,717,test
45,7171,717,test
45,7172,717,test
45,7173,717,test
45,7174,717,test
45,7175,717,test
45,7176,717,test
45,7177,717,test
45,7178,717,test
45,7179,717,test
45,7210,721,test
45,7211,721,test
45,7212,721,test
45,7213,721,test
45,7214,721,test
45,7215,721,test
45,7216,721,test
45,7217,721,test
45,7218,721,test
45,7219,721,test
45,7320,732,test
45,7321,732,test
45,7322,732,test
45,7323,732,test
45,7324,732,test
45,7325,732,test
45,7326,732,test
45,7327,732,test
45,7328,732,test
45,7329,732,test
45,7350,735,test
45,7351,735,test
45,7352,735,test
45,7353,735,test
45,7354,735,test
45,7355,735,test
45,7356,735,test
45,7357,735,test
45,7358,735,test
45,7359,735,test
45,7390,739,test
45,7391,739,test
45,7392,739,test
45,7393,739,test
45,7394,739,test
45,7395,739,test
45,7396,739,test
45,7397,739,test
45,7398,739,test
45,7399,739,test
45,7490,749,test
45,7491,749,test
45,7492,749,test
45,7493,749,test
45,7494,749,test
45,7495,749,test
45,7496,749,test
45,7497,749,test
45,7498,749,test
45,7499,749,test
45,7520,752,test
45,7521,752,test
45,7522,752,test
45,7523,752,test
45,7524,752,test
45,7525,752,test
45,7526,752,test
45,7527,752,test
45,7528,752,test
45,7529,752,test
45,7540,754,test
45,7541,754,test
45,7542,754,test
45,7543,754,test
45,7544,754,test
45,7545,754,test
45,7546,754,test
45,7547,754,test
45,7548,754,test
45,7549,754,test
45,7570,757,test
45,7571,757,test
45,7572,757,test
45,7573,757,test
45,7574,757,test
45,7575,757,test
45,7576,757,test
45,7577,757,test
45,7578,757,test
45,7579,757,test
45,7730,773,test
45,7731,773,test
45,7732,773,test
45,7733,773,test
45,7734,773,test
45,7735,773,test
45,7736,773,test
45,7737,773,test
45,7738,773,test
45,7739,773,test
45,7750,775,test
45,7751,775,test
45,7752,775,test
45,7753,775,test
45,7754,775,test
45,7755,775,test
45,7756,775,test
45,7757,775,test
45,7758,775,test
45,7759,775,test
45,7790,779,test
45,7791,779,test
45,7792,779,test
45,7793,779,test
45,7794,779,test
45,7795,779,test
45,7796,779,test
45,7797,779,test
45,7798,779,test
45,7799,779,test
45,7800,780,test
45,7801,780,test
45,7802,780,test
45,7803,780,test
45,7804,780,test
45,7805,780,test
45,7806,780,test
45,7807,780,test
45,7808,780,test
45,7809,780,test
45,7890,789,test
45,7891,789,test
45,7892,789,test
45,7893,789,test
45,7894,789,test
45,7895,789,test
45,7896,789,test
45,7897,789,test
45,7898,789,test
45,7899,789,test
45,7900,790,test
45,7901,790,test
45,7902,790,test
45,7903,790,test
45,7904,790,test
45,7905,790,test
45,7906,790,test
45,7907,790,test
45,7908,790,test
45,7909,790,test
45,7910,791,test
45,7911,791,test
45,7912,791,test
45,7913,791,test
45,7914,791,test
45,7915,791,test
45,7916,791,test
45,7917,791,test
45,7918,791,test
45,7919,791,test
45,7930,793,test
45,7931,793,test
45,7932,793,test
45,7933,793,test
45,7934,793,test
45,7935,793,test
45,7936,793,test
45,7937,793,test
45,7938,793,test
45,7939,793,test
45,7970,797,test
45,7971,797,test
45,7972,797,test
45,7973,797,test
45,7974,797,test
45,7975,797,test
45,7976,797,test
45,7977,797,test
45,7978,797,test
45,7979,797,test
45,8010,801,test
45,8011,801,test
45,8012,801,test
45,8013,801,test
45,8014,801,test
45,8015,801,test
45,8016,801,test
45,8017,801,test
45,8018,801,test
45,8019,801,test
45,8040,804,test
45,8041,804,test
45,8042,804,test
45,8043,804,test
45,8044,804,test
45,8045,804,test
45,8046,804,test
45,8047,804,test
45,8048,804,test
45,8049,804,test
45,8120,812,test
45,8121,812,test
45,8122,812,test
45,8123,812,test
45,8124,812,test
45,8125,812,test
45,8126,812,test
45,8127,812,test
45,8128,812,test
45,8129,812,test
45,8130,813,test
45,8131,813,test
45,8132,813,test
45,8133,813,test
45,8134,813,test
45,8135,813,test
45,8136,813,test
45,8137,813,test
45,8138,813,test
45,8139,813,test
45,8170,817,test
45,8171,817,test
45,8172,817,test
45,8173,817,test
45,8174,817,test
45,8175,817,test
45,8176,817,test
45,8177,817,test
45,8178,817,test
45,8179,817,test
45,8190,819,test
45,8191,819,test
45,8192,819,test
45,8193,819,test
45,8194,819,test
45,8195,819,test
45,8196,819,test
45,8197,819,test
45,8198,819,test
45,8199,819,test
45,8200,820,test
45,8201,820,test
45,8202,820,test
45,8203,820,test
45,8204,820,test
45,8205,820,test
45,8206,820,test
45,8207,820,test
45,8208,820,test
45,8209,820,test
45,8300,830,test
45,8301,830,test
45,8302,830,test
45,8303,830,test
45,8304,830,test
45,8305,830,test
45,8306,830,test
45,8307,830,test
45,8308,830,test
45,8309,830,test
45,8330,833,test
45,8331,833,test
45,8332,833,test
45,8333,833,test
45,8334,833,test
45,8335,833,test
45,8336,833,test
45,8337,833,test
45,8338,833,test
45,8339,833,test
45,8340,834,test
45,8341,834,test
45,8342,834,test
45,8343,834,test
45,8344,834,test
45,8345,834,test
45,8346,834,test
45,8347,834,test
45,8348,834,test
45,8349,834,test
45,8410,841,test
45,8411,841,test
45,8412,841,test
45,8413,841,test
45,8414,841,test
45,8415,841,test
45,8416,841,test
45,8417,841,test
45,8418,841,test
45,8419,841,test
45,8540,854,test
45,8541,854,test
45,8542,854,test
45,8543,854,test
45,8544,854,test
45,8545,854,test
45,8546,854,test
45,8547,854,test
45,8548,854,test
45,8549,854,test
45,8580,858,test
45,8581,858,test
45,8582,858,test
45,8583,858,test
45,8584,858,test
45,8585,858,test
45,8586,858,test
45,8587,858,test
45,8588,858,test
45,8589,858,test
45,8590,859,test
45,8591,859,test
45,8592,859,test
45,8593,859,test
45,8594,859,test
45,8595,859,test
45,8596,859,test
45,8597,859,test
45,8598,859,test
45,8599,859,test
45,8670,867,test
45,8671,867,test
45,8672,867,test
45,8673,867,test
45,8674,867,test
45,8675,867,test
45,8676,867,test
45,8677,867,test
45,8678,867,test
45,8679,867,test
45,8760,876,test
45,8761,876,test
45,8762,876,test
45,8763,876,test
45,8764,876,test
45,8765,876,test
45,8766,876,test
45,8767,876,test
45,8768,876,test
45,8769,876,test
45,8990,899,test
45,8991,899,test
45,8992,899,test
45,8993,899,test
45,8994,899,test
45,8995,899,test
45,8996,899,test
45,8997,899,test
45,8998,899,test
45,8999,899,test
45,9180,918,test
45,9181,918,test
45,9182,918,test
45,9183,918,test
45,9184,918,test
45,9185,918,test
45,9186,918,test
45,9187,918,test
45,9188,918,test
45,9189,918,test
45,9200,920,test
45,9201,920,test
45,9202,920,test
45,9203,920,test
45,9204,920,test
45,9205,920,test
45,9206,920,test
45,9207,920,test
45,9208,920,test
45,9209,920,test
45,9220,922,test
45,9221,922,test
45,9222,922,test
45,9223,922,test
45,9224,922,test
45,9225,922,test
45,9226,922,test
45,9227,922,test
45,9228,922,test
45,9229,922,test
45,9270,927,test
45,9271,927,test
45,9272,927,test
45,9273,927,test
45,9274,927,test
45,9275,927,test
45,9276,927,test
45,9277,927,test
45,9278,927,test
45,9279,927,test
45,9280,928,test
45,9281,928,test
45,9282,928,test
45,9283,928,test
45,9284,928,test
45,9285,928,test
45,9286,928,test
45,9287,928,test
45,9288,928,test
45,9289,928,test
45,9340,934,test
45,9341,934,test
45,9342,934,test
45,9343,934,test
45,9344,934,test
45,9345,934,test
45,9346,934,test
45,9347,934,test
45,9348,934,test
45,9349,934,test
45,9370,937,test
45,9371,937,test
45,9372,937,test
45,9373,937,test
45,9374,937,test
45,9375,937,test
45,9376,937,test
45,9377,937,test
45,9378,937,test
45,9379,937,test
45,9390,939,test
45,9391,939,test
45,9392,939,test
45,9393,939,test
45,9394,939,test
45,9395,939,test
45,9396,939,test
45,9397,939,test
45,9398,939,test
45,9399,939,test
45,9440,944,test
45,9441,944,test
45,9442,944,test
45,9443,944,test
45,9444,944,test
45,9445,944,test
45,9446,944,test
45,9447,944,test
45,9448,944,test
45,9449,944,test
45,9490,949,test
45,9491,949,test
45,9492,949,test
45,9493,949,test
45,9494,949,test
45,9495,949,test
45,9496,949,test
45,9497,949,test
45,9498,949,test
45,9499,949,test
45,9500,950,test
45,9501,950,test
45,9502,950,test
45,9503,950,test
45,9504,950,test
45,9505,950,test
45,9506,950,test
45,9507,950,test
45,9508,950,test
45,9509,950,test
45,9520,952,test
45,9521,952,test
45,9522,952,test
45,9523,952,test
45,9524,952,test
45,9525,952,test
45,9526,952,test
45,9527,952,test
45,9528,952,test
45,9529,952,test
45,9610,961,test
45,9611,961,test
45,9612,961,test
45,9613,961,test
45,9614,961,test
45,9615,961,test
45,9616,961,test
45,9617,961,test
45,9618,961,test
45,9619,961,test
45,9630,963,test
45,9631,963,test
45,9632,963,test
45,9633,963,test
45,9634,963,test
45,9635,963,test
45,9636,963,test
45,9637,963,test
45,9638,963,test
45,9639,963,test
45,9710,971,test
45,9711,971,test
45,9712,971,test
45,9713,971,test
45,9714,971,test
45,9715,971,test
45,9716,971,test
45,9717,971,test
45,9718,971,test
45,9719,971,test
45,9820,982,test
45,9821,982,test
45,9822,982,test
45,9823,982,test
45,9824,982,test
45,9825,982,test
45,9826,982,test
45,9827,982,test
45,9828,982,test
45,9829,982,test
45,9870,987,test
45,9871,987,test
45,9872,987,test
45,9873,987,test
45,9874,987,test
45,9875,987,test
45,9876,987,test
45,9877,987,test
45,9878,987,test
45,9879,987,test
45,9920,992,test
45,9921,992,test
45,9922,992,test
45,9923,992,test
45,9924,992,test
45,9925,992,test
45,9926,992,test
45,9927,992,test
45,9928,992,test
45,9929,992,test
45,9950,995,test
45,9951,995,test
45,9952,995,test
45,9953,995,test
45,9954,995,test
45,9955,995,test
45,9956,995,test
45,9957,995,test
45,9958,995,test
45,9959,995,test
45,9990,999,test
45,9991,999,test
45,9992,999,test
45,9993,999,test
45,9994,999,test
45,9995,999,test
45,9996,999,test
45,9997,999,test
45,9998,999,test
45,9999,999,test
46,0,0,train
46,1,0,train
46,2,0,train
46,3,0,train
46,4,0,train
46,5,0,train
46,6,0,train
46,7,0,train
46,8,0,train
46,9,0,train
46,10,1,train
46,11,1,train
46,12,1,train
46,13,1,train
46,14,1,train
46,15,1,train
46,16,1,train
46,17,1,train
46,18,1,train
46,19,1,train
46,20,2,train
46,21,2,train
46,22,2,train
46,23,2,train
46,24,2,train
46,25,2,train
46,26,2,train
46,27,2,train
46,28,2,train
46,29,2,train
46,30,3,train
46,31,3,train
46,32,3,train
46,33,3,train
46,34,3,train
46,35,3,train
46,36,3,train
46,37,3,train
46,38,3,train
46,39,3,train
46,50,5,train
46,51,5,train
46,52,5,train
46,53,5,train
46,54,5,train
46,55,5,train
46,56,5,train
46,57,5,train
46,58,5,train
46,59,5,train
46,60,6,train
46,61,6,train
46,62,6,train
46,63,6,train
46,64,6,train
46,65,6,train
46,66,6,train
46,67,6,train
46,68,6,train
46,69,6,train
46,70,7,train
46,71,7,train
46,72,7,train
46,73,7,train
46,74,7,train
46,75,7,train
46,76,7,train
46,77,7,train
46,78,7,train
46,79,7,train
46,80,8,train
46,81,8,train
46,82,8,train
46,83,8,train
46,84,8,train
46,85,8,train
46,86,8,train
46,87,8,train
46,88,8,train
46,89,8,train
46,100,10,train
46,101,10,train
46,102,10,train
46,103,10,train
46,104,10,train
46,105,10,train
46,106,10,train
46,107,10,train
46,108,10,train
46,109,10,train
46,120,12,train
46,121,12,train
46,122,12,train
46,123,12,train
46,124,12,train
46,125,12,train
46,126,12,train
46,127,12,train
46,128,12,train
46,129,12,train
46,150,15,train
46,151,15,train
46,152,15,train
46,153,15,train
46,154,15,train
46,155,15,train
46,156,15,train
46,157,15,train
46,158,15,train
46,159,15,train
46,160,16,train
46,161,16,train
46,162,16,train
46,163,16,train
46,164,16,train
46,165,16,train
46,166,16,train
46,167,16,train
46,168,16,train
46,169,16,train
46,170,17,train
46,171,17,train
46,172,17,train
46,173,17,train
46,174,17,train
46,175,17,train
46,176,17,train
46,177,17,train
46,178,17,train
46,179,17,train
46,180,18,train
46,181,18,train
46,182,18,train
46,183,18,train
46,184,18,train
46,185,18,train
46,186,18,train
46,187,18,train
46,188,18,train
46,189,18,train
46,200,20,train
46,201,20,train
46,202,20,train
46,203,20,train
46,204,20,train
46,205,20,train
46,206,20,train
46,207,20,train
46,208,20,train
46,209,20,train
46,220,22,train
46,221,22,train
46,222,22,train
46,223,22,train
46,224,22,train
46,225,22,train
46,226,22,train
46,227,22,train
46,228,22,train
46,229,22,train
46,230,23,train
46,231,23,train
46,232,23,train
46,233,23,train
46,234,23,train
46,235,23,train
46,236,23,train
46,237,23,train
46,238,23,train
46,239,23,train
46,250,25,train
46,251,25,train
46,252,25,train
46,253,25,train
46,254,25,train
46,255,25,train
46,256,25,train
46,257,25,train
46,258,25,train
46,259,25,train
46,290,29,train
46,291,29,train
46,292,29,train
46,293,29,train
46,294,29,train
46,295,29,train
46,296,29,train
46,297,29,train
46,298,29,train
46,299,29,train
46,310,31,train
46,311,31,train
46,312,31,train
46,313,31,train
46,314,31,train
46,315,31,train
46,316,31,train
46,317,31,train
46,318,31,train
46,319,31,train
46,320,32,train
46,321,32,train
46,322,32,train
46,323,32,train
46,324,32,train
46,325,32,train
46,326,32,train
46,327,32,train
46,328,32,train
46,329,32,train
46,340,34,train
46,341,34,train
46,342,34,train
46,343,34,train
46,344,34,train
46,345,34,train
46,346,34,train
46,347,34,train
46,348,34,train
46,349,34,train
46,350,35,train
46,351,35,train
46,352,35,train
46,353,35,train
46,354,35,train
46,355,35,train
46,356,35,train
46,357,35,train
46,358,35,train
46,359,35,train
46,360,36,train
46,361,36,train
46,362,36,train
46,363,36,train
46,364,36,train
46,365,36,train
46,366,36,train
46,367,36,train
46,368,36,train
46,369,36,train
46,370,37,train
46,371,37,train
46,372,37,train
46,373,37,train
46,374,37,train
46,375,37,train
46,376,37,train
46,377,37,train
46,378,37,train
46,379,37,train
46,400,40,train
46,401,40,train
46,402,40,train
46,403,40,train
46,404,40,train
46,405,40,train
46,406,40,train
46,407,40,train
46,408,40,train
46,409,40,train
46,410,41,train
46,411,41,train
46,412,41,train
46,413,41,train
46,414,41,train
46,415,41,train
46,416,41,train
46,417,41,train
46,418,41,train
46,419,41,train
46,420,42,train
46,421,42,train
46,422,42,train
46,423,42,train
46,424,42,train
46,425,42,train
46,426,42,train
46,427,42,train
46,428,42,train
46,429,42,train
46,430,43,train
46,431,43,train
46,432,43,train
46,433,43,train
46,434,43,train
46,435,43,train
46,436,43,train
46,437,43,train
46,438,43,train
46,439,43,train
46,460,46,train
46,461,46,train
46,462,46,train
46,463,46,train
46,464,46,train
46,465,46,train
46,466,46,train
46,467,46,train
46,468,46,train
46,469,46,train
46,470,47,train
46,471,47,train
46,472,47,train
46,473,47,train
46,474,47,train
46,475,47,train
46,476,47,train
46,477,47,train
46,478,47,train
46,479,47,train
46,500,50,train
46,501,50,train
46,502,50,train
46,503,50,train
46,504,50,train
46,505,50,train
46,506,50,train
46,507,50,train
46,508,50,train
46,509,50,train
46,520,52,train
46,521,52,train
46,522,52,train
46,523,52,train
46,524,52,train
46,525,52,train
46,526,52,train
46,527,52,train
46,528,52,train
46,529,52,train
46,530,53,train
46,531,53,train
46,532,53,train
46,533,53,train
46,534,53,train
46,535,53,train
46,536,53,train
46,537,53,train
46,538,53,train
46,539,53,train
46,540,54,train
46,541,54,train
46,542,54,train
46,543,54,train
46,544,54,train
46,545,54,train
46,546,54,train
46,547,54,train
46,548,54,train
46,549,54,train
46,560,56,train
46,561,56,train
46,562,56,train
46,563,56,train
46,564,56,train
46,565,56,train
46,566,56,train
46,567,56,train
46,568,56,train
46,569,56,train
46,570,57,train
46,571,57,train
46,572,57,train
46,573,57,train
46,574,57,train
46,575,57,train
46,576,57,train
46,577,57,train
46,578,57,train
46,579,57,train
46,580,58,train
46,581,58,train
46,582,58,train
46,583,58,train
46,584,58,train
46,585,58,train
46,586,58,train
46,587,58,train
46,588,58,train
46,589,58,train
46,590,59,train
46,591,59,train
46,592,59,train
46,593,59,train
46,594,59,train
46,595,59,train
46,596,59,train
46,597,59,train
46,598,59,train
46,599,59,train
46,610,61,train
46,611,61,train
46,612,61,train
46,613,61,train
46,614,61,train
46,615,61,train
46,616,61,train
46,617,61,train
46,618,61,train
46,619,61,train
46,620,62,train
46,621,62,train
46,622,62,train
46,623,62,train
46,624,62,train
46,625,62,train
46,626,62,train
46,627,62,train
46,628,62,train
46,629,62,train
46,630,63,train
46,631,63,train
46,632,63,train
46,633,63,train
46,634,63,train
46,635,63,train
46,636,63,train
46,637,63,train
46,638,63,train
46,639,63,train
46,640,64,train
46,641,64,train
46,642,64,train
46,643,64,train
46,644,64,train
46,645,64,train
46,646,64,train
46,647,64,train
46,648,64,train
46,649,64,train
46,660,66,train
46,661,66,train
46,662,66,train
46,663,66,train
46,664,66,train
46,665,66,train
46,666,66,train
46,667,66,train
46,668,66,train
46,669,66,train
46,670,67,train
46,671,67,train
46,672,67,train
46,673,67,train
46,674,67,train
46,675,67,train
46,676,67,train
46,677,67,train
46,678,67,train
46,679,67,train
46,690,69,train
46,691,69,train
46,692,69,train
46,693,69,train
46,694,69,train
46,695,69,train
46,696,69,train
46,697,69,train
46,698,69,train
46,699,69,train
46,720,72,train
46,721,72,train
46,722,72,train
46,723,72,train
46,724,72,train
46,725,72,train
46,726,72,train
46,727,72,train
46,728,72,train
46,729,72,train
46,730,73,train
46,731,73,train
46,732,73,train
46,733,73,train
46,734,73,train
46,735,73,train
46,736,73,train
46,737,73,train
46,738,73,train
46,739,73,train
46,740,74,train
46,741,74,train
46,742,74,train
46,743,74,train
46,744,74,train
46,745,74,train
46,746,74,train
46,747,74,train
46,748,74,train
46,749,74,train
46,760,76,train
46,761,76,train
46,762,76,train
46,763,76,train
46,764,76,train
46,765,76,train
46,766,76,train
46,767,76,train
46,768,76,train
46,769,76,train
46,780,78,train
46,781,78,train
46,782,78,train
46,783,78,train
46,784,78,train
46,785,78,train
46,786,78,train
46,787,78,train
46,788,78,train
46,789,78,train
46,830,83,train
46,831,83,train
46,832,83,train
46,833,83,train
46,834,83,train
46,835,83,train
46,836,83,train
46,837,83,train
46,838,83,train
46,839,83,train
46,850,85,train
46,851,85,train
46,852,85,train
46,853,85,train
46,854,85,train
46,855,85,train
46,856,85,train
46,857,85,train
46,858,85,train
46,859,85,train
46,910,91,train
46,911,91,train
46,912,91,train
46,913,91,train
46,914,91,train
46,915,91,train
46,916,91,train
46,917,91,train
46,918,91,train
46,919,91,train
46,920,92,train
46,921,92,train
46,922,92,train
46,923,92,train
46,924,92,train
46,925,92,train
46,926,92,train
46,927,92,train
46,928,92,train
46,929,92,train
46,940,94,train
46,941,94,train
46,942,94,train
46,943,94,train
46,944,94,train
46,945,94,train
46,946,94,train
46,947,94,train
46,948,94,train
46,949,94,train
46,950,95,train
46,951,95,train
46,952,95,train
46,953,95,train
46,954,95,train
46,955,95,train
46,956,95,train
46,957,95,train
46,958,95,train
46,959,95,train
46,980,98,train
46,981,98,train
46,982,98,train
46,983,98,train
46,984,98,train
46,985,98,train
46,986,98,train
46,987,98,train
46,988,98,train
46,989,98,train
46,990,99,train
46,991,99,train
46,992,99,train
46,993,99,train
46,994,99,train
46,995,99,train
46,996,99,train
46,997,99,train
46,998,99,train
46,999,99,train
46,1000,100,train
46,1001,100,train
46,1002,100,train
46,1003,100,train
46,1004,100,train
46,1005,100,train
46,1006,100,train
46,1007,100,train
46,1008,100,train
46,1009,100,train
46,1010,101,train
46,1011,101,train
46,1012,101,train
46,1013,101,train
46,1014,101,train
46,1015,101,train
46,1016,101,train
46,1017,101,train
46,1018,101,train
46,1019,101,train
46,1020,102,train
46,1021,102,train
46,1022,102,train
46,1023,102,train
46,1024,102,train
46,1025,102,train
46,1026,102,train
46,1027,102,train
46,1028,102,train
46,1029,102,train
46,1030,103,train
46,1031,103,train
46,1032,103,train
46,1033,103,train
46,1034,103,train
46,1035,103,train
46,1036,103,train
46,1037,103,train
46,1038,103,train
46,1039,103,train
46,1040,104,train
46,1041,104,train
46,1042,104,train
46,1043,104,train
46,1044,104,train
46,1045,104,train
46,1046,104,train
46,1047,104,train
46,1048,104,train
46,1049,104,train
46,1060,106,train
46,1061,106,train
46,1062,106,train
46,1063,106,train
46,1064,106,train
46,1065,106,train
46,1066,106,train
46,1067,106,train
46,1068,106,train
46,1069,106,train
46,1070,107,train
46,1071,107,train
46,1072,107,train
46,1073,107,train
46,1074,107,train
46,1075,107,train
46,1076,107,train
46,1077,107,train
46,1078,107,train
46,1079,107,train
46,1080,108,train
46,1081,108,train
46,1082,108,train
46,1083,108,train
46,1084,108,train
46,1085,108,train
46,1086,108,train
46,1087,108,train
46,1088,108,train
46,1089,108,train
46,1090,109,train
46,1091,109,train
46,1092,109,train
46,1093,109,train
46,1094,109,train
46,1095,109,train
46,1096,109,train
46,1097,109,train
46,1098,109,train
46,1099,109,train
46,1100,110,train
46,1101,110,train
46,1102,110,train
46,1103,110,train
46,1104,110,train
46,1105,110,train
46,1106,110,train
46,1107,110,train
46,1108,110,train
46,1109,110,train
46,1130,113,train
46,1131,113,train
46,1132,113,train
46,1133,113,train
46,1134,113,train
46,1135,113,train
46,1136,113,train
46,1137,113,train
46,1138,113,train
46,1139,113,train
46,1140,114,train
46,1141,114,train
46,1142,114,train
46,1143,114,train
46,1144,114,train
46,1145,114,train
46,1146,114,train
46,1147,114,train
46,1148,114,train
46,1149,114,train
46,1150,115,train
46,1151,115,train
46,1152,115,train
46,1153,115,train
46,1154,115,train
46,1155,115,train
46,1156,115,train
46,1157,115,train
46,1158,115,train
46,1159,115,train
46,1160,116,train
46,1161,116,train
46,1162,116,train
46,1163,116,train
46,1164,116,train
46,1165,116,train
46,1166,116,train
46,1167,116,train
46,1168,116,train
46,1169,116,train
46,1180,118,train
46,1181,118,train
46,1182,118,train
46,1183,118,train
46,1184,118,train
46,1185,118,train
46,1186,118,train
46,1187,118,train
46,1188,118,train
46,1189,118,train
46,1200,120,train
46,1201,120,train
46,1202,120,train
46,1203,120,train
46,1204,120,train
46,1205,120,train
46,1206,120,train
46,1207,120,train
46,1208,120,train
46,1209,120,train
46,1210,121,train
46,1211,121,train
46,1212,121,train
46,1213,121,train
46,1214,121,train
46,1215,121,train
46,1216,121,train
46,1217,121,train
46,1218,121,train
46,1219,121,train
46,1220,122,train
46,1221,122,train
46,1222,122,train
46,1223,122,train
46,1224,122,train
46,1225,122,train
46,1226,122,train
46,1227,122,train
46,1228,122,train
46,1229,122,train
46,1230,123,train
46,1231,123,train
46,1232,123,train
46,1233,123,train
46,1234,123,train
46,1235,123,train
46,1236,123,train
46,1237,123,train
46,1238,123,train
46,1239,123,train
46,1240,124,train
46,1241,124,train
46,1242,124,train
46,1243,124,train
46,1244,124,train
46,1245,124,train
46,1246,124,train
46,1247,124,train
46,1248,124,train
46,1249,124,train
46,1250,125,train
46,1251,125,train
46,1252,125,train
46,1253,125,train
46,1254,125,train
46,1255,125,train
46,1256,125,train
46,1257,125,train
46,1258,125,train
46,1259,125,train
46,1260,126,train
46,1261,126,train
46,1262,126,train
46,1263,126,train
46,1264,126,train
46,1265,126,train
46,1266,126,train
46,1267,126,train
46,1268,126,train
46,1269,126,train
46,1270,127,train
46,1271,127,train
46,1272,127,train
46,1273,127,train
46,1274,127,train
46,1275,127,train
46,1276,127,train
46,1277,127,train
46,1278,127,train
46,1279,127,train
46,1280,128,train
46,1281,128,train
46,1282,128,train
46,1283,128,train
46,1284,128,train
46,1285,128,train
46,1286,128,train
46,1287,128,train
46,1288,128,train
46,1289,128,train
46,1310,131,train
46,1311,131,train
46,1312,131,train
46,1313,131,train
46,1314,131,train
46,1315,131,train
46,1316,131,train
46,1317,131,train
46,1318,131,train
46,1319,131,train
46,1330,133,train
46,1331,133,train
46,1332,133,train
46,1333,133,train
46,1334,133,train
46,1335,133,train
46,1336,133,train
46,1337,133,train
46,1338,133,train
46,1339,133,train
46,1340,134,train
46,1341,134,train
46,1342,134,train
46,1343,134,train
46,1344,134,train
46,1345,134,train
46,1346,134,train
46,1347,134,train
46,1348,134,train
46,1349,134,train
46,1350,135,train
46,1351,135,train
46,1352,135,train
46,1353,135,train
46,1354,135,train
46,1355,135,train
46,1356,135,train
46,1357,135,train
46,1358,135,train
46,1359,135,train
46,1360,136,train
46,1361,136,train
46,1362,136,train
46,1363,136,train
46,1364,136,train
46,1365,136,train
46,1366,136,train
46,1367,136,train
46,1368,136,train
46,1369,136,train
46,1370,137,train
46,1371,137,train
46,1372,137,train
46,1373,137,train
46,1374,137,train
46,1375,137,train
46,1376,137,train
46,1377,137,train
46,1378,137,train
46,1379,137,train
46,1380,138,train
46,1381,138,train
46,1382,138,train
46,1383,138,train
46,1384,138,train
46,1385,138,train
46,1386,138,train
46,1387,138,train
46,1388,138,train
46,1389,138,train
46,1400,140,train
46,1401,140,train
46,1402,140,train
46,1403,140,train
46,1404,140,train
46,1405,140,train
46,1406,140,train
46,1407,140,train
46,1408,140,train
46,1409,140,train
46,1410,141,train
46,1411,141,train
46,1412,141,train
46,1413,141,train
46,1414,141,train
46,1415,141,train
46,1416,141,train
46,1417,141,train
46,1418,141,train
46,1419,141,train
46,1450,145,train
46,1451,145,train
46,1452,145,train
46,1453,145,train
46,1454,145,train
46,1455,145,train
46,1456,145,train
46,1457,145,train
46,1458,145,train
46,1459,145,train
46,1460,146,train
46,1461,146,train
46,1462,146,train
46,1463,146,train
46,1464,146,train
46,1465,146,train
46,1466,146,train
46,1467,146,train
46,1468,146,train
46,1469,146,train
46,1490,149,train
46,1491,149,train
46,1492,149,train
46,1493,149,train
46,1494,149,train
46,1495,149,train
46,1496,149,train
46,1497,149,train
46,1498,149,train
46,1499,149,train
46,1500,150,train
46,1501,150,train
46,1502,150,train
46,1503,150,train
46,1504,150,train
46,1505,150,train
46,1506,150,train
46,1507,150,train
46,1508,150,train
46,1509,150,train
46,1520,152,train
46,1521,152,train
46,1522,152,train
46,1523,152,train
46,1524,152,train
46,1525,152,train
46,1526,152,train
46,1527,152,train
46,1528,152,train
46,1529,152,train
46,1530,153,train
46,1531,153,train
46,1532,153,train
46,1533,153,train
46,1534,153,train
46,1535,153,train
46,1536,153,train
46,1537,153,train
46,1538,153,train
46,1539,153,train
46,1570,157,train
46,1571,157,train
46,1572,157,train
46,1573,157,train
46,1574,157,train
46,1575,157,train
46,1576,157,train
46,1577,157,train
46,1578,157,train
46,1579,157,train
46,1580,158,train
46,1581,158,train
46,1582,158,train
46,1583,158,train
46,1584,158,train
46,1585,158,train
46,1586,158,train
46,1587,158,train
46,1588,158,train
46,1589,158,train
46,1610,161,train
46,1611,161,train
46,1612,161,train
46,1613,161,train
46,1614,161,train
46,1615,161,train
46,1616,161,train
46,1617,161,train
46,1618,161,train
46,1619,161,train
46,1620,162,train
46,1621,162,train
46,1622,162,train
46,1623,162,train
46,1624,162,train
46,1625,162,train
46,1626,162,train
46,1627,162,train
46,1628,162,train
46,1629,162,train
46,1630,163,train
46,1631,163,train
46,1632,163,train
46,1633,163,train
46,1634,163,train
46,1635,163,train
46,1636,163,train
46,1637,163,train
46,1638,163,train
46,1639,163,train
46,1640,164,train
46,1641,164,train
46,1642,164,train
46,1643,164,train
46,1644,164,train
46,1645,164,train
46,1646,164,train
46,1647,164,train
46,1648,164,train
46,1649,164,train
46,1660,166,train
46,1661,166,train
46,1662,166,train
46,1663,166,train
46,1664,166,train
46,1665,166,train
46,1666,166,train
46,1667,166,train
46,1668,166,train
46,1669,166,train
46,1670,167,train
46,1671,167,train
46,1672,167,train
46,1673,167,train
46,1674,167,train
46,1675,167,train
46,1676,167,train
46,1677,167,train
46,1678,167,train
46,1679,167,train
46,1680,168,train
46,1681,168,train
46,1682,168,train
46,1683,168,train
46,1684,168,train
46,1685,168,train
46,1686,168,train
46,1687,168,train
46,1688,168,train
46,1689,168,train
46,1700,170,train
46,1701,170,train
46,1702,170,train
46,1703,170,train
46,1704,170,train
46,1705,170,train
46,1706,170,train
46,1707,170,train
46,1708,170,train
46,1709,170,train
46,1710,171,train
46,1711,171,train
46,1712,171,train
46,1713,171,train
46,1714,171,train
46,1715,171,train
46,1716,171,train
46,1717,171,train
46,1718,171,train
46,1719,171,train
46,1750,175,train
46,1751,175,train
46,1752,175,train
46,1753,175,train
46,1754,175,train
46,1755,175,train
46,1756,175,train
46,1757,175,train
46,1758,175,train
46,1759,175,train
46,1760,176,train
46,1761,176,train
46,1762,176,train
46,1763,176,train
46,1764,176,train
46,1765,176,train
46,1766,176,train
46,1767,176,train
46,1768,176,train
46,1769,176,train
46,1770,177,train
46,1771,177,train
46,1772,177,train
46,1773,177,train
46,1774,177,train
46,1775,177,train
46,1776,177,train
46,1777,177,train
46,1778,177,train
46,1779,177,train
46,1800,180,train
46,1801,180,train
46,1802,180,train
46,1803,180,train
46,1804,180,train
46,1805,180,train
46,1806,180,train
46,1807,180,train
46,1808,180,train
46,1809,180,train
46,1820,182,train
46,1821,182,train
46,1822,182,train
46,1823,182,train
46,1824,182,train
46,1825,182,train
46,1826,182,train
46,1827,182,train
46,1828,182,train
46,1829,182,train
46,1830,183,train
46,1831,183,train
46,1832,183,train
46,1833,183,train
46,1834,183,train
46,1835,183,train
46,1836,183,train
46,1837,183,train
46,1838,183,train
46,1839,183,train
46,1840,184,train
46,1841,184,train
46,1842,184,train
46,1843,184,train
46,1844,184,train
46,1845,184,train
46,1846,184,train
46,1847,184,train
46,1848,184,train
46,1849,184,train
46,1860,186,train
46,1861,186,train
46,1862,186,train
46,1863,186,train
46,1864,186,train
46,1865,186,train
46,1866,186,train
46,1867,186,train
46,1868,186,train
46,1869,186,train
46,1890,189,train
46,1891,189,train
46,1892,189,train
46,1893,189,train
46,1894,189,train
46,1895,189,train
46,1896,189,train
46,1897,189,train
46,1898,189,train
46,1899,189,train
46,1900,190,train
46,1901,190,train
46,1902,190,train
46,1903,190,train
46,1904,190,train
46,1905,190,train
46,1906,190,train
46,1907,190,train
46,1908,190,train
46,1909,190,train
46,1920,192,train
46,1921,192,train
46,1922,192,train
46,1923,192,train
46,1924,192,train
46,1925,192,train
46,1926,192,train
46,1927,192,train
46,1928,192,train
46,1929,192,train
46,1950,195,train
46,1951,195,train
46,1952,195,train
46,1953,195,train
46,1954,195,train
46,1955,195,train
46,1956,195,train
46,1957,195,train
46,1958,195,train
46,1959,195,train
46,1960,196,train
46,1961,196,train
46,1962,196,train
46,1963,196,train
46,1964,196,train
46,1965,196,train
46,1966,196,train
46,1967,196,train
46,1968,196,train
46,1969,196,train
46,1980,198,train
46,1981,198,train
46,1982,198,train
46,1983,198,train
46,1984,198,train
46,1985,198,train
46,1986,198,train
46,1987,198,train
46,1988,198,train
46,1989,198,train
46,1990,199,train
46,1991,199,train
46,1992,199,train
46,1993,199,train
46,1994,199,train
46,1995,199,train
46,1996,199,train
46,1997,199,train
46,1998,199,train
46,1999,199,train
46,2000,200,train
46,2001,200,train
46,2002,200,train
46,2003,200,train
46,2004,200,train
46,2005,200,train
46,2006,200,train
46,2007,200,train
46,2008,200,train
46,2009,200,train
46,2030,203,train
46,2031,203,train
46,2032,203,train
46,2033,203,train
46,2034,203,train
46,2035,203,train
46,2036,203,train
46,2037,203,train
46,2038,203,train
46,2039,203,train
46,2040,204,train
46,2041,204,train
46,2042,204,train
46,2043,204,train
46,2044,204,train
46,2045,204,train
46,2046,204,train
46,2047,204,train
46,2048,204,train
46,2049,204,train
46,2050,205,train
46,2051,205,train
46,2052,205,train
46,2053,205,train
46,2054,205,train
46,2055,205,train
46,2056,205,train
46,2057,205,train
46,2058,205,train
46,2059,205,train
46,2060,206,train
46,2061,206,train
46,2062,206,train
46,2063,206,train
46,2064,206,train
46,2065,206,train
46,2066,206,train
46,2067,206,train
46,2068,206,train
46,2069,206,train
46,2090,209,train
46,2091,209,train
46,2092,209,train
46,2093,209,train
46,2094,209,train
46,2095,209,train
46,2096,209,train
46,2097,209,train
46,2098,209,train
46,2099,209,train
46,2100,210,train
46,2101,210,train
46,2102,210,train
46,2103,210,train
46,2104,210,train
46,2105,210,train
46,2106,210,train
46,2107,210,train
46,2108,210,train
46,2109,210,train
46,2110,211,train
46,2111,211,train
46,2112,211,train
46,2113,211,train
46,2114,211,train
46,2115,211,train
46,2116,211,train
46,2117,211,train
46,2118,211,train
46,2119,211,train
46,2120,212,train
46,2121,212,train
46,2122,212,train
46,2123,212,train
46,2124,212,train
46,2125,212,train
46,2126,212,train
46,2127,212,train
46,2128,212,train
46,2129,212,train
46,2130,213,train
46,2131,213,train
46,2132,213,train
46,2133,213,train
46,2134,213,train
46,2135,213,train
46,2136,213,train
46,2137,213,train
46,2138,213,train
46,2139,213,train
46,2140,214,train
46,2141,214,train
46,2142,214,train
46,2143,214,train
46,2144,214,train
46,2145,214,train
46,2146,214,train
46,2147,214,train
46,2148,214,train
46,2149,214,train
46,2150,215,train
46,2151,215,train
46,2152,215,train
46,2153,215,train
46,2154,215,train
46,2155,215,train
46,2156,215,train
46,2157,215,train
46,2158,215,train
46,2159,215,train
46,2180,218,train
46,2181,218,train
46,2182,218,train
46,2183,218,train
46,2184,218,train
46,2185,218,train
46,2186,218,train
46,2187,218,train
46,2188,218,train
46,2189,218,train
46,2200,220,train
46,2201,220,train
46,2202,220,train
46,2203,220,train
46,2204,220,train
46,2205,220,train
46,2206,220,train
46,2207,220,train
46,2208,220,train
46,2209,220,train
46,2210,221,train
46,2211,221,train
46,2212,221,train
46,2213,221,train
46,2214,221,train
46,2215,221,train
46,2216,221,train
46,2217,221,train
46,2218,221,train
46,2219,221,train
46,2230,223,train
46,2231,223,train
46,2232,223,train
46,2233,223,train
46,2234,223,train
46,2235,223,train
46,2236,223,train
46,2237,223,train
46,2238,223,train
46,2239,223,train
46,2250,225,train
46,2251,225,train
46,2252,225,train
46,2253,225,train
46,2254,225,train
46,2255,225,train
46,2256,225,train
46,2257,225,train
46,2258,225,train
46,2259,225,train
46,2260,226,train
46,2261,226,train
46,2262,226,train
46,2263,226,train
46,2264,226,train
46,2265,226,train
46,2266,226,train
46,2267,226,train
46,2268,226,train
46,2269,226,train
46,2270,227,train
46,2271,227,train
46,2272,227,train
46,2273,227,train
46,2274,227,train
46,2275,227,train
46,2276,227,train
46,2277,227,train
46,2278,227,train
46,2279,227,train
46,2310,231,train
46,2311,231,train
46,2312,231,train
46,2313,231,train
46,2314,231,train
46,2315,231,train
46,2316,231,train
46,2317,231,train
46,2318,231,train
46,2319,231,train
46,2320,232,train
46,2321,232,train
46,2322,232,train
46,2323,232,train
46,2324,232,train
46,2325,232,train
46,2326,232,train
46,2327,232,train
46,2328,232,train
46,2329,232,train
46,2350,235,train
46,2351,235,train
46,2352,235,train
46,2353,235,train
46,2354,235,train
46,2355,235,train
46,2356,235,train
46,2357,235,train
46,2358,235,train
46,2359,235,train
46,2360,236,train
46,2361,236,train
46,2362,236,train
46,2363,236,train
46,2364,236,train
46,2365,236,train
46,2366,236,train
46,2367,236,train
46,2368,236,train
46,2369,236,train
46,2370,237,train
46,2371,237,train
46,2372,237,train
46,2373,237,train
46,2374,237,train
46,2375,237,train
46,2376,237,train
46,2377,237,train
46,2378,237,train
46,2379,237,train
46,2380,238,train
46,2381,238,train
46,2382,238,train
46,2383,238,train
46,2384,238,train
46,2385,238,train
46,2386,238,train
46,2387,238,train
46,2388,238,train
46,2389,238,train
46,2410,241,train
46,2411,241,train
46,2412,241,train
46,2413,241,train
46,2414,241,train
46,2415,241,train
46,2416,241,train
46,2417,241,train
46,2418,241,train
46,2419,241,train
46,2420,242,train
46,2421,242,train
46,2422,242,train
46,2423,242,train
46,2424,242,train
46,2425,242,train
46,2426,242,train
46,2427,242,train
46,2428,242,train
46,2429,242,train
46,2440,244,train
46,2441,244,train
46,2442,244,train
46,2443,244,train
46,2444,244,train
46,2445,244,train
46,2446,244,train
46,2447,244,train
46,2448,244,train
46,2449,244,train
46,2460,246,train
46,2461,246,train
46,2462,246,train
46,2463,246,train
46,2464,246,train
46,2465,246,train
46,2466,246,train
46,2467,246,train
46,2468,246,train
46,2469,246,train
46,2470,247,train
46,2471,247,train
46,2472,247,train
46,2473,247,train
46,2474,247,train
46,2475,247,train
46,2476,247,train
46,2477,247,train
46,2478,247,train
46,2479,247,train
46,2480,248,train
46,2481,248,train
46,2482,248,train
46,2483,248,train
46,2484,248,train
46,2485,248,train
46,2486,248,train
46,2487,248,train
46,2488,248,train
46,2489,248,train
46,2490,249,train
46,2491,249,train
46,2492,249,train
46,2493,249,train
46,2494,249,train
46,2495,249,train
46,2496,249,train
46,2497,249,train
46,2498,249,train
46,2499,249,train
46,2520,252,train
46,2521,252,train
46,2522,252,train
46,2523,252,train
46,2524,252,train
46,2525,252,train
46,2526,252,train
46,2527,252,train
46,2528,252,train
46,2529,252,train
46,2540,254,train
46,2541,254,train
46,2542,254,train
46,2543,254,train
46,2544,254,train
46,2545,254,train
46,2546,254,train
46,2547,254,train
46,2548,254,train
46,2549,254,train
46,2550,255,train
46,2551,255,train
46,2552,255,train
46,2553,255,train
46,2554,255,train
46,2555,255,train
46,2556,255,train
46,2557,255,train
46,2558,255,train
46,2559,255,train
46,2560,256,train
46,2561,256,train
46,2562,256,train
46,2563,256,train
46,2564,256,train
46,2565,256,train
46,2566,256,train
46,2567,256,train
46,2568,256,train
46,2569,256,train
46,2580,258,train
46,2581,258,train
46,2582,258,train
46,2583,258,train
46,2584,258,train
46,2585,258,train
46,2586,258,train
46,2587,258,train
46,2588,258,train
46,2589,258,train
46,2600,260,train
46,2601,260,train
46,2602,260,train
46,2603,260,train
46,2604,260,train
46,2605,260,train
46,2606,260,train
46,2607,260,train
46,2608,260,train
46,2609,260,train
46,2620,262,train
46,2621,262,train
46,2622,262,train
46,2623,262,train
46,2624,262,train
46,2625,262,train
46,2626,262,train
46,2627,262,train
46,2628,262,train
46,2629,262,train
46,2650,265,train
46,2651,265,train
46,2652,265,train
46,2653,265,train
46,2654,265,train
46,2655,265,train
46,2656,265,train
46,2657,265,train
46,2658,265,train
46,2659,265,train
46,2670,267,train
46,2671,267,train
46,2672,267,train
46,2673,267,train
46,2674,267,train
46,2675,267,train
46,2676,267,train
46,2677,267,train
46,2678,267,train
46,2679,267,train
46,2680,268,train
46,2681,268,train
46,2682,268,train
46,2683,268,train
46,2684,268,train
46,2685,268,train
46,2686,268,train
46,2687,268,train
46,2688,268,train
46,2689,268,train
46,2690,269,train
46,2691,269,train
46,2692,269,train
46,2693,269,train
46,2694,269,train
46,2695,269,train
46,2696,269,train
46,2697,269,train
46,2698,269,train
46,2699,269,train
46,2700,270,train
46,2701,270,train
46,2702,270,train
46,2703,270,train
46,2704,270,train
46,2705,270,train
46,2706,270,train
46,2707,270,train
46,2708,270,train
46,2709,270,train
46,2760,276,train
46,2761,276,train
46,2762,276,train
46,2763,276,train
46,2764,276,train
46,2765,276,train
46,2766,276,train
46,2767,276,train
46,2768,276,train
46,2769,276,train
46,2770,277,train
46,2771,277,train
46,2772,277,train
46,2773,277,train
46,2774,277,train
46,2775,277,train
46,2776,277,train
46,2777,277,train
46,2778,277,train
46,2779,277,train
46,2790,279,train
46,2791,279,train
46,2792,279,train
46,2793,279,train
46,2794,279,train
46,2795,279,train
46,2796,279,train
46,2797,279,train
46,2798,279,train
46,2799,279,train
46,2800,280,train
46,2801,280,train
46,2802,280,train
46,2803,280,train
46,2804,280,train
46,2805,280,train
46,2806,280,train
46,2807,280,train
46,2808,280,train
46,2809,280,train
46,2810,281,train
46,2811,281,train
46,2812,281,train
46,2813,281,train
46,2814,281,train
46,2815,281,train
46,2816,281,train
46,2817,281,train
46,2818,281,train
46,2819,281,train
46,2820,282,train
46,2821,282,train
46,2822,282,train
46,2823,282,train
46,2824,282,train
46,2825,282,train
46,2826,282,train
46,2827,282,train
46,2828,282,train
46,2829,282,train
46,2850,285,train
46,2851,285,train
46,2852,285,train
46,2853,285,train
46,2854,285,train
46,2855,285,train
46,2856,285,train
46,2857,285,train
46,2858,285,train
46,2859,285,train
46,2860,286,train
46,2861,286,train
46,2862,286,train
46,2863,286,train
46,2864,286,train
46,2865,286,train
46,2866,286,train
46,2867,286,train
46,2868,286,train
46,2869,286,train
46,2880,288,train
46,2881,288,train
46,2882,288,train
46,2883,288,train
46,2884,288,train
46,2885,288,train
46,2886,288,train
46,2887,288,train
46,2888,288,train
46,2889,288,train
46,2890,289,train
46,2891,289,train
46,2892,289,train
46,2893,289,train
46,2894,289,train
46,2895,289,train
46,2896,289,train
46,2897,289,train
46,2898,289,train
46,2899,289,train
46,2930,293,train
46,2931,293,train
46,2932,293,train
46,2933,293,train
46,2934,293,train
46,2935,293,train
46,2936,293,train
46,2937,293,train
46,2938,293,train
46,2939,293,train
46,2940,294,train
46,2941,294,train
46,2942,294,train
46,2943,294,train
46,2944,294,train
46,2945,294,train
46,2946,294,train
46,2947,294,train
46,2948,294,train
46,2949,294,train
46,2950,295,train
46,2951,295,train
46,2952,295,train
46,2953,295,train
46,2954,295,train
46,2955,295,train
46,2956,295,train
46,2957,295,train
46,2958,295,train
46,2959,295,train
46,2960,296,train
46,2961,296,train
46,2962,296,train
46,2963,296,train
46,2964,296,train
46,2965,296,train
46,2966,296,train
46,2967,296,train
46,2968,296,train
46,2969,296,train
46,2970,297,train
46,2971,297,train
46,2972,297,train
46,2973,297,train
46,2974,297,train
46,2975,297,train
46,2976,297,train
46,2977,297,train
46,2978,297,train
46,2979,297,train
46,2980,298,train
46,2981,298,train
46,2982,298,train
46,2983,298,train
46,2984,298,train
46,2985,298,train
46,2986,298,train
46,2987,298,train
46,2988,298,train
46,2989,298,train
46,2990,299,train
46,2991,299,train
46,2992,299,train
46,2993,299,train
46,2994,299,train
46,2995,299,train
46,2996,299,train
46,2997,299,train
46,2998,299,train
46,2999,299,train
46,3000,300,train
46,3001,300,train
46,3002,300,train
46,3003,300,train
46,3004,300,train
46,3005,300,train
46,3006,300,train
46,3007,300,train
46,3008,300,train
46,3009,300,train
46,3020,302,train
46,3021,302,train
46,3022,302,train
46,3023,302,train
46,3024,302,train
46,3025,302,train
46,3026,302,train
46,3027,302,train
46,3028,302,train
46,3029,302,train
46,3050,305,train
46,3051,305,train
46,3052,305,train
46,3053,305,train
46,3054,305,train
46,3055,305,train
46,3056,305,train
46,3057,305,train
46,3058,305,train
46,3059,305,train
46,3060,306,train
46,3061,306,train
46,3062,306,train
46,3063,306,train
46,3064,306,train
46,3065,306,train
46,3066,306,train
46,3067,306,train
46,3068,306,train
46,3069,306,train
46,3070,307,train
46,3071,307,train
46,3072,307,train
46,3073,307,train
46,3074,307,train
46,3075,307,train
46,3076,307,train
46,3077,307,train
46,3078,307,train
46,3079,307,train
46,3080,308,train
46,3081,308,train
46,3082,308,train
46,3083,308,train
46,3084,308,train
46,3085,308,train
46,3086,308,train
46,3087,308,train
46,3088,308,train
46,3089,308,train
46,3090,309,train
46,3091,309,train
46,3092,309,train
46,3093,309,train
46,3094,309,train
46,3095,309,train
46,3096,309,train
46,3097,309,train
46,3098,309,train
46,3099,309,train
46,3140,314,train
46,3141,314,train
46,3142,314,train
46,3143,314,train
46,3144,314,train
46,3145,314,train
46,3146,314,train
46,3147,314,train
46,3148,314,train
46,3149,314,train
46,3150,315,train
46,3151,315,train
46,3152,315,train
46,3153,315,train
46,3154,315,train
46,3155,315,train
46,3156,315,train
46,3157,315,train
46,3158,315,train
46,3159,315,train
46,3160,316,train
46,3161,316,train
46,3162,316,train
46,3163,316,train
46,3164,316,train
46,3165,316,train
46,3166,316,train
46,3167,316,train
46,3168,316,train
46,3169,316,train
46,3180,318,train
46,3181,318,train
46,3182,318,train
46,3183,318,train
46,3184,318,train
46,3185,318,train
46,3186,318,train
46,3187,318,train
46,3188,318,train
46,3189,318,train
46,3200,320,train
46,3201,320,train
46,3202,320,train
46,3203,320,train
46,3204,320,train
46,3205,320,train
46,3206,320,train
46,3207,320,train
46,3208,320,train
46,3209,320,train
46,3210,321,train
46,3211,321,train
46,3212,321,train
46,3213,321,train
46,3214,321,train
46,3215,321,train
46,3216,321,train
46,3217,321,train
46,3218,321,train
46,3219,321,train
46,3220,322,train
46,3221,322,train
46,3222,322,train
46,3223,322,train
46,3224,322,train
46,3225,322,train
46,3226,322,train
46,3227,322,train
46,3228,322,train
46,3229,322,train
46,3230,323,train
46,3231,323,train
46,3232,323,train
46,3233,323,train
46,3234,323,train
46,3235,323,train
46,3236,323,train
46,3237,323,train
46,3238,323,train
46,3239,323,train
46,3240,324,train
46,3241,324,train
46,3242,324,train
46,3243,324,train
46,3244,324,train
46,3245,324,train
46,3246,324,train
46,3247,324,train
46,3248,324,train
46,3249,324,train
46,3320,332,train
46,3321,332,train
46,3322,332,train
46,3323,332,train
46,3324,332,train
46,3325,332,train
46,3326,332,train
46,3327,332,train
46,3328,332,train
46,3329,332,train
46,3340,334,train
46,3341,334,train
46,3342,334,train
46,3343,334,train
46,3344,334,train
46,3345,334,train
46,3346,334,train
46,3347,334,train
46,3348,334,train
46,3349,334,train
46,3350,335,train
46,3351,335,train
46,3352,335,train
46,3353,335,train
46,3354,335,train
46,3355,335,train
46,3356,335,train
46,3357,335,train
46,3358,335,train
46,3359,335,train
46,3380,338,train
46,3381,338,train
46,3382,338,train
46,3383,338,train
46,3384,338,train
46,3385,338,train
46,3386,338,train
46,3387,338,train
46,3388,338,train
46,3389,338,train
46,3400,340,train
46,3401,340,train
46,3402,340,train
46,3403,340,train
46,3404,340,train
46,3405,340,train
46,3406,340,train
46,3407,340,train
46,3408,340,train
46,3409,340,train
46,3420,342,train
46,3421,342,train
46,3422,342,train
46,3423,342,train
46,3424,342,train
46,3425,342,train
46,3426,342,train
46,3427,342,train
46,3428,342,train
46,3429,342,train
46,3430,343,train
46,3431,343,train
46,3432,343,train
46,3433,343,train
46,3434,343,train
46,3435,343,train
46,3436,343,train
46,3437,343,train
46,3438,343,train
46,3439,343,train
46,3460,346,train
46,3461,346,train
46,3462,346,train
46,3463,346,train
46,3464,346,train
46,3465,346,train
46,3466,346,train
46,3467,346,train
46,3468,346,train
46,3469,346,train
46,3470,347,train
46,3471,347,train
46,3472,347,train
46,3473,347,train
46,3474,347,train
46,3475,347,train
46,3476,347,train
46,3477,347,train
46,3478,347,train
46,3479,347,train
46,3490,349,train
46,3491,349,train
46,3492,349,train
46,3493,349,train
46,3494,349,train
46,3495,349,train
46,3496,349,train
46,3497,349,train
46,3498,349,train
46,3499,349,train
46,3520,352,train
46,3521,352,train
46,3522,352,train
46,3523,352,train
46,3524,352,train
46,3525,352,train
46,3526,352,train
46,3527,352,train
46,3528,352,train
46,3529,352,train
46,3530,353,train
46,3531,353,train
46,3532,353,train
46,3533,353,train
46,3534,353,train
46,3535,353,train
46,3536,353,train
46,3537,353,train
46,3538,353,train
46,3539,353,train
46,3580,358,train
46,3581,358,train
46,3582,358,train
46,3583,358,train
46,3584,358,train
46,3585,358,train
46,3586,358,train
46,3587,358,train
46,3588,358,train
46,3589,358,train
46,3590,359,train
46,3591,359,train
46,3592,359,train
46,3593,359,train
46,3594,359,train
46,3595,359,train
46,3596,359,train
46,3597,359,train
46,3598,359,train
46,3599,359,train
46,3600,360,train
46,3601,360,train
46,3602,360,train
46,3603,360,train
46,3604,360,train
46,3605,360,train
46,3606,360,train
46,3607,360,train
46,3608,360,train
46,3609,360,train
46,3610,361,train
46,3611,361,train
46,3612,361,train
46,3613,361,train
46,3614,361,train
46,3615,361,train
46,3616,361,train
46,3617,361,train
46,3618,361,train
46,3619,361,train
46,3620,362,train
46,3621,362,train
46,3622,362,train
46,3623,362,train
46,3624,362,train
46,3625,362,train
46,3626,362,train
46,3627,362,train
46,3628,362,train
46,3629,362,train
46,3630,363,train
46,3631,363,train
46,3632,363,train
46,3633,363,train
46,3634,363,train
46,3635,363,train
46,3636,363,train
46,3637,363,train
46,3638,363,train
46,3639,363,train
46,3640,364,train
46,3641,364,train
46,3642,364,train
46,3643,364,train
46,3644,364,train
46,3645,364,train
46,3646,364,train
46,3647,364,train
46,3648,364,train
46,3649,364,train
46,3650,365,train
46,3651,365,train
46,3652,365,train
46,3653,365,train
46,3654,365,train
46,3655,365,train
46,3656,365,train
46,3657,365,train
46,3658,365,train
46,3659,365,train
46,3670,367,train
46,3671,367,train
46,3672,367,train
46,3673,367,train
46,3674,367,train
46,3675,367,train
46,3676,367,train
46,3677,367,train
46,3678,367,train
46,3679,367,train
46,3680,368,train
46,3681,368,train
46,3682,368,train
46,3683,368,train
46,3684,368,train
46,3685,368,train
46,3686,368,train
46,3687,368,train
46,3688,368,train
46,3689,368,train
46,3710,371,train
46,3711,371,train
46,3712,371,train
46,3713,371,train
46,3714,371,train
46,3715,371,train
46,3716,371,train
46,3717,371,train
46,3718,371,train
46,3719,371,train
46,3760,376,train
46,3761,376,train
46,3762,376,train
46,3763,376,train
46,3764,376,train
46,3765,376,train
46,3766,376,train
46,3767,376,train
46,3768,376,train
46,3769,376,train
46,3770,377,train
46,3771,377,train
46,3772,377,train
46,3773,377,train
46,3774,377,train
46,3775,377,train
46,3776,377,train
46,3777,377,train
46,3778,377,train
46,3779,377,train
46,3780,378,train
46,3781,378,train
46,3782,378,train
46,3783,378,train
46,3784,378,train
46,3785,378,train
46,3786,378,train
46,3787,378,train
46,3788,378,train
46,3789,378,train
46,3790,379,train
46,3791,379,train
46,3792,379,train
46,3793,379,train
46,3794,379,train
46,3795,379,train
46,3796,379,train
46,3797,379,train
46,3798,379,train
46,3799,379,train
46,3800,380,train
46,3801,380,train
46,3802,380,train
46,3803,380,train
46,3804,380,train
46,3805,380,train
46,3806,380,train
46,3807,380,train
46,3808,380,train
46,3809,380,train
46,3820,382,train
46,3821,382,train
46,3822,382,train
46,3823,382,train
46,3824,382,train
46,3825,382,train
46,3826,382,train
46,3827,382,train
46,3828,382,train
46,3829,382,train
46,3830,383,train
46,3831,383,train
46,3832,383,train
46,3833,383,train
46,3834,383,train
46,3835,383,train
46,3836,383,train
46,3837,383,train
46,3838,383,train
46,3839,383,train
46,3840,384,train
46,3841,384,train
46,3842,384,train
46,3843,384,train
46,3844,384,train
46,3845,384,train
46,3846,384,train
46,3847,384,train
46,3848,384,train
46,3849,384,train
46,3850,385,train
46,3851,385,train
46,3852,385,train
46,3853,385,train
46,3854,385,train
46,3855,385,train
46,3856,385,train
46,3857,385,train
46,3858,385,train
46,3859,385,train
46,3900,390,train
46,3901,390,train
46,3902,390,train
46,3903,390,train
46,3904,390,train
46,3905,390,train
46,3906,390,train
46,3907,390,train
46,3908,390,train
46,3909,390,train
46,3910,391,train
46,3911,391,train
46,3912,391,train
46,3913,391,train
46,3914,391,train
46,3915,391,train
46,3916,391,train
46,3917,391,train
46,3918,391,train
46,3919,391,train
46,3920,392,train
46,3921,392,train
46,3922,392,train
46,3923,392,train
46,3924,392,train
46,3925,392,train
46,3926,392,train
46,3927,392,train
46,3928,392,train
46,3929,392,train
46,3930,393,train
46,3931,393,train
46,3932,393,train
46,3933,393,train
46,3934,393,train
46,3935,393,train
46,3936,393,train
46,3937,393,train
46,3938,393,train
46,3939,393,train
46,3940,394,train
46,3941,394,train
46,3942,394,train
46,3943,394,train
46,3944,394,train
46,3945,394,train
46,3946,394,train
46,3947,394,train
46,3948,394,train
46,3949,394,train
46,3970,397,train
46,3971,397,train
46,3972,397,train
46,3973,397,train
46,3974,397,train
46,3975,397,train
46,3976,397,train
46,3977,397,train
46,3978,397,train
46,3979,397,train
46,3980,398,train
46,3981,398,train
46,3982,398,train
46,3983,398,train
46,3984,398,train
46,3985,398,train
46,3986,398,train
46,3987,398,train
46,3988,398,train
46,3989,398,train
46,3990,399,train
46,3991,399,train
46,3992,399,train
46,3993,399,train
46,3994,399,train
46,3995,399,train
46,3996,399,train
46,3997,399,train
46,3998,399,train
46,3999,399,train
46,4000,400,train
46,4001,400,train
46,4002,400,train
46,4003,400,train
46,4004,400,train
46,4005,400,train
46,4006,400,train
46,4007,400,train
46,4008,400,train
46,4009,400,train
46,4010,401,train
46,4011,401,train
46,4012,401,train
46,4013,401,train
46,4014,401,train
46,4015,401,train
46,4016,401,train
46,4017,401,train
46,4018,401,train
46,4019,401,train
46,4020,402,train
46,4021,402,train
46,4022,402,train
46,4023,402,train
46,4024,402,train
46,4025,402,train
46,4026,402,train
46,4027,402,train
46,4028,402,train
46,4029,402,train
46,4030,403,train
46,4031,403,train
46,4032,403,train
46,4033,403,train
46,4034,403,train
46,4035,403,train
46,4036,403,train
46,4037,403,train
46,4038,403,train
46,4039,403,train
46,4040,404,train
46,4041,404,train
46,4042,404,train
46,4043,404,train
46,4044,404,train
46,4045,404,train
46,4046,404,train
46,4047,404,train
46,4048,404,train
46,4049,404,train
46,4070,407,train
46,4071,407,train
46,4072,407,train
46,4073,407,train
46,4074,407,train
46,4075,407,train
46,4076,407,train
46,4077,407,train
46,4078,407,train
46,4079,407,train
46,4080,408,train
46,4081,408,train
46,4082,408,train
46,4083,408,train
46,4084,408,train
46,4085,408,train
46,4086,408,train
46,4087,408,train
46,4088,408,train
46,4089,408,train
46,4110,411,train
46,4111,411,train
46,4112,411,train
46,4113,411,train
46,4114,411,train
46,4115,411,train
46,4116,411,train
46,4117,411,train
46,4118,411,train
46,4119,411,train
46,4120,412,train
46,4121,412,train
46,4122,412,train
46,4123,412,train
46,4124,412,train
46,4125,412,train
46,4126,412,train
46,4127,412,train
46,4128,412,train
46,4129,412,train
46,4150,415,train
46,4151,415,train
46,4152,415,train
46,4153,415,train
46,4154,415,train
46,4155,415,train
46,4156,415,train
46,4157,415,train
46,4158,415,train
46,4159,415,train
46,4170,417,train
46,4171,417,train
46,4172,417,train
46,4173,417,train
46,4174,417,train
46,4175,417,train
46,4176,417,train
46,4177,417,train
46,4178,417,train
46,4179,417,train
46,4180,418,train
46,4181,418,train
46,4182,418,train
46,4183,418,train
46,4184,418,train
46,4185,418,train
46,4186,418,train
46,4187,418,train
46,4188,418,train
46,4189,418,train
46,4190,419,train
46,4191,419,train
46,4192,419,train
46,4193,419,train
46,4194,419,train
46,4195,419,train
46,4196,419,train
46,4197,419,train
46,4198,419,train
46,4199,419,train
46,4220,422,train
46,4221,422,train
46,4222,422,train
46,4223,422,train
46,4224,422,train
46,4225,422,train
46,4226,422,train
46,4227,422,train
46,4228,422,train
46,4229,422,train
46,4260,426,train
46,4261,426,train
46,4262,426,train
46,4263,426,train
46,4264,426,train
46,4265,426,train
46,4266,426,train
46,4267,426,train
46,4268,426,train
46,4269,426,train
46,4270,427,train
46,4271,427,train
46,4272,427,train
46,4273,427,train
46,4274,427,train
46,4275,427,train
46,4276,427,train
46,4277,427,train
46,4278,427,train
46,4279,427,train
46,4280,428,train
46,4281,428,train
46,4282,428,train
46,4283,428,train
46,4284,428,train
46,4285,428,train
46,4286,428,train
46,4287,428,train
46,4288,428,train
46,4289,428,train
46,4290,429,train
46,4291,429,train
46,4292,429,train
46,4293,429,train
46,4294,429,train
46,4295,429,train
46,4296,429,train
46,4297,429,train
46,4298,429,train
46,4299,429,train
46,4300,430,train
46,4301,430,train
46,4302,430,train
46,4303,430,train
46,4304,430,train
46,4305,430,train
46,4306,430,train
46,4307,430,train
46,4308,430,train
46,4309,430,train
46,4320,432,train
46,4321,432,train
46,4322,432,train
46,4323,432,train
46,4324,432,train
46,4325,432,train
46,4326,432,train
46,4327,432,train
46,4328,432,train
46,4329,432,train
46,4330,433,train
46,4331,433,train
46,4332,433,train
46,4333,433,train
46,4334,433,train
46,4335,433,train
46,4336,433,train
46,4337,433,train
46,4338,433,train
46,4339,433,train
46,4340,434,train
46,4341,434,train
46,4342,434,train
46,4343,434,train
46,4344,434,train
46,4345,434,train
46,4346,434,train
46,4347,434,train
46,4348,434,train
46,4349,434,train
46,4360,436,train
46,4361,436,train
46,4362,436,train
46,4363,436,train
46,4364,436,train
46,4365,436,train
46,4366,436,train
46,4367,436,train
46,4368,436,train
46,4369,436,train
46,4380,438,train
46,4381,438,train
46,4382,438,train
46,4383,438,train
46,4384,438,train
46,4385,438,train
46,4386,438,train
46,4387,438,train
46,4388,438,train
46,4389,438,train
46,4390,439,train
46,4391,439,train
46,4392,439,train
46,4393,439,train
46,4394,439,train
46,4395,439,train
46,4396,439,train
46,4397,439,train
46,4398,439,train
46,4399,439,train
46,4400,440,train
46,4401,440,train
46,4402,440,train
46,4403,440,train
46,4404,440,train
46,4405,440,train
46,4406,440,train
46,4407,440,train
46,4408,440,train
46,4409,440,train
46,4410,441,train
46,4411,441,train
46,4412,441,train
46,4413,441,train
46,4414,441,train
46,4415,441,train
46,4416,441,train
46,4417,441,train
46,4418,441,train
46,4419,441,train
46,4430,443,train
46,4431,443,train
46,4432,443,train
46,4433,443,train
46,4434,443,train
46,4435,443,train
46,4436,443,train
46,4437,443,train
46,4438,443,train
46,4439,443,train
46,4440,444,train
46,4441,444,train
46,4442,444,train
46,4443,444,train
46,4444,444,train
46,4445,444,train
46,4446,444,train
46,4447,444,train
46,4448,444,train
46,4449,444,train
46,4450,445,train
46,4451,445,train
46,4452,445,train
46,4453,445,train
46,4454,445,train
46,4455,445,train
46,4456,445,train
46,4457,445,train
46,4458,445,train
46,4459,445,train
46,4460,446,train
46,4461,446,train
46,4462,446,train
46,4463,446,train
46,4464,446,train
46,4465,446,train
46,4466,446,train
46,4467,446,train
46,4468,446,train
46,4469,446,train
46,4470,447,train
46,4471,447,train
46,4472,447,train
46,4473,447,train
46,4474,447,train
46,4475,447,train
46,4476,447,train
46,4477,447,train
46,4478,447,train
46,4479,447,train
46,4480,448,train
46,4481,448,train
46,4482,448,train
46,4483,448,train
46,4484,448,train
46,4485,448,train
46,4486,448,train
46,4487,448,train
46,4488,448,train
46,4489,448,train
46,4500,450,train
46,4501,450,train
46,4502,450,train
46,4503,450,train
46,4504,450,train
46,4505,450,train
46,4506,450,train
46,4507,450,train
46,4508,450,train
46,4509,450,train
46,4510,451,train
46,4511,451,train
46,4512,451,train
46,4513,451,train
46,4514,451,train
46,4515,451,train
46,4516,451,train
46,4517,451,train
46,4518,451,train
46,4519,451,train
46,4520,452,train
46,4521,452,train
46,4522,452,train
46,4523,452,train
46,4524,452,train
46,4525,452,train
46,4526,452,train
46,4527,452,train
46,4528,452,train
46,4529,452,train
46,4540,454,train
46,4541,454,train
46,4542,454,train
46,4543,454,train
46,4544,454,train
46,4545,454,train
46,4546,454,train
46,4547,454,train
46,4548,454,train
46,4549,454,train
46,4550,455,train
46,4551,455,train
46,4552,455,train
46,4553,455,train
46,4554,455,train
46,4555,455,train
46,4556,455,train
46,4557,455,train
46,4558,455,train
46,4559,455,train
46,4560,456,train
46,4561,456,train
46,4562,456,train
46,4563,456,train
46,4564,456,train
46,4565,456,train
46,4566,456,train
46,4567,456,train
46,4568,456,train
46,4569,456,train
46,4580,458,train
46,4581,458,train
46,4582,458,train
46,4583,458,train
46,4584,458,train
46,4585,458,train
46,4586,458,train
46,4587,458,train
46,4588,458,train
46,4589,458,train
46,4590,459,train
46,4591,459,train
46,4592,459,train
46,4593,459,train
46,4594,459,train
46,4595,459,train
46,4596,459,train
46,4597,459,train
46,4598,459,train
46,4599,459,train
46,4600,460,train
46,4601,460,train
46,4602,460,train
46,4603,460,train
46,4604,460,train
46,4605,460,train
46,4606,460,train
46,4607,460,train
46,4608,460,train
46,4609,460,train
46,4640,464,train
46,4641,464,train
46,4642,464,train
46,4643,464,train
46,4644,464,train
46,4645,464,train
46,4646,464,train
46,4647,464,train
46,4648,464,train
46,4649,464,train
46,4650,465,train
46,4651,465,train
46,4652,465,train
46,4653,465,train
46,4654,465,train
46,4655,465,train
46,4656,465,train
46,4657,465,train
46,4658,465,train
46,4659,465,train
46,4670,467,train
46,4671,467,train
46,4672,467,train
46,4673,467,train
46,4674,467,train
46,4675,467,train
46,4676,467,train
46,4677,467,train
46,4678,467,train
46,4679,467,train
46,4700,470,train
46,4701,470,train
46,4702,470,train
46,4703,470,train
46,4704,470,train
46,4705,470,train
46,4706,470,train
46,4707,470,train
46,4708,470,train
46,4709,470,train
46,4710,471,train
46,4711,471,train
46,4712,471,train
46,4713,471,train
46,4714,471,train
46,4715,471,train
46,4716,471,train
46,4717,471,train
46,4718,471,train
46,4719,471,train
46,4720,472,train
46,4721,472,train
46,4722,472,train
46,4723,472,train
46,4724,472,train
46,4725,472,train
46,4726,472,train
46,4727,472,train
46,4728,472,train
46,4729,472,train
46,4730,473,train
46,4731,473,train
46,4732,473,train
46,4733,473,train
46,4734,473,train
46,4735,473,train
46,4736,473,train
46,4737,473,train
46,4738,473,train
46,4739,473,train
46,4740,474,train
46,4741,474,train
46,4742,474,train
46,4743,474,train
46,4744,474,train
46,4745,474,train
46,4746,474,train
46,4747,474,train
46,4748,474,train
46,4749,474,train
46,4750,475,train
46,4751,475,train
46,4752,475,train
46,4753,475,train
46,4754,475,train
46,4755,475,train
46,4756,475,train
46,4757,475,train
46,4758,475,train
46,4759,475,train
46,4760,476,train
46,4761,476,train
46,4762,476,train
46,4763,476,train
46,4764,476,train
46,4765,476,train
46,4766,476,train
46,4767,476,train
46,4768,476,train
46,4769,476,train
46,4780,478,train
46,4781,478,train
46,4782,478,train
46,4783,478,train
46,4784,478,train
46,4785,478,train
46,4786,478,train
46,4787,478,train
46,4788,478,train
46,4789,478,train
46,4790,479,train
46,4791,479,train
46,4792,479,train
46,4793,479,train
46,4794,479,train
46,4795,479,train
46,4796,479,train
46,4797,479,train
46,4798,479,train
46,4799,479,train
46,4800,480,train
46,4801,480,train
46,4802,480,train
46,4803,480,train
46,4804,480,train
46,4805,480,train
46,4806,480,train
46,4807,480,train
46,4808,480,train
46,4809,480,train
46,4840,484,train
46,4841,484,train
46,4842,484,train
46,4843,484,train
46,4844,484,train
46,4845,484,train
46,4846,484,train
46,4847,484,train
46,4848,484,train
46,4849,484,train
46,4860,486,train
46,4861,486,train
46,4862,486,train
46,4863,486,train
46,4864,486,train
46,4865,486,train
46,4866,486,train
46,4867,486,train
46,4868,486,train
46,4869,486,train
46,4870,487,train
46,4871,487,train
46,4872,487,train
46,4873,487,train
46,4874,487,train
46,4875,487,train
46,4876,487,train
46,4877,487,train
46,4878,487,train
46,4879,487,train
46,4910,491,train
46,4911,491,train
46,4912,491,train
46,4913,491,train
46,4914,491,train
46,4915,491,train
46,4916,491,train
46,4917,491,train
46,4918,491,train
46,4919,491,train
46,4920,492,train
46,4921,492,train
46,4922,492,train
46,4923,492,train
46,4924,492,train
46,4925,492,train
46,4926,492,train
46,4927,492,train
46,4928,492,train
46,4929,492,train
46,4950,495,train
46,4951,495,train
46,4952,495,train
46,4953,495,train
46,4954,495,train
46,4955,495,train
46,4956,495,train
46,4957,495,train
46,4958,495,train
46,4959,495,train
46,5000,500,train
46,5001,500,train
46,5002,500,train
46,5003,500,train
46,5004,500,train
46,5005,500,train
46,5006,500,train
46,5007,500,train
46,5008,500,train
46,5009,500,train
46,5040,504,train
46,5041,504,train
46,5042,504,train
46,5043,504,train
46,5044,504,train
46,5045,504,train
46,5046,504,train
46,5047,504,train
46,5048,504,train
46,5049,504,train
46,5050,505,train
46,5051,505,train
46,5052,505,train
46,5053,505,train
46,5054,505,train
46,5055,505,train
46,5056,505,train
46,5057,505,train
46,5058,505,train
46,5059,505,train
46,5070,507,train
46,5071,507,train
46,5072,507,train
46,5073,507,train
46,5074,507,train
46,5075,507,train
46,5076,507,train
46,5077,507,train
46,5078,507,train
46,5079,507,train
46,5090,509,train
46,5091,509,train
46,5092,509,train
46,5093,509,train
46,5094,509,train
46,5095,509,train
46,5096,509,train
46,5097,509,train
46,5098,509,train
46,5099,509,train
46,5100,510,train
46,5101,510,train
46,5102,510,train
46,5103,510,train
46,5104,510,train
46,5105,510,train
46,5106,510,train
46,5107,510,train
46,5108,510,train
46,5109,510,train
46,5120,512,train
46,5121,512,train
46,5122,512,train
46,5123,512,train
46,5124,512,train
46,5125,512,train
46,5126,512,train
46,5127,512,train
46,5128,512,train
46,5129,512,train
46,5130,513,train
46,5131,513,train
46,5132,513,train
46,5133,513,train
46,5134,513,train
46,5135,513,train
46,5136,513,train
46,5137,513,train
46,5138,513,train
46,5139,513,train
46,5150,515,train
46,5151,515,train
46,5152,515,train
46,5153,515,train
46,5154,515,train
46,5155,515,train
46,5156,515,train
46,5157,515,train
46,5158,515,train
46,5159,515,train
46,5160,516,train
46,5161,516,train
46,5162,516,train
46,5163,516,train
46,5164,516,train
46,5165,516,train
46,5166,516,train
46,5167,516,train
46,5168,516,train
46,5169,516,train
46,5170,517,train
46,5171,517,train
46,5172,517,train
46,5173,517,train
46,5174,517,train
46,5175,517,train
46,5176,517,train
46,5177,517,train
46,5178,517,train
46,5179,517,train
46,5200,520,train
46,5201,520,train
46,5202,520,train
46,5203,520,train
46,5204,520,train
46,5205,520,train
46,5206,520,train
46,5207,520,train
46,5208,520,train
46,5209,520,train
46,5210,521,train
46,5211,521,train
46,5212,521,train
46,5213,521,train
46,5214,521,train
46,5215,521,train
46,5216,521,train
46,5217,521,train
46,5218,521,train
46,5219,521,train
46,5240,524,train
46,5241,524,train
46,5242,524,train
46,5243,524,train
46,5244,524,train
46,5245,524,train
46,5246,524,train
46,5247,524,train
46,5248,524,train
46,5249,524,train
46,5250,525,train
46,5251,525,train
46,5252,525,train
46,5253,525,train
46,5254,525,train
46,5255,525,train
46,5256,525,train
46,5257,525,train
46,5258,525,train
46,5259,525,train
46,5260,526,train
46,5261,526,train
46,5262,526,train
46,5263,526,train
46,5264,526,train
46,5265,526,train
46,5266,526,train
46,5267,526,train
46,5268,526,train
46,5269,526,train
46,5290,529,train
46,5291,529,train
46,5292,529,train
46,5293,529,train
46,5294,529,train
46,5295,529,train
46,5296,529,train
46,5297,529,train
46,5298,529,train
46,5299,529,train
46,5300,530,train
46,5301,530,train
46,5302,530,train
46,5303,530,train
46,5304,530,train
46,5305,530,train
46,5306,530,train
46,5307,530,train
46,5308,530,train
46,5309,530,train
46,5310,531,train
46,5311,531,train
46,5312,531,train
46,5313,531,train
46,5314,531,train
46,5315,531,train
46,5316,531,train
46,5317,531,train
46,5318,531,train
46,5319,531,train
46,5320,532,train
46,5321,532,train
46,5322,532,train
46,5323,532,train
46,5324,532,train
46,5325,532,train
46,5326,532,train
46,5327,532,train
46,5328,532,train
46,5329,532,train
46,5330,533,train
46,5331,533,train
46,5332,533,train
46,5333,533,train
46,5334,533,train
46,5335,533,train
46,5336,533,train
46,5337,533,train
46,5338,533,train
46,5339,533,train
46,5380,538,train
46,5381,538,train
46,5382,538,train
46,5383,538,train
46,5384,538,train
46,5385,538,train
46,5386,538,train
46,5387,538,train
46,5388,538,train
46,5389,538,train
46,5390,539,train
46,5391,539,train
46,5392,539,train
46,5393,539,train
46,5394,539,train
46,5395,539,train
46,5396,539,train
46,5397,539,train
46,5398,539,train
46,5399,539,train
46,5400,540,train
46,5401,540,train
46,5402,540,train
46,5403,540,train
46,5404,540,train
46,5405,540,train
46,5406,540,train
46,5407,540,train
46,5408,540,train
46,5409,540,train
46,5410,541,train
46,5411,541,train
46,5412,541,train
46,5413,541,train
46,5414,541,train
46,5415,541,train
46,5416,541,train
46,5417,541,train
46,5418,541,train
46,5419,541,train
46,5420,542,train
46,5421,542,train
46,5422,542,train
46,5423,542,train
46,5424,542,train
46,5425,542,train
46,5426,542,train
46,5427,542,train
46,5428,542,train
46,5429,542,train
46,5440,544,train
46,5441,544,train
46,5442,544,train
46,5443,544,train
46,5444,544,train
46,5445,544,train
46,5446,544,train
46,5447,544,train
46,5448,544,train
46,5449,544,train
46,5460,546,train
46,5461,546,train
46,5462,546,train
46,5463,546,train
46,5464,546,train
46,5465,546,train
46,5466,546,train
46,5467,546,train
46,5468,546,train
46,5469,546,train
46,5470,547,train
46,5471,547,train
46,5472,547,train
46,5473,547,train
46,5474,547,train
46,5475,547,train
46,5476,547,train
46,5477,547,train
46,5478,547,train
46,5479,547,train
46,5490,549,train
46,5491,549,train
46,5492,549,train
46,5493,549,train
46,5494,549,train
46,5495,549,train
46,5496,549,train
46,5497,549,train
46,5498,549,train
46,5499,549,train
46,5520,552,train
46,5521,552,train
46,5522,552,train
46,5523,552,train
46,5524,552,train
46,5525,552,train
46,5526,552,train
46,5527,552,train
46,5528,552,train
46,5529,552,train
46,5550,555,train
46,5551,555,train
46,5552,555,train
46,5553,555,train
46,5554,555,train
46,5555,555,train
46,5556,555,train
46,5557,555,train
46,5558,555,train
46,5559,555,train
46,5560,556,train
46,5561,556,train
46,5562,556,train
46,5563,556,train
46,5564,556,train
46,5565,556,train
46,5566,556,train
46,5567,556,train
46,5568,556,train
46,5569,556,train
46,5570,557,train
46,5571,557,train
46,5572,557,train
46,5573,557,train
46,5574,557,train
46,5575,557,train
46,5576,557,train
46,5577,557,train
46,5578,557,train
46,5579,557,train
46,5590,559,train
46,5591,559,train
46,5592,559,train
46,5593,559,train
46,5594,559,train
46,5595,559,train
46,5596,559,train
46,5597,559,train
46,5598,559,train
46,5599,559,train
46,5620,562,train
46,5621,562,train
46,5622,562,train
46,5623,562,train
46,5624,562,train
46,5625,562,train
46,5626,562,train
46,5627,562,train
46,5628,562,train
46,5629,562,train
46,5640,564,train
46,5641,564,train
46,5642,564,train
46,5643,564,train
46,5644,564,train
46,5645,564,train
46,5646,564,train
46,5647,564,train
46,5648,564,train
46,5649,564,train
46,5660,566,train
46,5661,566,train
46,5662,566,train
46,5663,566,train
46,5664,566,train
46,5665,566,train
46,5666,566,train
46,5667,566,train
46,5668,566,train
46,5669,566,train
46,5670,567,train
46,5671,567,train
46,5672,567,train
46,5673,567,train
46,5674,567,train
46,5675,567,train
46,5676,567,train
46,5677,567,train
46,5678,567,train
46,5679,567,train
46,5690,569,train
46,5691,569,train
46,5692,569,train
46,5693,569,train
46,5694,569,train
46,5695,569,train
46,5696,569,train
46,5697,569,train
46,5698,569,train
46,5699,569,train
46,5700,570,train
46,5701,570,train
46,5702,570,train
46,5703,570,train
46,5704,570,train
46,5705,570,train
46,5706,570,train
46,5707,570,train
46,5708,570,train
46,5709,570,train
46,5770,577,train
46,5771,577,train
46,5772,577,train
46,5773,577,train
46,5774,577,train
46,5775,577,train
46,5776,577,train
46,5777,577,train
46,5778,577,train
46,5779,577,train
46,5810,581,train
46,5811,581,train
46,5812,581,train
46,5813,581,train
46,5814,581,train
46,5815,581,train
46,5816,581,train
46,5817,581,train
46,5818,581,train
46,5819,581,train
46,5830,583,train
46,5831,583,train
46,5832,583,train
46,5833,583,train
46,5834,583,train
46,5835,583,train
46,5836,583,train
46,5837,583,train
46,5838,583,train
46,5839,583,train
46,5840,584,train
46,5841,584,train
46,5842,584,train
46,5843,584,train
46,5844,584,train
46,5845,584,train
46,5846,584,train
46,5847,584,train
46,5848,584,train
46,5849,584,train
46,5850,585,train
46,5851,585,train
46,5852,585,train
46,5853,585,train
46,5854,585,train
46,5855,585,train
46,5856,585,train
46,5857,585,train
46,5858,585,train
46,5859,585,train
46,5890,589,train
46,5891,589,train
46,5892,589,train
46,5893,589,train
46,5894,589,train
46,5895,589,train
46,5896,589,train
46,5897,589,train
46,5898,589,train
46,5899,589,train
46,5900,590,train
46,5901,590,train
46,5902,590,train
46,5903,590,train
46,5904,590,train
46,5905,590,train
46,5906,590,train
46,5907,590,train
46,5908,590,train
46,5909,590,train
46,5910,591,train
46,5911,591,train
46,5912,591,train
46,5913,591,train
46,5914,591,train
46,5915,591,train
46,5916,591,train
46,5917,591,train
46,5918,591,train
46,5919,591,train
46,5920,592,train
46,5921,592,train
46,5922,592,train
46,5923,592,train
46,5924,592,train
46,5925,592,train
46,5926,592,train
46,5927,592,train
46,5928,592,train
46,5929,592,train
46,5930,593,train
46,5931,593,train
46,5932,593,train
46,5933,593,train
46,5934,593,train
46,5935,593,train
46,5936,593,train
46,5937,593,train
46,5938,593,train
46,5939,593,train
46,5940,594,train
46,5941,594,train
46,5942,594,train
46,5943,594,train
46,5944,594,train
46,5945,594,train
46,5946,594,train
46,5947,594,train
46,5948,594,train
46,5949,594,train
46,5950,595,train
46,5951,595,train
46,5952,595,train
46,5953,595,train
46,5954,595,train
46,5955,595,train
46,5956,595,train
46,5957,595,train
46,5958,595,train
46,5959,595,train
46,5960,596,train
46,5961,596,train
46,5962,596,train
46,5963,596,train
46,5964,596,train
46,5965,596,train
46,5966,596,train
46,5967,596,train
46,5968,596,train
46,5969,596,train
46,5970,597,train
46,5971,597,train
46,5972,597,train
46,5973,597,train
46,5974,597,train
46,5975,597,train
46,5976,597,train
46,5977,597,train
46,5978,597,train
46,5979,597,train
46,5980,598,train
46,5981,598,train
46,5982,598,train
46,5983,598,train
46,5984,598,train
46,5985,598,train
46,5986,598,train
46,5987,598,train
46,5988,598,train
46,5989,598,train
46,6000,600,train
46,6001,600,train
46,6002,600,train
46,6003,600,train
46,6004,600,train
46,6005,600,train
46,6006,600,train
46,6007,600,train
46,6008,600,train
46,6009,600,train
46,6030,603,train
46,6031,603,train
46,6032,603,train
46,6033,603,train
46,6034,603,train
46,6035,603,train
46,6036,603,train
46,6037,603,train
46,6038,603,train
46,6039,603,train
46,6040,604,train
46,6041,604,train
46,6042,604,train
46,6043,604,train
46,6044,604,train
46,6045,604,train
46,6046,604,train
46,6047,604,train
46,6048,604,train
46,6049,604,train
46,6050,605,train
46,6051,605,train
46,6052,605,train
46,6053,605,train
46,6054,605,train
46,6055,605,train
46,6056,605,train
46,6057,605,train
46,6058,605,train
46,6059,605,train
46,6080,608,train
46,6081,608,train
46,6082,608,train
46,6083,608,train
46,6084,608,train
46,6085,608,train
46,6086,608,train
46,6087,608,train
46,6088,608,train
46,6089,608,train
46,6090,609,train
46,6091,609,train
46,6092,609,train
46,6093,609,train
46,6094,609,train
46,6095,609,train
46,6096,609,train
46,6097,609,train
46,6098,609,train
46,6099,609,train
46,6120,612,train
46,6121,612,train
46,6122,612,train
46,6123,612,train
46,6124,612,train
46,6125,612,train
46,6126,612,train
46,6127,612,train
46,6128,612,train
46,6129,612,train
46,6130,613,train
46,6131,613,train
46,6132,613,train
46,6133,613,train
46,6134,613,train
46,6135,613,train
46,6136,613,train
46,6137,613,train
46,6138,613,train
46,6139,613,train
46,6140,614,train
46,6141,614,train
46,6142,614,train
46,6143,614,train
46,6144,614,train
46,6145,614,train
46,6146,614,train
46,6147,614,train
46,6148,614,train
46,6149,614,train
46,6150,615,train
46,6151,615,train
46,6152,615,train
46,6153,615,train
46,6154,615,train
46,6155,615,train
46,6156,615,train
46,6157,615,train
46,6158,615,train
46,6159,615,train
46,6180,618,train
46,6181,618,train
46,6182,618,train
46,6183,618,train
46,6184,618,train
46,6185,618,train
46,6186,618,train
46,6187,618,train
46,6188,618,train
46,6189,618,train
46,6200,620,train
46,6201,620,train
46,6202,620,train
46,6203,620,train
46,6204,620,train
46,6205,620,train
46,6206,620,train
46,6207,620,train
46,6208,620,train
46,6209,620,train
46,6210,621,train
46,6211,621,train
46,6212,621,train
46,6213,621,train
46,6214,621,train
46,6215,621,train
46,6216,621,train
46,6217,621,train
46,6218,621,train
46,6219,621,train
46,6220,622,train
46,6221,622,train
46,6222,622,train
46,6223,622,train
46,6224,622,train
46,6225,622,train
46,6226,622,train
46,6227,622,train
46,6228,622,train
46,6229,622,train
46,6260,626,train
46,6261,626,train
46,6262,626,train
46,6263,626,train
46,6264,626,train
46,6265,626,train
46,6266,626,train
46,6267,626,train
46,6268,626,train
46,6269,626,train
46,6290,629,train
46,6291,629,train
46,6292,629,train
46,6293,629,train
46,6294,629,train
46,6295,629,train
46,6296,629,train
46,6297,629,train
46,6298,629,train
46,6299,629,train
46,6300,630,train
46,6301,630,train
46,6302,630,train
46,6303,630,train
46,6304,630,train
46,6305,630,train
46,6306,630,train
46,6307,630,train
46,6308,630,train
46,6309,630,train
46,6310,631,train
46,6311,631,train
46,6312,631,train
46,6313,631,train
46,6314,631,train
46,6315,631,train
46,6316,631,train
46,6317,631,train
46,6318,631,train
46,6319,631,train
46,6330,633,train
46,6331,633,train
46,6332,633,train
46,6333,633,train
46,6334,633,train
46,6335,633,train
46,6336,633,train
46,6337,633,train
46,6338,633,train
46,6339,633,train
46,6340,634,train
46,6341,634,train
46,6342,634,train
46,6343,634,train
46,6344,634,train
46,6345,634,train
46,6346,634,train
46,6347,634,train
46,6348,634,train
46,6349,634,train
46,6350,635,train
46,6351,635,train
46,6352,635,train
46,6353,635,train
46,6354,635,train
46,6355,635,train
46,6356,635,train
46,6357,635,train
46,6358,635,train
46,6359,635,train
46,6360,636,train
46,6361,636,train
46,6362,636,train
46,6363,636,train
46,6364,636,train
46,6365,636,train
46,6366,636,train
46,6367,636,train
46,6368,636,train
46,6369,636,train
46,6390,639,train
46,6391,639,train
46,6392,639,train
46,6393,639,train
46,6394,639,train
46,6395,639,train
46,6396,639,train
46,6397,639,train
46,6398,639,train
46,6399,639,train
46,6420,642,train
46,6421,642,train
46,6422,642,train
46,6423,642,train
46,6424,642,train
46,6425,642,train
46,6426,642,train
46,6427,642,train
46,6428,642,train
46,6429,642,train
46,6440,644,train
46,6441,644,train
46,6442,644,train
46,6443,644,train
46,6444,644,train
46,6445,644,train
46,6446,644,train
46,6447,644,train
46,6448,644,train
46,6449,644,train
46,6460,646,train
46,6461,646,train
46,6462,646,train
46,6463,646,train
46,6464,646,train
46,6465,646,train
46,6466,646,train
46,6467,646,train
46,6468,646,train
46,6469,646,train
46,6470,647,train
46,6471,647,train
46,6472,647,train
46,6473,647,train
46,6474,647,train
46,6475,647,train
46,6476,647,train
46,6477,647,train
46,6478,647,train
46,6479,647,train
46,6480,648,train
46,6481,648,train
46,6482,648,train
46,6483,648,train
46,6484,648,train
46,6485,648,train
46,6486,648,train
46,6487,648,train
46,6488,648,train
46,6489,648,train
46,6510,651,train
46,6511,651,train
46,6512,651,train
46,6513,651,train
46,6514,651,train
46,6515,651,train
46,6516,651,train
46,6517,651,train
46,6518,651,train
46,6519,651,train
46,6530,653,train
46,6531,653,train
46,6532,653,train
46,6533,653,train
46,6534,653,train
46,6535,653,train
46,6536,653,train
46,6537,653,train
46,6538,653,train
46,6539,653,train
46,6540,654,train
46,6541,654,train
46,6542,654,train
46,6543,654,train
46,6544,654,train
46,6545,654,train
46,6546,654,train
46,6547,654,train
46,6548,654,train
46,6549,654,train
46,6560,656,train
46,6561,656,train
46,6562,656,train
46,6563,656,train
46,6564,656,train
46,6565,656,train
46,6566,656,train
46,6567,656,train
46,6568,656,train
46,6569,656,train
46,6570,657,train
46,6571,657,train
46,6572,657,train
46,6573,657,train
46,6574,657,train
46,6575,657,train
46,6576,657,train
46,6577,657,train
46,6578,657,train
46,6579,657,train
46,6580,658,train
46,6581,658,train
46,6582,658,train
46,6583,658,train
46,6584,658,train
46,6585,658,train
46,6586,658,train
46,6587,658,train
46,6588,658,train
46,6589,658,train
46,6610,661,train
46,6611,661,train
46,6612,661,train
46,6613,661,train
46,6614,661,train
46,6615,661,train
46,6616,661,train
46,6617,661,train
46,6618,661,train
46,6619,661,train
46,6630,663,train
46,6631,663,train
46,6632,663,train
46,6633,663,train
46,6634,663,train
46,6635,663,train
46,6636,663,train
46,6637,663,train
46,6638,663,train
46,6639,663,train
46,6640,664,train
46,6641,664,train
46,6642,664,train
46,6643,664,train
46,6644,664,train
46,6645,664,train
46,6646,664,train
46,6647,664,train
46,6648,664,train
46,6649,664,train
46,6680,668,train
46,6681,668,train
46,6682,668,train
46,6683,668,train
46,6684,668,train
46,6685,668,train
46,6686,668,train
46,6687,668,train
46,6688,668,train
46,6689,668,train
46,6710,671,train
46,6711,671,train
46,6712,671,train
46,6713,671,train
46,6714,671,train
46,6715,671,train
46,6716,671,train
46,6717,671,train
46,6718,671,train
46,6719,671,train
46,6720,672,train
46,6721,672,train
46,6722,672,train
46,6723,672,train
46,6724,672,train
46,6725,672,train
46,6726,672,train
46,6727,672,train
46,6728,672,train
46,6729,672,train
46,6740,674,train
46,6741,674,train
46,6742,674,train
46,6743,674,train
46,6744,674,train
46,6745,674,train
46,6746,674,train
46,6747,674,train
46,6748,674,train
46,6749,674,train
46,6750,675,train
46,6751,675,train
46,6752,675,train
46,6753,675,train
46,6754,675,train
46,6755,675,train
46,6756,675,train
46,6757,675,train
46,6758,675,train
46,6759,675,train
46,6770,677,train
46,6771,677,train
46,6772,677,train
46,6773,677,train
46,6774,677,train
46,6775,677,train
46,6776,677,train
46,6777,677,train
46,6778,677,train
46,6779,677,train
46,6790,679,train
46,6791,679,train
46,6792,679,train
46,6793,679,train
46,6794,679,train
46,6795,679,train
46,6796,679,train
46,6797,679,train
46,6798,679,train
46,6799,679,train
46,6800,680,train
46,6801,680,train
46,6802,680,train
46,6803,680,train
46,6804,680,train
46,6805,680,train
46,6806,680,train
46,6807,680,train
46,6808,680,train
46,6809,680,train
46,6820,682,train
46,6821,682,train
46,6822,682,train
46,6823,682,train
46,6824,682,train
46,6825,682,train
46,6826,682,train
46,6827,682,train
46,6828,682,train
46,6829,682,train
46,6850,685,train
46,6851,685,train
46,6852,685,train
46,6853,685,train
46,6854,685,train
46,6855,685,train
46,6856,685,train
46,6857,685,train
46,6858,685,train
46,6859,685,train
46,6860,686,train
46,6861,686,train
46,6862,686,train
46,6863,686,train
46,6864,686,train
46,6865,686,train
46,6866,686,train
46,6867,686,train
46,6868,686,train
46,6869,686,train
46,6890,689,train
46,6891,689,train
46,6892,689,train
46,6893,689,train
46,6894,689,train
46,6895,689,train
46,6896,689,train
46,6897,689,train
46,6898,689,train
46,6899,689,train
46,6910,691,train
46,6911,691,train
46,6912,691,train
46,6913,691,train
46,6914,691,train
46,6915,691,train
46,6916,691,train
46,6917,691,train
46,6918,691,train
46,6919,691,train
46,6920,692,train
46,6921,692,train
46,6922,692,train
46,6923,692,train
46,6924,692,train
46,6925,692,train
46,6926,692,train
46,6927,692,train
46,6928,692,train
46,6929,692,train
46,6930,693,train
46,6931,693,train
46,6932,693,train
46,6933,693,train
46,6934,693,train
46,6935,693,train
46,6936,693,train
46,6937,693,train
46,6938,693,train
46,6939,693,train
46,6940,694,train
46,6941,694,train
46,6942,694,train
46,6943,694,train
46,6944,694,train
46,6945,694,train
46,6946,694,train
46,6947,694,train
46,6948,694,train
46,6949,694,train
46,6950,695,train
46,6951,695,train
46,6952,695,train
46,6953,695,train
46,6954,695,train
46,6955,695,train
46,6956,695,train
46,6957,695,train
46,6958,695,train
46,6959,695,train
46,6960,696,train
46,6961,696,train
46,6962,696,train
46,6963,696,train
46,6964,696,train
46,6965,696,train
46,6966,696,train
46,6967,696,train
46,6968,696,train
46,6969,696,train
46,6970,697,train
46,6971,697,train
46,6972,697,train
46,6973,697,train
46,6974,697,train
46,6975,697,train
46,6976,697,train
46,6977,697,train
46,6978,697,train
46,6979,697,train
46,6990,699,train
46,6991,699,train
46,6992,699,train
46,6993,699,train
46,6994,699,train
46,6995,699,train
46,6996,699,train
46,6997,699,train
46,6998,699,train
46,6999,699,train
46,7010,701,train
46,7011,701,train
46,7012,701,train
46,7013,701,train
46,7014,701,train
46,7015,701,train
46,7016,701,train
46,7017,701,train
46,7018,701,train
46,7019,701,train
46,7020,702,train
46,7021,702,train
46,7022,702,train
46,7023,702,train
46,7024,702,train
46,7025,702,train
46,7026,702,train
46,7027,702,train
46,7028,702,train
46,7029,702,train
46,7030,703,train
46,7031,703,train
46,7032,703,train
46,7033,703,train
46,7034,703,train
46,7035,703,train
46,7036,703,train
46,7037,703,train
46,7038,703,train
46,7039,703,train
46,7070,707,train
46,7071,707,train
46,7072,707,train
46,7073,707,train
46,7074,707,train
46,7075,707,train
46,7076,707,train
46,7077,707,train
46,7078,707,train
46,7079,707,train
46,7080,708,train
46,7081,708,train
46,7082,708,train
46,7083,708,train
46,7084,708,train
46,7085,708,train
46,7086,708,train
46,7087,708,train
46,7088,708,train
46,7089,708,train
46,7100,710,train
46,7101,710,train
46,7102,710,train
46,7103,710,train
46,7104,710,train
46,7105,710,train
46,7106,710,train
46,7107,710,train
46,7108,710,train
46,7109,710,train
46,7110,711,train
46,7111,711,train
46,7112,711,train
46,7113,711,train
46,7114,711,train
46,7115,711,train
46,7116,711,train
46,7117,711,train
46,7118,711,train
46,7119,711,train
46,7120,712,train
46,7121,712,train
46,7122,712,train
46,7123,712,train
46,7124,712,train
46,7125,712,train
46,7126,712,train
46,7127,712,train
46,7128,712,train
46,7129,712,train
46,7130,713,train
46,7131,713,train
46,7132,713,train
46,7133,713,train
46,7134,713,train
46,7135,713,train
46,7136,713,train
46,7137,713,train
46,7138,713,train
46,7139,713,train
46,7150,715,train
46,7151,715,train
46,7152,715,train
46,7153,715,train
46,7154,715,train
46,7155,715,train
46,7156,715,train
46,7157,715,train
46,7158,715,train
46,7159,715,train
46,7180,718,train
46,7181,718,train
46,7182,718,train
46,7183,718,train
46,7184,718,train
46,7185,718,train
46,7186,718,train
46,7187,718,train
46,7188,718,train
46,7189,718,train
46,7190,719,train
46,7191,719,train
46,7192,719,train
46,7193,719,train
46,7194,719,train
46,7195,719,train
46,7196,719,train
46,7197,719,train
46,7198,719,train
46,7199,719,train
46,7210,721,train
46,7211,721,train
46,7212,721,train
46,7213,721,train
46,7214,721,train
46,7215,721,train
46,7216,721,train
46,7217,721,train
46,7218,721,train
46,7219,721,train
46,7230,723,train
46,7231,723,train
46,7232,723,train
46,7233,723,train
46,7234,723,train
46,7235,723,train
46,7236,723,train
46,7237,723,train
46,7238,723,train
46,7239,723,train
46,7240,724,train
46,7241,724,train
46,7242,724,train
46,7243,724,train
46,7244,724,train
46,7245,724,train
46,7246,724,train
46,7247,724,train
46,7248,724,train
46,7249,724,train
46,7260,726,train
46,7261,726,train
46,7262,726,train
46,7263,726,train
46,7264,726,train
46,7265,726,train
46,7266,726,train
46,7267,726,train
46,7268,726,train
46,7269,726,train
46,7270,727,train
46,7271,727,train
46,7272,727,train
46,7273,727,train
46,7274,727,train
46,7275,727,train
46,7276,727,train
46,7277,727,train
46,7278,727,train
46,7279,727,train
46,7280,728,train
46,7281,728,train
46,7282,728,train
46,7283,728,train
46,7284,728,train
46,7285,728,train
46,7286,728,train
46,7287,728,train
46,7288,728,train
46,7289,728,train
46,7290,729,train
46,7291,729,train
46,7292,729,train
46,7293,729,train
46,7294,729,train
46,7295,729,train
46,7296,729,train
46,7297,729,train
46,7298,729,train
46,7299,729,train
46,7300,730,train
46,7301,730,train
46,7302,730,train
46,7303,730,train
46,7304,730,train
46,7305,730,train
46,7306,730,train
46,7307,730,train
46,7308,730,train
46,7309,730,train
46,7320,732,train
46,7321,732,train
46,7322,732,train
46,7323,732,train
46,7324,732,train
46,7325,732,train
46,7326,732,train
46,7327,732,train
46,7328,732,train
46,7329,732,train
46,7330,733,train
46,7331,733,train
46,7332,733,train
46,7333,733,train
46,7334,733,train
46,7335,733,train
46,7336,733,train
46,7337,733,train
46,7338,733,train
46,7339,733,train
46,7340,734,train
46,7341,734,train
46,7342,734,train
46,7343,734,train
46,7344,734,train
46,7345,734,train
46,7346,734,train
46,7347,734,train
46,7348,734,train
46,7349,734,train
46,7370,737,train
46,7371,737,train
46,7372,737,train
46,7373,737,train
46,7374,737,train
46,7375,737,train
46,7376,737,train
46,7377,737,train
46,7378,737,train
46,7379,737,train
46,7400,740,train
46,7401,740,train
46,7402,740,train
46,7403,740,train
46,7404,740,train
46,7405,740,train
46,7406,740,train
46,7407,740,train
46,7408,740,train
46,7409,740,train
46,7410,741,train
46,7411,741,train
46,7412,741,train
46,7413,741,train
46,7414,741,train
46,7415,741,train
46,7416,741,train
46,7417,741,train
46,7418,741,train
46,7419,741,train
46,7420,742,train
46,7421,742,train
46,7422,742,train
46,7423,742,train
46,7424,742,train
46,7425,742,train
46,7426,742,train
46,7427,742,train
46,7428,742,train
46,7429,742,train
46,7440,744,train
46,7441,744,train
46,7442,744,train
46,7443,744,train
46,7444,744,train
46,7445,744,train
46,7446,744,train
46,7447,744,train
46,7448,744,train
46,7449,744,train
46,7480,748,train
46,7481,748,train
46,7482,748,train
46,7483,748,train
46,7484,748,train
46,7485,748,train
46,7486,748,train
46,7487,748,train
46,7488,748,train
46,7489,748,train
46,7500,750,train
46,7501,750,train
46,7502,750,train
46,7503,750,train
46,7504,750,train
46,7505,750,train
46,7506,750,train
46,7507,750,train
46,7508,750,train
46,7509,750,train
46,7510,751,train
46,7511,751,train
46,7512,751,train
46,7513,751,train
46,7514,751,train
46,7515,751,train
46,7516,751,train
46,7517,751,train
46,7518,751,train
46,7519,751,train
46,7520,752,train
46,7521,752,train
46,7522,752,train
46,7523,752,train
46,7524,752,train
46,7525,752,train
46,7526,752,train
46,7527,752,train
46,7528,752,train
46,7529,752,train
46,7530,753,train
46,7531,753,train
46,7532,753,train
46,7533,753,train
46,7534,753,train
46,7535,753,train
46,7536,753,train
46,7537,753,train
46,7538,753,train
46,7539,753,train
46,7540,754,train
46,7541,754,train
46,7542,754,train
46,7543,754,train
46,7544,754,train
46,7545,754,train
46,7546,754,train
46,7547,754,train
46,7548,754,train
46,7549,754,train
46,7550,755,train
46,7551,755,train
46,7552,755,train
46,7553,755,train
46,7554,755,train
46,7555,755,train
46,7556,755,train
46,7557,755,train
46,7558,755,train
46,7559,755,train
46,7560,756,train
46,7561,756,train
46,7562,756,train
46,7563,756,train
46,7564,756,train
46,7565,756,train
46,7566,756,train
46,7567,756,train
46,7568,756,train
46,7569,756,train
46,7570,757,train
46,7571,757,train
46,7572,757,train
46,7573,757,train
46,7574,757,train
46,7575,757,train
46,7576,757,train
46,7577,757,train
46,7578,757,train
46,7579,757,train
46,7580,758,train
46,7581,758,train
46,7582,758,train
46,7583,758,train
46,7584,758,train
46,7585,758,train
46,7586,758,train
46,7587,758,train
46,7588,758,train
46,7589,758,train
46,7600,760,train
46,7601,760,train
46,7602,760,train
46,7603,760,train
46,7604,760,train
46,7605,760,train
46,7606,760,train
46,7607,760,train
46,7608,760,train
46,7609,760,train
46,7610,761,train
46,7611,761,train
46,7612,761,train
46,7613,761,train
46,7614,761,train
46,7615,761,train
46,7616,761,train
46,7617,761,train
46,7618,761,train
46,7619,761,train
46,7640,764,train
46,7641,764,train
46,7642,764,train
46,7643,764,train
46,7644,764,train
46,7645,764,train
46,7646,764,train
46,7647,764,train
46,7648,764,train
46,7649,764,train
46,7650,765,train
46,7651,765,train
46,7652,765,train
46,7653,765,train
46,7654,765,train
46,7655,765,train
46,7656,765,train
46,7657,765,train
46,7658,765,train
46,7659,765,train
46,7660,766,train
46,7661,766,train
46,7662,766,train
46,7663,766,train
46,7664,766,train
46,7665,766,train
46,7666,766,train
46,7667,766,train
46,7668,766,train
46,7669,766,train
46,7680,768,train
46,7681,768,train
46,7682,768,train
46,7683,768,train
46,7684,768,train
46,7685,768,train
46,7686,768,train
46,7687,768,train
46,7688,768,train
46,7689,768,train
46,7690,769,train
46,7691,769,train
46,7692,769,train
46,7693,769,train
46,7694,769,train
46,7695,769,train
46,7696,769,train
46,7697,769,train
46,7698,769,train
46,7699,769,train
46,7710,771,train
46,7711,771,train
46,7712,771,train
46,7713,771,train
46,7714,771,train
46,7715,771,train
46,7716,771,train
46,7717,771,train
46,7718,771,train
46,7719,771,train
46,7720,772,train
46,7721,772,train
46,7722,772,train
46,7723,772,train
46,7724,772,train
46,7725,772,train
46,7726,772,train
46,7727,772,train
46,7728,772,train
46,7729,772,train
46,7740,774,train
46,7741,774,train
46,7742,774,train
46,7743,774,train
46,7744,774,train
46,7745,774,train
46,7746,774,train
46,7747,774,train
46,7748,774,train
46,7749,774,train
46,7780,778,train
46,7781,778,train
46,7782,778,train
46,7783,778,train
46,7784,778,train
46,7785,778,train
46,7786,778,train
46,7787,778,train
46,7788,778,train
46,7789,778,train
46,7790,779,train
46,7791,779,train
46,7792,779,train
46,7793,779,train
46,7794,779,train
46,7795,779,train
46,7796,779,train
46,7797,779,train
46,7798,779,train
46,7799,779,train
46,7800,780,train
46,7801,780,train
46,7802,780,train
46,7803,780,train
46,7804,780,train
46,7805,780,train
46,7806,780,train
46,7807,780,train
46,7808,780,train
46,7809,780,train
46,7810,781,train
46,7811,781,train
46,7812,781,train
46,7813,781,train
46,7814,781,train
46,7815,781,train
46,7816,781,train
46,7817,781,train
46,7818,781,train
46,7819,781,train
46,7820,782,train
46,7821,782,train
46,7822,782,train
46,7823,782,train
46,7824,782,train
46,7825,782,train
46,7826,782,train
46,7827,782,train
46,7828,782,train
46,7829,782,train
46,7850,785,train
46,7851,785,train
46,7852,785,train
46,7853,785,train
46,7854,785,train
46,7855,785,train
46,7856,785,train
46,7857,785,train
46,7858,785,train
46,7859,785,train
46,7860,786,train
46,7861,786,train
46,7862,786,train
46,7863,786,train
46,7864,786,train
46,7865,786,train
46,7866,786,train
46,7867,786,train
46,7868,786,train
46,7869,786,train
46,7880,788,train
46,7881,788,train
46,7882,788,train
46,7883,788,train
46,7884,788,train
46,7885,788,train
46,7886,788,train
46,7887,788,train
46,7888,788,train
46,7889,788,train
46,7890,789,train
46,7891,789,train
46,7892,789,train
46,7893,789,train
46,7894,789,train
46,7895,789,train
46,7896,789,train
46,7897,789,train
46,7898,789,train
46,7899,789,train
46,7900,790,train
46,7901,790,train
46,7902,790,train
46,7903,790,train
46,7904,790,train
46,7905,790,train
46,7906,790,train
46,7907,790,train
46,7908,790,train
46,7909,790,train
46,7930,793,train
46,7931,793,train
46,7932,793,train
46,7933,793,train
46,7934,793,train
46,7935,793,train
46,7936,793,train
46,7937,793,train
46,7938,793,train
46,7939,793,train
46,7960,796,train
46,7961,796,train
46,7962,796,train
46,7963,796,train
46,7964,796,train
46,7965,796,train
46,7966,796,train
46,7967,796,train
46,7968,796,train
46,7969,796,train
46,7970,797,train
46,7971,797,train
46,7972,797,train
46,7973,797,train
46,7974,797,train
46,7975,797,train
46,7976,797,train
46,7977,797,train
46,7978,797,train
46,7979,797,train
46,8000,800,train
46,8001,800,train
46,8002,800,train
46,8003,800,train
46,8004,800,train
46,8005,800,train
46,8006,800,train
46,8007,800,train
46,8008,800,train
46,8009,800,train
46,8010,801,train
46,8011,801,train
46,8012,801,train
46,8013,801,train
46,8014,801,train
46,8015,801,train
46,8016,801,train
46,8017,801,train
46,8018,801,train
46,8019,801,train
46,8020,802,train
46,8021,802,train
46,8022,802,train
46,8023,802,train
46,8024,802,train
46,8025,802,train
46,8026,802,train
46,8027,802,train
46,8028,802,train
46,8029,802,train
46,8030,803,train
46,8031,803,train
46,8032,803,train
46,8033,803,train
46,8034,803,train
46,8035,803,train
46,8036,803,train
46,8037,803,train
46,8038,803,train
46,8039,803,train
46,8040,804,train
46,8041,804,train
46,8042,804,train
46,8043,804,train
46,8044,804,train
46,8045,804,train
46,8046,804,train
46,8047,804,train
46,8048,804,train
46,8049,804,train
46,8050,805,train
46,8051,805,train
46,8052,805,train
46,8053,805,train
46,8054,805,train
46,8055,805,train
46,8056,805,train
46,8057,805,train
46,8058,805,train
46,8059,805,train
46,8060,806,train
46,8061,806,train
46,8062,806,train
46,8063,806,train
46,8064,806,train
46,8065,806,train
46,8066,806,train
46,8067,806,train
46,8068,806,train
46,8069,806,train
46,8080,808,train
46,8081,808,train
46,8082,808,train
46,8083,808,train
46,8084,808,train
46,8085,808,train
46,8086,808,train
46,8087,808,train
46,8088,808,train
46,8089,808,train
46,8090,809,train
46,8091,809,train
46,8092,809,train
46,8093,809,train
46,8094,809,train
46,8095,809,train
46,8096,809,train
46,8097,809,train
46,8098,809,train
46,8099,809,train
46,8100,810,train
46,8101,810,train
46,8102,810,train
46,8103,810,train
46,8104,810,train
46,8105,810,train
46,8106,810,train
46,8107,810,train
46,8108,810,train
46,8109,810,train
46,8130,813,train
46,8131,813,train
46,8132,813,train
46,8133,813,train
46,8134,813,train
46,8135,813,train
46,8136,813,train
46,8137,813,train
46,8138,813,train
46,8139,813,train
46,8150,815,train
46,8151,815,train
46,8152,815,train
46,8153,815,train
46,8154,815,train
46,8155,815,train
46,8156,815,train
46,8157,815,train
46,8158,815,train
46,8159,815,train
46,8190,819,train
46,8191,819,train
46,8192,819,train
46,8193,819,train
46,8194,819,train
46,8195,819,train
46,8196,819,train
46,8197,819,train
46,8198,819,train
46,8199,819,train
46,8200,820,train
46,8201,820,train
46,8202,820,train
46,8203,820,train
46,8204,820,train
46,8205,820,train
46,8206,820,train
46,8207,820,train
46,8208,820,train
46,8209,820,train
46,8210,821,train
46,8211,821,train
46,8212,821,train
46,8213,821,train
46,8214,821,train
46,8215,821,train
46,8216,821,train
46,8217,821,train
46,8218,821,train
46,8219,821,train
46,8220,822,train
46,8221,822,train
46,8222,822,train
46,8223,822,train
46,8224,822,train
46,8225,822,train
46,8226,822,train
46,8227,822,train
46,8228,822,train
46,8229,822,train
46,8230,823,train
46,8231,823,train
46,8232,823,train
46,8233,823,train
46,8234,823,train
46,8235,823,train
46,8236,823,train
46,8237,823,train
46,8238,823,train
46,8239,823,train
46,8250,825,train
46,8251,825,train
46,8252,825,train
46,8253,825,train
46,8254,825,train
46,8255,825,train
46,8256,825,train
46,8257,825,train
46,8258,825,train
46,8259,825,train
46,8260,826,train
46,8261,826,train
46,8262,826,train
46,8263,826,train
46,8264,826,train
46,8265,826,train
46,8266,826,train
46,8267,826,train
46,8268,826,train
46,8269,826,train
46,8290,829,train
46,8291,829,train
46,8292,829,train
46,8293,829,train
46,8294,829,train
46,8295,829,train
46,8296,829,train
46,8297,829,train
46,8298,829,train
46,8299,829,train
46,8320,832,train
46,8321,832,train
46,8322,832,train
46,8323,832,train
46,8324,832,train
46,8325,832,train
46,8326,832,train
46,8327,832,train
46,8328,832,train
46,8329,832,train
46,8350,835,train
46,8351,835,train
46,8352,835,train
46,8353,835,train
46,8354,835,train
46,8355,835,train
46,8356,835,train
46,8357,835,train
46,8358,835,train
46,8359,835,train
46,8360,836,train
46,8361,836,train
46,8362,836,train
46,8363,836,train
46,8364,836,train
46,8365,836,train
46,8366,836,train
46,8367,836,train
46,8368,836,train
46,8369,836,train
46,8370,837,train
46,8371,837,train
46,8372,837,train
46,8373,837,train
46,8374,837,train
46,8375,837,train
46,8376,837,train
46,8377,837,train
46,8378,837,train
46,8379,837,train
46,8380,838,train
46,8381,838,train
46,8382,838,train
46,8383,838,train
46,8384,838,train
46,8385,838,train
46,8386,838,train
46,8387,838,train
46,8388,838,train
46,8389,838,train
46,8390,839,train
46,8391,839,train
46,8392,839,train
46,8393,839,train
46,8394,839,train
46,8395,839,train
46,8396,839,train
46,8397,839,train
46,8398,839,train
46,8399,839,train
46,8420,842,train
46,8421,842,train
46,8422,842,train
46,8423,842,train
46,8424,842,train
46,8425,842,train
46,8426,842,train
46,8427,842,train
46,8428,842,train
46,8429,842,train
46,8450,845,train
46,8451,845,train
46,8452,845,train
46,8453,845,train
46,8454,845,train
46,8455,845,train
46,8456,845,train
46,8457,845,train
46,8458,845,train
46,8459,845,train
46,8470,847,train
46,8471,847,train
46,8472,847,train
46,8473,847,train
46,8474,847,train
46,8475,847,train
46,8476,847,train
46,8477,847,train
46,8478,847,train
46,8479,847,train
46,8490,849,train
46,8491,849,train
46,8492,849,train
46,8493,849,train
46,8494,849,train
46,8495,849,train
46,8496,849,train
46,8497,849,train
46,8498,849,train
46,8499,849,train
46,8500,850,train
46,8501,850,train
46,8502,850,train
46,8503,850,train
46,8504,850,train
46,8505,850,train
46,8506,850,train
46,8507,850,train
46,8508,850,train
46,8509,850,train
46,8510,851,train
46,8511,851,train
46,8512,851,train
46,8513,851,train
46,8514,851,train
46,8515,851,train
46,8516,851,train
46,8517,851,train
46,8518,851,train
46,8519,851,train
46,8520,852,train
46,8521,852,train
46,8522,852,train
46,8523,852,train
46,8524,852,train
46,8525,852,train
46,8526,852,train
46,8527,852,train
46,8528,852,train
46,8529,852,train
46,8530,853,train
46,8531,853,train
46,8532,853,train
46,8533,853,train
46,8534,853,train
46,8535,853,train
46,8536,853,train
46,8537,853,train
46,8538,853,train
46,8539,853,train
46,8540,854,train
46,8541,854,train
46,8542,854,train
46,8543,854,train
46,8544,854,train
46,8545,854,train
46,8546,854,train
46,8547,854,train
46,8548,854,train
46,8549,854,train
46,8560,856,train
46,8561,856,train
46,8562,856,train
46,8563,856,train
46,8564,856,train
46,8565,856,train
46,8566,856,train
46,8567,856,train
46,8568,856,train
46,8569,856,train
46,8570,857,train
46,8571,857,train
46,8572,857,train
46,8573,857,train
46,8574,857,train
46,8575,857,train
46,8576,857,train
46,8577,857,train
46,8578,857,train
46,8579,857,train
46,8590,859,train
46,8591,859,train
46,8592,859,train
46,8593,859,train
46,8594,859,train
46,8595,859,train
46,8596,859,train
46,8597,859,train
46,8598,859,train
46,8599,859,train
46,8610,861,train
46,8611,861,train
46,8612,861,train
46,8613,861,train
46,8614,861,train
46,8615,861,train
46,8616,861,train
46,8617,861,train
46,8618,861,train
46,8619,861,train
46,8620,862,train
46,8621,862,train
46,8622,862,train
46,8623,862,train
46,8624,862,train
46,8625,862,train
46,8626,862,train
46,8627,862,train
46,8628,862,train
46,8629,862,train
46,8650,865,train
46,8651,865,train
46,8652,865,train
46,8653,865,train
46,8654,865,train
46,8655,865,train
46,8656,865,train
46,8657,865,train
46,8658,865,train
46,8659,865,train
46,8660,866,train
46,8661,866,train
46,8662,866,train
46,8663,866,train
46,8664,866,train
46,8665,866,train
46,8666,866,train
46,8667,866,train
46,8668,866,train
46,8669,866,train
46,8670,867,train
46,8671,867,train
46,8672,867,train
46,8673,867,train
46,8674,867,train
46,8675,867,train
46,8676,867,train
46,8677,867,train
46,8678,867,train
46,8679,867,train
46,8700,870,train
46,8701,870,train
46,8702,870,train
46,8703,870,train
46,8704,870,train
46,8705,870,train
46,8706,870,train
46,8707,870,train
46,8708,870,train
46,8709,870,train
46,8710,871,train
46,8711,871,train
46,8712,871,train
46,8713,871,train
46,8714,871,train
46,8715,871,train
46,8716,871,train
46,8717,871,train
46,8718,871,train
46,8719,871,train
46,8730,873,train
46,8731,873,train
46,8732,873,train
46,8733,873,train
46,8734,873,train
46,8735,873,train
46,8736,873,train
46,8737,873,train
46,8738,873,train
46,8739,873,train
46,8740,874,train
46,8741,874,train
46,8742,874,train
46,8743,874,train
46,8744,874,train
46,8745,874,train
46,8746,874,train
46,8747,874,train
46,8748,874,train
46,8749,874,train
46,8760,876,train
46,8761,876,train
46,8762,876,train
46,8763,876,train
46,8764,876,train
46,8765,876,train
46,8766,876,train
46,8767,876,train
46,8768,876,train
46,8769,876,train
46,8770,877,train
46,8771,877,train
46,8772,877,train
46,8773,877,train
46,8774,877,train
46,8775,877,train
46,8776,877,train
46,8777,877,train
46,8778,877,train
46,8779,877,train
46,8800,880,train
46,8801,880,train
46,8802,880,train
46,8803,880,train
46,8804,880,train
46,8805,880,train
46,8806,880,train
46,8807,880,train
46,8808,880,train
46,8809,880,train
46,8810,881,train
46,8811,881,train
46,8812,881,train
46,8813,881,train
46,8814,881,train
46,8815,881,train
46,8816,881,train
46,8817,881,train
46,8818,881,train
46,8819,881,train
46,8820,882,train
46,8821,882,train
46,8822,882,train
46,8823,882,train
46,8824,882,train
46,8825,882,train
46,8826,882,train
46,8827,882,train
46,8828,882,train
46,8829,882,train
46,8830,883,train
46,8831,883,train
46,8832,883,train
46,8833,883,train
46,8834,883,train
46,8835,883,train
46,8836,883,train
46,8837,883,train
46,8838,883,train
46,8839,883,train
46,8850,885,train
46,8851,885,train
46,8852,885,train
46,8853,885,train
46,8854,885,train
46,8855,885,train
46,8856,885,train
46,8857,885,train
46,8858,885,train
46,8859,885,train
46,8860,886,train
46,8861,886,train
46,8862,886,train
46,8863,886,train
46,8864,886,train
46,8865,886,train
46,8866,886,train
46,8867,886,train
46,8868,886,train
46,8869,886,train
46,8880,888,train
46,8881,888,train
46,8882,888,train
46,8883,888,train
46,8884,888,train
46,8885,888,train
46,8886,888,train
46,8887,888,train
46,8888,888,train
46,8889,888,train
46,8900,890,train
46,8901,890,train
46,8902,890,train
46,8903,890,train
46,8904,890,train
46,8905,890,train
46,8906,890,train
46,8907,890,train
46,8908,890,train
46,8909,890,train
46,8930,893,train
46,8931,893,train
46,8932,893,train
46,8933,893,train
46,8934,893,train
46,8935,893,train
46,8936,893,train
46,8937,893,train
46,8938,893,train
46,8939,893,train
46,8940,894,train
46,8941,894,train
46,8942,894,train
46,8943,894,train
46,8944,894,train
46,8945,894,train
46,8946,894,train
46,8947,894,train
46,8948,894,train
46,8949,894,train
46,8950,895,train
46,8951,895,train
46,8952,895,train
46,8953,895,train
46,8954,895,train
46,8955,895,train
46,8956,895,train
46,8957,895,train
46,8958,895,train
46,8959,895,train
46,8960,896,train
46,8961,896,train
46,8962,896,train
46,8963,896,train
46,8964,896,train
46,8965,896,train
46,8966,896,train
46,8967,896,train
46,8968,896,train
46,8969,896,train
46,8970,897,train
46,8971,897,train
46,8972,897,train
46,8973,897,train
46,8974,897,train
46,8975,897,train
46,8976,897,train
46,8977,897,train
46,8978,897,train
46,8979,897,train
46,8980,898,train
46,8981,898,train
46,8982,898,train
46,8983,898,train
46,8984,898,train
46,8985,898,train
46,8986,898,train
46,8987,898,train
46,8988,898,train
46,8989,898,train
46,8990,899,train
46,8991,899,train
46,8992,899,train
46,8993,899,train
46,8994,899,train
46,8995,899,train
46,8996,899,train
46,8997,899,train
46,8998,899,train
46,8999,899,train
46,9000,900,train
46,9001,900,train
46,9002,900,train
46,9003,900,train
46,9004,900,train
46,9005,900,train
46,9006,900,train
46,9007,900,train
46,9008,900,train
46,9009,900,train
46,9010,901,train
46,9011,901,train
46,9012,901,train
46,9013,901,train
46,9014,901,train
46,9015,901,train
46,9016,901,train
46,9017,901,train
46,9018,901,train
46,9019,901,train
46,9020,902,train
46,9021,902,train
46,9022,902,train
46,9023,902,train
46,9024,902,train
46,9025,902,train
46,9026,902,train
46,9027,902,train
46,9028,902,train
46,9029,902,train
46,9030,903,train
46,9031,903,train
46,9032,903,train
46,9033,903,train
46,9034,903,train
46,9035,903,train
46,9036,903,train
46,9037,903,train
46,9038,903,train
46,9039,903,train
46,9040,904,train
46,9041,904,train
46,9042,904,train
46,9043,904,train
46,9044,904,train
46,9045,904,train
46,9046,904,train
46,9047,904,train
46,9048,904,train
46,9049,904,train
46,9050,905,train
46,9051,905,train
46,9052,905,train
46,9053,905,train
46,9054,905,train
46,9055,905,train
46,9056,905,train
46,9057,905,train
46,9058,905,train
46,9059,905,train
46,9060,906,train
46,9061,906,train
46,9062,906,train
46,9063,906,train
46,9064,906,train
46,9065,906,train
46,9066,906,train
46,9067,906,train
46,9068,906,train
46,9069,906,train
46,9080,908,train
46,9081,908,train
46,9082,908,train
46,9083,908,train
46,9084,908,train
46,9085,908,train
46,9086,908,train
46,9087,908,train
46,9088,908,train
46,9089,908,train
46,9090,909,train
46,9091,909,train
46,9092,909,train
46,9093,909,train
46,9094,909,train
46,9095,909,train
46,9096,909,train
46,9097,909,train
46,9098,909,train
46,9099,909,train
46,9100,910,train
46,9101,910,train
46,9102,910,train
46,9103,910,train
46,9104,910,train
46,9105,910,train
46,9106,910,train
46,9107,910,train
46,9108,910,train
46,9109,910,train
46,9120,912,train
46,9121,912,train
46,9122,912,train
46,9123,912,train
46,9124,912,train
46,9125,912,train
46,9126,912,train
46,9127,912,train
46,9128,912,train
46,9129,912,train
46,9130,913,train
46,9131,913,train
46,9132,913,train
46,9133,913,train
46,9134,913,train
46,9135,913,train
46,9136,913,train
46,9137,913,train
46,9138,913,train
46,9139,913,train
46,9140,914,train
46,9141,914,train
46,9142,914,train
46,9143,914,train
46,9144,914,train
46,9145,914,train
46,9146,914,train
46,9147,914,train
46,9148,914,train
46,9149,914,train
46,9150,915,train
46,9151,915,train
46,9152,915,train
46,9153,915,train
46,9154,915,train
46,9155,915,train
46,9156,915,train
46,9157,915,train
46,9158,915,train
46,9159,915,train
46,9170,917,train
46,9171,917,train
46,9172,917,train
46,9173,917,train
46,9174,917,train
46,9175,917,train
46,9176,917,train
46,9177,917,train
46,9178,917,train
46,9179,917,train
46,9190,919,train
46,9191,919,train
46,9192,919,train
46,9193,919,train
46,9194,919,train
46,9195,919,train
46,9196,919,train
46,9197,919,train
46,9198,919,train
46,9199,919,train
46,9200,920,train
46,9201,920,train
46,9202,920,train
46,9203,920,train
46,9204,920,train
46,9205,920,train
46,9206,920,train
46,9207,920,train
46,9208,920,train
46,9209,920,train
46,9210,921,train
46,9211,921,train
46,9212,921,train
46,9213,921,train
46,9214,921,train
46,9215,921,train
46,9216,921,train
46,9217,921,train
46,9218,921,train
46,9219,921,train
46,9240,924,train
46,9241,924,train
46,9242,924,train
46,9243,924,train
46,9244,924,train
46,9245,924,train
46,9246,924,train
46,9247,924,train
46,9248,924,train
46,9249,924,train
46,9260,926,train
46,9261,926,train
46,9262,926,train
46,9263,926,train
46,9264,926,train
46,9265,926,train
46,9266,926,train
46,9267,926,train
46,9268,926,train
46,9269,926,train
46,9280,928,train
46,9281,928,train
46,9282,928,train
46,9283,928,train
46,9284,928,train
46,9285,928,train
46,9286,928,train
46,9287,928,train
46,9288,928,train
46,9289,928,train
46,9300,930,train
46,9301,930,train
46,9302,930,train
46,9303,930,train
46,9304,930,train
46,9305,930,train
46,9306,930,train
46,9307,930,train
46,9308,930,train
46,9309,930,train
46,9330,933,train
46,9331,933,train
46,9332,933,train
46,9333,933,train
46,9334,933,train
46,9335,933,train
46,9336,933,train
46,9337,933,train
46,9338,933,train
46,9339,933,train
46,9370,937,train
46,9371,937,train
46,9372,937,train
46,9373,937,train
46,9374,937,train
46,9375,937,train
46,9376,937,train
46,9377,937,train
46,9378,937,train
46,9379,937,train
46,9420,942,train
46,9421,942,train
46,9422,942,train
46,9423,942,train
46,9424,942,train
46,9425,942,train
46,9426,942,train
46,9427,942,train
46,9428,942,train
46,9429,942,train
46,9440,944,train
46,9441,944,train
46,9442,944,train
46,9443,944,train
46,9444,944,train
46,9445,944,train
46,9446,944,train
46,9447,944,train
46,9448,944,train
46,9449,944,train
46,9450,945,train
46,9451,945,train
46,9452,945,train
46,9453,945,train
46,9454,945,train
46,9455,945,train
46,9456,945,train
46,9457,945,train
46,9458,945,train
46,9459,945,train
46,9470,947,train
46,9471,947,train
46,9472,947,train
46,9473,947,train
46,9474,947,train
46,9475,947,train
46,9476,947,train
46,9477,947,train
46,9478,947,train
46,9479,947,train
46,9480,948,train
46,9481,948,train
46,9482,948,train
46,9483,948,train
46,9484,948,train
46,9485,948,train
46,9486,948,train
46,9487,948,train
46,9488,948,train
46,9489,948,train
46,9510,951,train
46,9511,951,train
46,9512,951,train
46,9513,951,train
46,9514,951,train
46,9515,951,train
46,9516,951,train
46,9517,951,train
46,9518,951,train
46,9519,951,train
46,9520,952,train
46,9521,952,train
46,9522,952,train
46,9523,952,train
46,9524,952,train
46,9525,952,train
46,9526,952,train
46,9527,952,train
46,9528,952,train
46,9529,952,train
46,9530,953,train
46,9531,953,train
46,9532,953,train
46,9533,953,train
46,9534,953,train
46,9535,953,train
46,9536,953,train
46,9537,953,train
46,9538,953,train
46,9539,953,train
46,9550,955,train
46,9551,955,train
46,9552,955,train
46,9553,955,train
46,9554,955,train
46,9555,955,train
46,9556,955,train
46,9557,955,train
46,9558,955,train
46,9559,955,train
46,9560,956,train
46,9561,956,train
46,9562,956,train
46,9563,956,train
46,9564,956,train
46,9565,956,train
46,9566,956,train
46,9567,956,train
46,9568,956,train
46,9569,956,train
46,9570,957,train
46,9571,957,train
46,9572,957,train
46,9573,957,train
46,9574,957,train
46,9575,957,train
46,9576,957,train
46,9577,957,train
46,9578,957,train
46,9579,957,train
46,9580,958,train
46,9581,958,train
46,9582,958,train
46,9583,958,train
46,9584,958,train
46,9585,958,train
46,9586,958,train
46,9587,958,train
46,9588,958,train
46,9589,958,train
46,9590,959,train
46,9591,959,train
46,9592,959,train
46,9593,959,train
46,9594,959,train
46,9595,959,train
46,9596,959,train
46,9597,959,train
46,9598,959,train
46,9599,959,train
46,9600,960,train
46,9601,960,train
46,9602,960,train
46,9603,960,train
46,9604,960,train
46,9605,960,train
46,9606,960,train
46,9607,960,train
46,9608,960,train
46,9609,960,train
46,9620,962,train
46,9621,962,train
46,9622,962,train
46,9623,962,train
46,9624,962,train
46,9625,962,train
46,9626,962,train
46,9627,962,train
46,9628,962,train
46,9629,962,train
46,9640,964,train
46,9641,964,train
46,9642,964,train
46,9643,964,train
46,9644,964,train
46,9645,964,train
46,9646,964,train
46,9647,964,train
46,9648,964,train
46,9649,964,train
46,9650,965,train
46,9651,965,train
46,9652,965,train
46,9653,965,train
46,9654,965,train
46,9655,965,train
46,9656,965,train
46,9657,965,train
46,9658,965,train
46,9659,965,train
46,9670,967,train
46,9671,967,train
46,9672,967,train
46,9673,967,train
46,9674,967,train
46,9675,967,train
46,9676,967,train
46,9677,967,train
46,9678,967,train
46,9679,967,train
46,9680,968,train
46,9681,968,train
46,9682,968,train
46,9683,968,train
46,9684,968,train
46,9685,968,train
46,9686,968,train
46,9687,968,train
46,9688,968,train
46,9689,968,train
46,9700,970,train
46,9701,970,train
46,9702,970,train
46,9703,970,train
46,9704,970,train
46,9705,970,train
46,9706,970,train
46,9707,970,train
46,9708,970,train
46,9709,970,train
46,9710,971,train
46,9711,971,train
46,9712,971,train
46,9713,971,train
46,9714,971,train
46,9715,971,train
46,9716,971,train
46,9717,971,train
46,9718,971,train
46,9719,971,train
46,9740,974,train
46,9741,974,train
46,9742,974,train
46,9743,974,train
46,9744,974,train
46,9745,974,train
46,9746,974,train
46,9747,974,train
46,9748,974,train
46,9749,974,train
46,9780,978,train
46,9781,978,train
46,9782,978,train
46,9783,978,train
46,9784,978,train
46,9785,978,train
46,9786,978,train
46,9787,978,train
46,9788,978,train
46,9789,978,train
46,9790,979,train
46,9791,979,train
46,9792,979,train
46,9793,979,train
46,9794,979,train
46,9795,979,train
46,9796,979,train
46,9797,979,train
46,9798,979,train
46,9799,979,train
46,9800,980,train
46,9801,980,train
46,9802,980,train
46,9803,980,train
46,9804,980,train
46,9805,980,train
46,9806,980,train
46,9807,980,train
46,9808,980,train
46,9809,980,train
46,9810,981,train
46,9811,981,train
46,9812,981,train
46,9813,981,train
46,9814,981,train
46,9815,981,train
46,9816,981,train
46,9817,981,train
46,9818,981,train
46,9819,981,train
46,9820,982,train
46,9821,982,train
46,9822,982,train
46,9823,982,train
46,9824,982,train
46,9825,982,train
46,9826,982,train
46,9827,982,train
46,9828,982,train
46,9829,982,train
46,9860,986,train
46,9861,986,train
46,9862,986,train
46,9863,986,train
46,9864,986,train
46,9865,986,train
46,9866,986,train
46,9867,986,train
46,9868,986,train
46,9869,986,train
46,9870,987,train
46,9871,987,train
46,9872,987,train
46,9873,987,train
46,9874,987,train
46,9875,987,train
46,9876,987,train
46,9877,987,train
46,9878,987,train
46,9879,987,train
46,9890,989,train
46,9891,989,train
46,9892,989,train
46,9893,989,train
46,9894,989,train
46,9895,989,train
46,9896,989,train
46,9897,989,train
46,9898,989,train
46,9899,989,train
46,9930,993,train
46,9931,993,train
46,9932,993,train
46,9933,993,train
46,9934,993,train
46,9935,993,train
46,9936,993,train
46,9937,993,train
46,9938,993,train
46,9939,993,train
46,9950,995,train
46,9951,995,train
46,9952,995,train
46,9953,995,train
46,9954,995,train
46,9955,995,train
46,9956,995,train
46,9957,995,train
46,9958,995,train
46,9959,995,train
46,9960,996,train
46,9961,996,train
46,9962,996,train
46,9963,996,train
46,9964,996,train
46,9965,996,train
46,9966,996,train
46,9967,996,train
46,9968,996,train
46,9969,996,train
46,9970,997,train
46,9971,997,train
46,9972,997,train
46,9973,997,train
46,9974,997,train
46,9975,997,train
46,9976,997,train
46,9977,997,train
46,9978,997,train
46,9979,997,train
46,9980,998,train
46,9981,998,train
46,9982,998,train
46,9983,998,train
46,9984,998,train
46,9985,998,train
46,9986,998,train
46,9987,998,train
46,9988,998,train
46,9989,998,train
46,9990,999,train
46,9991,999,train
46,9992,999,train
46,9993,999,train
46,9994,999,train
46,9995,999,train
46,9996,999,train
46,9997,999,train
46,9998,999,train
46,9999,999,train
46,40,4,calibration
46,41,4,calibration
46,42,4,calibration
46,43,4,calibration
46,44,4,calibration
46,45,4,calibration
46,46,4,calibration
46,47,4,calibration
46,48,4,calibration
46,49,4,calibration
46,130,13,calibration
46,131,13,calibration
46,132,13,calibration
46,133,13,calibration
46,134,13,calibration
46,135,13,calibration
46,136,13,calibration
46,137,13,calibration
46,138,13,calibration
46,139,13,calibration
46,210,21,calibration
46,211,21,calibration
46,212,21,calibration
46,213,21,calibration
46,214,21,calibration
46,215,21,calibration
46,216,21,calibration
46,217,21,calibration
46,218,21,calibration
46,219,21,calibration
46,240,24,calibration
46,241,24,calibration
46,242,24,calibration
46,243,24,calibration
46,244,24,calibration
46,245,24,calibration
46,246,24,calibration
46,247,24,calibration
46,248,24,calibration
46,249,24,calibration
46,260,26,calibration
46,261,26,calibration
46,262,26,calibration
46,263,26,calibration
46,264,26,calibration
46,265,26,calibration
46,266,26,calibration
46,267,26,calibration
46,268,26,calibration
46,269,26,calibration
46,270,27,calibration
46,271,27,calibration
46,272,27,calibration
46,273,27,calibration
46,274,27,calibration
46,275,27,calibration
46,276,27,calibration
46,277,27,calibration
46,278,27,calibration
46,279,27,calibration
46,280,28,calibration
46,281,28,calibration
46,282,28,calibration
46,283,28,calibration
46,284,28,calibration
46,285,28,calibration
46,286,28,calibration
46,287,28,calibration
46,288,28,calibration
46,289,28,calibration
46,300,30,calibration
46,301,30,calibration
46,302,30,calibration
46,303,30,calibration
46,304,30,calibration
46,305,30,calibration
46,306,30,calibration
46,307,30,calibration
46,308,30,calibration
46,309,30,calibration
46,440,44,calibration
46,441,44,calibration
46,442,44,calibration
46,443,44,calibration
46,444,44,calibration
46,445,44,calibration
46,446,44,calibration
46,447,44,calibration
46,448,44,calibration
46,449,44,calibration
46,480,48,calibration
46,481,48,calibration
46,482,48,calibration
46,483,48,calibration
46,484,48,calibration
46,485,48,calibration
46,486,48,calibration
46,487,48,calibration
46,488,48,calibration
46,489,48,calibration
46,510,51,calibration
46,511,51,calibration
46,512,51,calibration
46,513,51,calibration
46,514,51,calibration
46,515,51,calibration
46,516,51,calibration
46,517,51,calibration
46,518,51,calibration
46,519,51,calibration
46,550,55,calibration
46,551,55,calibration
46,552,55,calibration
46,553,55,calibration
46,554,55,calibration
46,555,55,calibration
46,556,55,calibration
46,557,55,calibration
46,558,55,calibration
46,559,55,calibration
46,600,60,calibration
46,601,60,calibration
46,602,60,calibration
46,603,60,calibration
46,604,60,calibration
46,605,60,calibration
46,606,60,calibration
46,607,60,calibration
46,608,60,calibration
46,609,60,calibration
46,750,75,calibration
46,751,75,calibration
46,752,75,calibration
46,753,75,calibration
46,754,75,calibration
46,755,75,calibration
46,756,75,calibration
46,757,75,calibration
46,758,75,calibration
46,759,75,calibration
46,770,77,calibration
46,771,77,calibration
46,772,77,calibration
46,773,77,calibration
46,774,77,calibration
46,775,77,calibration
46,776,77,calibration
46,777,77,calibration
46,778,77,calibration
46,779,77,calibration
46,820,82,calibration
46,821,82,calibration
46,822,82,calibration
46,823,82,calibration
46,824,82,calibration
46,825,82,calibration
46,826,82,calibration
46,827,82,calibration
46,828,82,calibration
46,829,82,calibration
46,840,84,calibration
46,841,84,calibration
46,842,84,calibration
46,843,84,calibration
46,844,84,calibration
46,845,84,calibration
46,846,84,calibration
46,847,84,calibration
46,848,84,calibration
46,849,84,calibration
46,860,86,calibration
46,861,86,calibration
46,862,86,calibration
46,863,86,calibration
46,864,86,calibration
46,865,86,calibration
46,866,86,calibration
46,867,86,calibration
46,868,86,calibration
46,869,86,calibration
46,870,87,calibration
46,871,87,calibration
46,872,87,calibration
46,873,87,calibration
46,874,87,calibration
46,875,87,calibration
46,876,87,calibration
46,877,87,calibration
46,878,87,calibration
46,879,87,calibration
46,890,89,calibration
46,891,89,calibration
46,892,89,calibration
46,893,89,calibration
46,894,89,calibration
46,895,89,calibration
46,896,89,calibration
46,897,89,calibration
46,898,89,calibration
46,899,89,calibration
46,960,96,calibration
46,961,96,calibration
46,962,96,calibration
46,963,96,calibration
46,964,96,calibration
46,965,96,calibration
46,966,96,calibration
46,967,96,calibration
46,968,96,calibration
46,969,96,calibration
46,1120,112,calibration
46,1121,112,calibration
46,1122,112,calibration
46,1123,112,calibration
46,1124,112,calibration
46,1125,112,calibration
46,1126,112,calibration
46,1127,112,calibration
46,1128,112,calibration
46,1129,112,calibration
46,1170,117,calibration
46,1171,117,calibration
46,1172,117,calibration
46,1173,117,calibration
46,1174,117,calibration
46,1175,117,calibration
46,1176,117,calibration
46,1177,117,calibration
46,1178,117,calibration
46,1179,117,calibration
46,1300,130,calibration
46,1301,130,calibration
46,1302,130,calibration
46,1303,130,calibration
46,1304,130,calibration
46,1305,130,calibration
46,1306,130,calibration
46,1307,130,calibration
46,1308,130,calibration
46,1309,130,calibration
46,1320,132,calibration
46,1321,132,calibration
46,1322,132,calibration
46,1323,132,calibration
46,1324,132,calibration
46,1325,132,calibration
46,1326,132,calibration
46,1327,132,calibration
46,1328,132,calibration
46,1329,132,calibration
46,1440,144,calibration
46,1441,144,calibration
46,1442,144,calibration
46,1443,144,calibration
46,1444,144,calibration
46,1445,144,calibration
46,1446,144,calibration
46,1447,144,calibration
46,1448,144,calibration
46,1449,144,calibration
46,1470,147,calibration
46,1471,147,calibration
46,1472,147,calibration
46,1473,147,calibration
46,1474,147,calibration
46,1475,147,calibration
46,1476,147,calibration
46,1477,147,calibration
46,1478,147,calibration
46,1479,147,calibration
46,1510,151,calibration
46,1511,151,calibration
46,1512,151,calibration
46,1513,151,calibration
46,1514,151,calibration
46,1515,151,calibration
46,1516,151,calibration
46,1517,151,calibration
46,1518,151,calibration
46,1519,151,calibration
46,1540,154,calibration
46,1541,154,calibration
46,1542,154,calibration
46,1543,154,calibration
46,1544,154,calibration
46,1545,154,calibration
46,1546,154,calibration
46,1547,154,calibration
46,1548,154,calibration
46,1549,154,calibration
46,1590,159,calibration
46,1591,159,calibration
46,1592,159,calibration
46,1593,159,calibration
46,1594,159,calibration
46,1595,159,calibration
46,1596,159,calibration
46,1597,159,calibration
46,1598,159,calibration
46,1599,159,calibration
46,1650,165,calibration
46,1651,165,calibration
46,1652,165,calibration
46,1653,165,calibration
46,1654,165,calibration
46,1655,165,calibration
46,1656,165,calibration
46,1657,165,calibration
46,1658,165,calibration
46,1659,165,calibration
46,1730,173,calibration
46,1731,173,calibration
46,1732,173,calibration
46,1733,173,calibration
46,1734,173,calibration
46,1735,173,calibration
46,1736,173,calibration
46,1737,173,calibration
46,1738,173,calibration
46,1739,173,calibration
46,1780,178,calibration
46,1781,178,calibration
46,1782,178,calibration
46,1783,178,calibration
46,1784,178,calibration
46,1785,178,calibration
46,1786,178,calibration
46,1787,178,calibration
46,1788,178,calibration
46,1789,178,calibration
46,1790,179,calibration
46,1791,179,calibration
46,1792,179,calibration
46,1793,179,calibration
46,1794,179,calibration
46,1795,179,calibration
46,1796,179,calibration
46,1797,179,calibration
46,1798,179,calibration
46,1799,179,calibration
46,1910,191,calibration
46,1911,191,calibration
46,1912,191,calibration
46,1913,191,calibration
46,1914,191,calibration
46,1915,191,calibration
46,1916,191,calibration
46,1917,191,calibration
46,1918,191,calibration
46,1919,191,calibration
46,1940,194,calibration
46,1941,194,calibration
46,1942,194,calibration
46,1943,194,calibration
46,1944,194,calibration
46,1945,194,calibration
46,1946,194,calibration
46,1947,194,calibration
46,1948,194,calibration
46,1949,194,calibration
46,1970,197,calibration
46,1971,197,calibration
46,1972,197,calibration
46,1973,197,calibration
46,1974,197,calibration
46,1975,197,calibration
46,1976,197,calibration
46,1977,197,calibration
46,1978,197,calibration
46,1979,197,calibration
46,2070,207,calibration
46,2071,207,calibration
46,2072,207,calibration
46,2073,207,calibration
46,2074,207,calibration
46,2075,207,calibration
46,2076,207,calibration
46,2077,207,calibration
46,2078,207,calibration
46,2079,207,calibration
46,2160,216,calibration
46,2161,216,calibration
46,2162,216,calibration
46,2163,216,calibration
46,2164,216,calibration
46,2165,216,calibration
46,2166,216,calibration
46,2167,216,calibration
46,2168,216,calibration
46,2169,216,calibration
46,2170,217,calibration
46,2171,217,calibration
46,2172,217,calibration
46,2173,217,calibration
46,2174,217,calibration
46,2175,217,calibration
46,2176,217,calibration
46,2177,217,calibration
46,2178,217,calibration
46,2179,217,calibration
46,2190,219,calibration
46,2191,219,calibration
46,2192,219,calibration
46,2193,219,calibration
46,2194,219,calibration
46,2195,219,calibration
46,2196,219,calibration
46,2197,219,calibration
46,2198,219,calibration
46,2199,219,calibration
46,2290,229,calibration
46,2291,229,calibration
46,2292,229,calibration
46,2293,229,calibration
46,2294,229,calibration
46,2295,229,calibration
46,2296,229,calibration
46,2297,229,calibration
46,2298,229,calibration
46,2299,229,calibration
46,2390,239,calibration
46,2391,239,calibration
46,2392,239,calibration
46,2393,239,calibration
46,2394,239,calibration
46,2395,239,calibration
46,2396,239,calibration
46,2397,239,calibration
46,2398,239,calibration
46,2399,239,calibration
46,2400,240,calibration
46,2401,240,calibration
46,2402,240,calibration
46,2403,240,calibration
46,2404,240,calibration
46,2405,240,calibration
46,2406,240,calibration
46,2407,240,calibration
46,2408,240,calibration
46,2409,240,calibration
46,2430,243,calibration
46,2431,243,calibration
46,2432,243,calibration
46,2433,243,calibration
46,2434,243,calibration
46,2435,243,calibration
46,2436,243,calibration
46,2437,243,calibration
46,2438,243,calibration
46,2439,243,calibration
46,2450,245,calibration
46,2451,245,calibration
46,2452,245,calibration
46,2453,245,calibration
46,2454,245,calibration
46,2455,245,calibration
46,2456,245,calibration
46,2457,245,calibration
46,2458,245,calibration
46,2459,245,calibration
46,2500,250,calibration
46,2501,250,calibration
46,2502,250,calibration
46,2503,250,calibration
46,2504,250,calibration
46,2505,250,calibration
46,2506,250,calibration
46,2507,250,calibration
46,2508,250,calibration
46,2509,250,calibration
46,2510,251,calibration
46,2511,251,calibration
46,2512,251,calibration
46,2513,251,calibration
46,2514,251,calibration
46,2515,251,calibration
46,2516,251,calibration
46,2517,251,calibration
46,2518,251,calibration
46,2519,251,calibration
46,2590,259,calibration
46,2591,259,calibration
46,2592,259,calibration
46,2593,259,calibration
46,2594,259,calibration
46,2595,259,calibration
46,2596,259,calibration
46,2597,259,calibration
46,2598,259,calibration
46,2599,259,calibration
46,2610,261,calibration
46,2611,261,calibration
46,2612,261,calibration
46,2613,261,calibration
46,2614,261,calibration
46,2615,261,calibration
46,2616,261,calibration
46,2617,261,calibration
46,2618,261,calibration
46,2619,261,calibration
46,2640,264,calibration
46,2641,264,calibration
46,2642,264,calibration
46,2643,264,calibration
46,2644,264,calibration
46,2645,264,calibration
46,2646,264,calibration
46,2647,264,calibration
46,2648,264,calibration
46,2649,264,calibration
46,2660,266,calibration
46,2661,266,calibration
46,2662,266,calibration
46,2663,266,calibration
46,2664,266,calibration
46,2665,266,calibration
46,2666,266,calibration
46,2667,266,calibration
46,2668,266,calibration
46,2669,266,calibration
46,2710,271,calibration
46,2711,271,calibration
46,2712,271,calibration
46,2713,271,calibration
46,2714,271,calibration
46,2715,271,calibration
46,2716,271,calibration
46,2717,271,calibration
46,2718,271,calibration
46,2719,271,calibration
46,2740,274,calibration
46,2741,274,calibration
46,2742,274,calibration
46,2743,274,calibration
46,2744,274,calibration
46,2745,274,calibration
46,2746,274,calibration
46,2747,274,calibration
46,2748,274,calibration
46,2749,274,calibration
46,2780,278,calibration
46,2781,278,calibration
46,2782,278,calibration
46,2783,278,calibration
46,2784,278,calibration
46,2785,278,calibration
46,2786,278,calibration
46,2787,278,calibration
46,2788,278,calibration
46,2789,278,calibration
46,2830,283,calibration
46,2831,283,calibration
46,2832,283,calibration
46,2833,283,calibration
46,2834,283,calibration
46,2835,283,calibration
46,2836,283,calibration
46,2837,283,calibration
46,2838,283,calibration
46,2839,283,calibration
46,2910,291,calibration
46,2911,291,calibration
46,2912,291,calibration
46,2913,291,calibration
46,2914,291,calibration
46,2915,291,calibration
46,2916,291,calibration
46,2917,291,calibration
46,2918,291,calibration
46,2919,291,calibration
46,2920,292,calibration
46,2921,292,calibration
46,2922,292,calibration
46,2923,292,calibration
46,2924,292,calibration
46,2925,292,calibration
46,2926,292,calibration
46,2927,292,calibration
46,2928,292,calibration
46,2929,292,calibration
46,3010,301,calibration
46,3011,301,calibration
46,3012,301,calibration
46,3013,301,calibration
46,3014,301,calibration
46,3015,301,calibration
46,3016,301,calibration
46,3017,301,calibration
46,3018,301,calibration
46,3019,301,calibration
46,3030,303,calibration
46,3031,303,calibration
46,3032,303,calibration
46,3033,303,calibration
46,3034,303,calibration
46,3035,303,calibration
46,3036,303,calibration
46,3037,303,calibration
46,3038,303,calibration
46,3039,303,calibration
46,3100,310,calibration
46,3101,310,calibration
46,3102,310,calibration
46,3103,310,calibration
46,3104,310,calibration
46,3105,310,calibration
46,3106,310,calibration
46,3107,310,calibration
46,3108,310,calibration
46,3109,310,calibration
46,3110,311,calibration
46,3111,311,calibration
46,3112,311,calibration
46,3113,311,calibration
46,3114,311,calibration
46,3115,311,calibration
46,3116,311,calibration
46,3117,311,calibration
46,3118,311,calibration
46,3119,311,calibration
46,3120,312,calibration
46,3121,312,calibration
46,3122,312,calibration
46,3123,312,calibration
46,3124,312,calibration
46,3125,312,calibration
46,3126,312,calibration
46,3127,312,calibration
46,3128,312,calibration
46,3129,312,calibration
46,3190,319,calibration
46,3191,319,calibration
46,3192,319,calibration
46,3193,319,calibration
46,3194,319,calibration
46,3195,319,calibration
46,3196,319,calibration
46,3197,319,calibration
46,3198,319,calibration
46,3199,319,calibration
46,3290,329,calibration
46,3291,329,calibration
46,3292,329,calibration
46,3293,329,calibration
46,3294,329,calibration
46,3295,329,calibration
46,3296,329,calibration
46,3297,329,calibration
46,3298,329,calibration
46,3299,329,calibration
46,3310,331,calibration
46,3311,331,calibration
46,3312,331,calibration
46,3313,331,calibration
46,3314,331,calibration
46,3315,331,calibration
46,3316,331,calibration
46,3317,331,calibration
46,3318,331,calibration
46,3319,331,calibration
46,3410,341,calibration
46,3411,341,calibration
46,3412,341,calibration
46,3413,341,calibration
46,3414,341,calibration
46,3415,341,calibration
46,3416,341,calibration
46,3417,341,calibration
46,3418,341,calibration
46,3419,341,calibration
46,3450,345,calibration
46,3451,345,calibration
46,3452,345,calibration
46,3453,345,calibration
46,3454,345,calibration
46,3455,345,calibration
46,3456,345,calibration
46,3457,345,calibration
46,3458,345,calibration
46,3459,345,calibration
46,3480,348,calibration
46,3481,348,calibration
46,3482,348,calibration
46,3483,348,calibration
46,3484,348,calibration
46,3485,348,calibration
46,3486,348,calibration
46,3487,348,calibration
46,3488,348,calibration
46,3489,348,calibration
46,3500,350,calibration
46,3501,350,calibration
46,3502,350,calibration
46,3503,350,calibration
46,3504,350,calibration
46,3505,350,calibration
46,3506,350,calibration
46,3507,350,calibration
46,3508,350,calibration
46,3509,350,calibration
46,3550,355,calibration
46,3551,355,calibration
46,3552,355,calibration
46,3553,355,calibration
46,3554,355,calibration
46,3555,355,calibration
46,3556,355,calibration
46,3557,355,calibration
46,3558,355,calibration
46,3559,355,calibration
46,3560,356,calibration
46,3561,356,calibration
46,3562,356,calibration
46,3563,356,calibration
46,3564,356,calibration
46,3565,356,calibration
46,3566,356,calibration
46,3567,356,calibration
46,3568,356,calibration
46,3569,356,calibration
46,3720,372,calibration
46,3721,372,calibration
46,3722,372,calibration
46,3723,372,calibration
46,3724,372,calibration
46,3725,372,calibration
46,3726,372,calibration
46,3727,372,calibration
46,3728,372,calibration
46,3729,372,calibration
46,3730,373,calibration
46,3731,373,calibration
46,3732,373,calibration
46,3733,373,calibration
46,3734,373,calibration
46,3735,373,calibration
46,3736,373,calibration
46,3737,373,calibration
46,3738,373,calibration
46,3739,373,calibration
46,3810,381,calibration
46,3811,381,calibration
46,3812,381,calibration
46,3813,381,calibration
46,3814,381,calibration
46,3815,381,calibration
46,3816,381,calibration
46,3817,381,calibration
46,3818,381,calibration
46,3819,381,calibration
46,3870,387,calibration
46,3871,387,calibration
46,3872,387,calibration
46,3873,387,calibration
46,3874,387,calibration
46,3875,387,calibration
46,3876,387,calibration
46,3877,387,calibration
46,3878,387,calibration
46,3879,387,calibration
46,3880,388,calibration
46,3881,388,calibration
46,3882,388,calibration
46,3883,388,calibration
46,3884,388,calibration
46,3885,388,calibration
46,3886,388,calibration
46,3887,388,calibration
46,3888,388,calibration
46,3889,388,calibration
46,3950,395,calibration
46,3951,395,calibration
46,3952,395,calibration
46,3953,395,calibration
46,3954,395,calibration
46,3955,395,calibration
46,3956,395,calibration
46,3957,395,calibration
46,3958,395,calibration
46,3959,395,calibration
46,4160,416,calibration
46,4161,416,calibration
46,4162,416,calibration
46,4163,416,calibration
46,4164,416,calibration
46,4165,416,calibration
46,4166,416,calibration
46,4167,416,calibration
46,4168,416,calibration
46,4169,416,calibration
46,4200,420,calibration
46,4201,420,calibration
46,4202,420,calibration
46,4203,420,calibration
46,4204,420,calibration
46,4205,420,calibration
46,4206,420,calibration
46,4207,420,calibration
46,4208,420,calibration
46,4209,420,calibration
46,4210,421,calibration
46,4211,421,calibration
46,4212,421,calibration
46,4213,421,calibration
46,4214,421,calibration
46,4215,421,calibration
46,4216,421,calibration
46,4217,421,calibration
46,4218,421,calibration
46,4219,421,calibration
46,4240,424,calibration
46,4241,424,calibration
46,4242,424,calibration
46,4243,424,calibration
46,4244,424,calibration
46,4245,424,calibration
46,4246,424,calibration
46,4247,424,calibration
46,4248,424,calibration
46,4249,424,calibration
46,4310,431,calibration
46,4311,431,calibration
46,4312,431,calibration
46,4313,431,calibration
46,4314,431,calibration
46,4315,431,calibration
46,4316,431,calibration
46,4317,431,calibration
46,4318,431,calibration
46,4319,431,calibration
46,4370,437,calibration
46,4371,437,calibration
46,4372,437,calibration
46,4373,437,calibration
46,4374,437,calibration
46,4375,437,calibration
46,4376,437,calibration
46,4377,437,calibration
46,4378,437,calibration
46,4379,437,calibration
46,4530,453,calibration
46,4531,453,calibration
46,4532,453,calibration
46,4533,453,calibration
46,4534,453,calibration
46,4535,453,calibration
46,4536,453,calibration
46,4537,453,calibration
46,4538,453,calibration
46,4539,453,calibration
46,4570,457,calibration
46,4571,457,calibration
46,4572,457,calibration
46,4573,457,calibration
46,4574,457,calibration
46,4575,457,calibration
46,4576,457,calibration
46,4577,457,calibration
46,4578,457,calibration
46,4579,457,calibration
46,4620,462,calibration
46,4621,462,calibration
46,4622,462,calibration
46,4623,462,calibration
46,4624,462,calibration
46,4625,462,calibration
46,4626,462,calibration
46,4627,462,calibration
46,4628,462,calibration
46,4629,462,calibration
46,4630,463,calibration
46,4631,463,calibration
46,4632,463,calibration
46,4633,463,calibration
46,4634,463,calibration
46,4635,463,calibration
46,4636,463,calibration
46,4637,463,calibration
46,4638,463,calibration
46,4639,463,calibration
46,4660,466,calibration
46,4661,466,calibration
46,4662,466,calibration
46,4663,466,calibration
46,4664,466,calibration
46,4665,466,calibration
46,4666,466,calibration
46,4667,466,calibration
46,4668,466,calibration
46,4669,466,calibration
46,4680,468,calibration
46,4681,468,calibration
46,4682,468,calibration
46,4683,468,calibration
46,4684,468,calibration
46,4685,468,calibration
46,4686,468,calibration
46,4687,468,calibration
46,4688,468,calibration
46,4689,468,calibration
46,4810,481,calibration
46,4811,481,calibration
46,4812,481,calibration
46,4813,481,calibration
46,4814,481,calibration
46,4815,481,calibration
46,4816,481,calibration
46,4817,481,calibration
46,4818,481,calibration
46,4819,481,calibration
46,4820,482,calibration
46,4821,482,calibration
46,4822,482,calibration
46,4823,482,calibration
46,4824,482,calibration
46,4825,482,calibration
46,4826,482,calibration
46,4827,482,calibration
46,4828,482,calibration
46,4829,482,calibration
46,4940,494,calibration
46,4941,494,calibration
46,4942,494,calibration
46,4943,494,calibration
46,4944,494,calibration
46,4945,494,calibration
46,4946,494,calibration
46,4947,494,calibration
46,4948,494,calibration
46,4949,494,calibration
46,4960,496,calibration
46,4961,496,calibration
46,4962,496,calibration
46,4963,496,calibration
46,4964,496,calibration
46,4965,496,calibration
46,4966,496,calibration
46,4967,496,calibration
46,4968,496,calibration
46,4969,496,calibration
46,4970,497,calibration
46,4971,497,calibration
46,4972,497,calibration
46,4973,497,calibration
46,4974,497,calibration
46,4975,497,calibration
46,4976,497,calibration
46,4977,497,calibration
46,4978,497,calibration
46,4979,497,calibration
46,4980,498,calibration
46,4981,498,calibration
46,4982,498,calibration
46,4983,498,calibration
46,4984,498,calibration
46,4985,498,calibration
46,4986,498,calibration
46,4987,498,calibration
46,4988,498,calibration
46,4989,498,calibration
46,5010,501,calibration
46,5011,501,calibration
46,5012,501,calibration
46,5013,501,calibration
46,5014,501,calibration
46,5015,501,calibration
46,5016,501,calibration
46,5017,501,calibration
46,5018,501,calibration
46,5019,501,calibration
46,5020,502,calibration
46,5021,502,calibration
46,5022,502,calibration
46,5023,502,calibration
46,5024,502,calibration
46,5025,502,calibration
46,5026,502,calibration
46,5027,502,calibration
46,5028,502,calibration
46,5029,502,calibration
46,5230,523,calibration
46,5231,523,calibration
46,5232,523,calibration
46,5233,523,calibration
46,5234,523,calibration
46,5235,523,calibration
46,5236,523,calibration
46,5237,523,calibration
46,5238,523,calibration
46,5239,523,calibration
46,5270,527,calibration
46,5271,527,calibration
46,5272,527,calibration
46,5273,527,calibration
46,5274,527,calibration
46,5275,527,calibration
46,5276,527,calibration
46,5277,527,calibration
46,5278,527,calibration
46,5279,527,calibration
46,5280,528,calibration
46,5281,528,calibration
46,5282,528,calibration
46,5283,528,calibration
46,5284,528,calibration
46,5285,528,calibration
46,5286,528,calibration
46,5287,528,calibration
46,5288,528,calibration
46,5289,528,calibration
46,5360,536,calibration
46,5361,536,calibration
46,5362,536,calibration
46,5363,536,calibration
46,5364,536,calibration
46,5365,536,calibration
46,5366,536,calibration
46,5367,536,calibration
46,5368,536,calibration
46,5369,536,calibration
46,5370,537,calibration
46,5371,537,calibration
46,5372,537,calibration
46,5373,537,calibration
46,5374,537,calibration
46,5375,537,calibration
46,5376,537,calibration
46,5377,537,calibration
46,5378,537,calibration
46,5379,537,calibration
46,5430,543,calibration
46,5431,543,calibration
46,5432,543,calibration
46,5433,543,calibration
46,5434,543,calibration
46,5435,543,calibration
46,5436,543,calibration
46,5437,543,calibration
46,5438,543,calibration
46,5439,543,calibration
46,5450,545,calibration
46,5451,545,calibration
46,5452,545,calibration
46,5453,545,calibration
46,5454,545,calibration
46,5455,545,calibration
46,5456,545,calibration
46,5457,545,calibration
46,5458,545,calibration
46,5459,545,calibration
46,5580,558,calibration
46,5581,558,calibration
46,5582,558,calibration
46,5583,558,calibration
46,5584,558,calibration
46,5585,558,calibration
46,5586,558,calibration
46,5587,558,calibration
46,5588,558,calibration
46,5589,558,calibration
46,5600,560,calibration
46,5601,560,calibration
46,5602,560,calibration
46,5603,560,calibration
46,5604,560,calibration
46,5605,560,calibration
46,5606,560,calibration
46,5607,560,calibration
46,5608,560,calibration
46,5609,560,calibration
46,5630,563,calibration
46,5631,563,calibration
46,5632,563,calibration
46,5633,563,calibration
46,5634,563,calibration
46,5635,563,calibration
46,5636,563,calibration
46,5637,563,calibration
46,5638,563,calibration
46,5639,563,calibration
46,5680,568,calibration
46,5681,568,calibration
46,5682,568,calibration
46,5683,568,calibration
46,5684,568,calibration
46,5685,568,calibration
46,5686,568,calibration
46,5687,568,calibration
46,5688,568,calibration
46,5689,568,calibration
46,5720,572,calibration
46,5721,572,calibration
46,5722,572,calibration
46,5723,572,calibration
46,5724,572,calibration
46,5725,572,calibration
46,5726,572,calibration
46,5727,572,calibration
46,5728,572,calibration
46,5729,572,calibration
46,5730,573,calibration
46,5731,573,calibration
46,5732,573,calibration
46,5733,573,calibration
46,5734,573,calibration
46,5735,573,calibration
46,5736,573,calibration
46,5737,573,calibration
46,5738,573,calibration
46,5739,573,calibration
46,5740,574,calibration
46,5741,574,calibration
46,5742,574,calibration
46,5743,574,calibration
46,5744,574,calibration
46,5745,574,calibration
46,5746,574,calibration
46,5747,574,calibration
46,5748,574,calibration
46,5749,574,calibration
46,5750,575,calibration
46,5751,575,calibration
46,5752,575,calibration
46,5753,575,calibration
46,5754,575,calibration
46,5755,575,calibration
46,5756,575,calibration
46,5757,575,calibration
46,5758,575,calibration
46,5759,575,calibration
46,5780,578,calibration
46,5781,578,calibration
46,5782,578,calibration
46,5783,578,calibration
46,5784,578,calibration
46,5785,578,calibration
46,5786,578,calibration
46,5787,578,calibration
46,5788,578,calibration
46,5789,578,calibration
46,5790,579,calibration
46,5791,579,calibration
46,5792,579,calibration
46,5793,579,calibration
46,5794,579,calibration
46,5795,579,calibration
46,5796,579,calibration
46,5797,579,calibration
46,5798,579,calibration
46,5799,579,calibration
46,5860,586,calibration
46,5861,586,calibration
46,5862,586,calibration
46,5863,586,calibration
46,5864,586,calibration
46,5865,586,calibration
46,5866,586,calibration
46,5867,586,calibration
46,5868,586,calibration
46,5869,586,calibration
46,5880,588,calibration
46,5881,588,calibration
46,5882,588,calibration
46,5883,588,calibration
46,5884,588,calibration
46,5885,588,calibration
46,5886,588,calibration
46,5887,588,calibration
46,5888,588,calibration
46,5889,588,calibration
46,6010,601,calibration
46,6011,601,calibration
46,6012,601,calibration
46,6013,601,calibration
46,6014,601,calibration
46,6015,601,calibration
46,6016,601,calibration
46,6017,601,calibration
46,6018,601,calibration
46,6019,601,calibration
46,6060,606,calibration
46,6061,606,calibration
46,6062,606,calibration
46,6063,606,calibration
46,6064,606,calibration
46,6065,606,calibration
46,6066,606,calibration
46,6067,606,calibration
46,6068,606,calibration
46,6069,606,calibration
46,6100,610,calibration
46,6101,610,calibration
46,6102,610,calibration
46,6103,610,calibration
46,6104,610,calibration
46,6105,610,calibration
46,6106,610,calibration
46,6107,610,calibration
46,6108,610,calibration
46,6109,610,calibration
46,6110,611,calibration
46,6111,611,calibration
46,6112,611,calibration
46,6113,611,calibration
46,6114,611,calibration
46,6115,611,calibration
46,6116,611,calibration
46,6117,611,calibration
46,6118,611,calibration
46,6119,611,calibration
46,6160,616,calibration
46,6161,616,calibration
46,6162,616,calibration
46,6163,616,calibration
46,6164,616,calibration
46,6165,616,calibration
46,6166,616,calibration
46,6167,616,calibration
46,6168,616,calibration
46,6169,616,calibration
46,6190,619,calibration
46,6191,619,calibration
46,6192,619,calibration
46,6193,619,calibration
46,6194,619,calibration
46,6195,619,calibration
46,6196,619,calibration
46,6197,619,calibration
46,6198,619,calibration
46,6199,619,calibration
46,6240,624,calibration
46,6241,624,calibration
46,6242,624,calibration
46,6243,624,calibration
46,6244,624,calibration
46,6245,624,calibration
46,6246,624,calibration
46,6247,624,calibration
46,6248,624,calibration
46,6249,624,calibration
46,6280,628,calibration
46,6281,628,calibration
46,6282,628,calibration
46,6283,628,calibration
46,6284,628,calibration
46,6285,628,calibration
46,6286,628,calibration
46,6287,628,calibration
46,6288,628,calibration
46,6289,628,calibration
46,6320,632,calibration
46,6321,632,calibration
46,6322,632,calibration
46,6323,632,calibration
46,6324,632,calibration
46,6325,632,calibration
46,6326,632,calibration
46,6327,632,calibration
46,6328,632,calibration
46,6329,632,calibration
46,6380,638,calibration
46,6381,638,calibration
46,6382,638,calibration
46,6383,638,calibration
46,6384,638,calibration
46,6385,638,calibration
46,6386,638,calibration
46,6387,638,calibration
46,6388,638,calibration
46,6389,638,calibration
46,6450,645,calibration
46,6451,645,calibration
46,6452,645,calibration
46,6453,645,calibration
46,6454,645,calibration
46,6455,645,calibration
46,6456,645,calibration
46,6457,645,calibration
46,6458,645,calibration
46,6459,645,calibration
46,6520,652,calibration
46,6521,652,calibration
46,6522,652,calibration
46,6523,652,calibration
46,6524,652,calibration
46,6525,652,calibration
46,6526,652,calibration
46,6527,652,calibration
46,6528,652,calibration
46,6529,652,calibration
46,6550,655,calibration
46,6551,655,calibration
46,6552,655,calibration
46,6553,655,calibration
46,6554,655,calibration
46,6555,655,calibration
46,6556,655,calibration
46,6557,655,calibration
46,6558,655,calibration
46,6559,655,calibration
46,6590,659,calibration
46,6591,659,calibration
46,6592,659,calibration
46,6593,659,calibration
46,6594,659,calibration
46,6595,659,calibration
46,6596,659,calibration
46,6597,659,calibration
46,6598,659,calibration
46,6599,659,calibration
46,6600,660,calibration
46,6601,660,calibration
46,6602,660,calibration
46,6603,660,calibration
46,6604,660,calibration
46,6605,660,calibration
46,6606,660,calibration
46,6607,660,calibration
46,6608,660,calibration
46,6609,660,calibration
46,6660,666,calibration
46,6661,666,calibration
46,6662,666,calibration
46,6663,666,calibration
46,6664,666,calibration
46,6665,666,calibration
46,6666,666,calibration
46,6667,666,calibration
46,6668,666,calibration
46,6669,666,calibration
46,6670,667,calibration
46,6671,667,calibration
46,6672,667,calibration
46,6673,667,calibration
46,6674,667,calibration
46,6675,667,calibration
46,6676,667,calibration
46,6677,667,calibration
46,6678,667,calibration
46,6679,667,calibration
46,6690,669,calibration
46,6691,669,calibration
46,6692,669,calibration
46,6693,669,calibration
46,6694,669,calibration
46,6695,669,calibration
46,6696,669,calibration
46,6697,669,calibration
46,6698,669,calibration
46,6699,669,calibration
46,6700,670,calibration
46,6701,670,calibration
46,6702,670,calibration
46,6703,670,calibration
46,6704,670,calibration
46,6705,670,calibration
46,6706,670,calibration
46,6707,670,calibration
46,6708,670,calibration
46,6709,670,calibration
46,6730,673,calibration
46,6731,673,calibration
46,6732,673,calibration
46,6733,673,calibration
46,6734,673,calibration
46,6735,673,calibration
46,6736,673,calibration
46,6737,673,calibration
46,6738,673,calibration
46,6739,673,calibration
46,6780,678,calibration
46,6781,678,calibration
46,6782,678,calibration
46,6783,678,calibration
46,6784,678,calibration
46,6785,678,calibration
46,6786,678,calibration
46,6787,678,calibration
46,6788,678,calibration
46,6789,678,calibration
46,6810,681,calibration
46,6811,681,calibration
46,6812,681,calibration
46,6813,681,calibration
46,6814,681,calibration
46,6815,681,calibration
46,6816,681,calibration
46,6817,681,calibration
46,6818,681,calibration
46,6819,681,calibration
46,6870,687,calibration
46,6871,687,calibration
46,6872,687,calibration
46,6873,687,calibration
46,6874,687,calibration
46,6875,687,calibration
46,6876,687,calibration
46,6877,687,calibration
46,6878,687,calibration
46,6879,687,calibration
46,6880,688,calibration
46,6881,688,calibration
46,6882,688,calibration
46,6883,688,calibration
46,6884,688,calibration
46,6885,688,calibration
46,6886,688,calibration
46,6887,688,calibration
46,6888,688,calibration
46,6889,688,calibration
46,6900,690,calibration
46,6901,690,calibration
46,6902,690,calibration
46,6903,690,calibration
46,6904,690,calibration
46,6905,690,calibration
46,6906,690,calibration
46,6907,690,calibration
46,6908,690,calibration
46,6909,690,calibration
46,7060,706,calibration
46,7061,706,calibration
46,7062,706,calibration
46,7063,706,calibration
46,7064,706,calibration
46,7065,706,calibration
46,7066,706,calibration
46,7067,706,calibration
46,7068,706,calibration
46,7069,706,calibration
46,7090,709,calibration
46,7091,709,calibration
46,7092,709,calibration
46,7093,709,calibration
46,7094,709,calibration
46,7095,709,calibration
46,7096,709,calibration
46,7097,709,calibration
46,7098,709,calibration
46,7099,709,calibration
46,7170,717,calibration
46,7171,717,calibration
46,7172,717,calibration
46,7173,717,calibration
46,7174,717,calibration
46,7175,717,calibration
46,7176,717,calibration
46,7177,717,calibration
46,7178,717,calibration
46,7179,717,calibration
46,7200,720,calibration
46,7201,720,calibration
46,7202,720,calibration
46,7203,720,calibration
46,7204,720,calibration
46,7205,720,calibration
46,7206,720,calibration
46,7207,720,calibration
46,7208,720,calibration
46,7209,720,calibration
46,7310,731,calibration
46,7311,731,calibration
46,7312,731,calibration
46,7313,731,calibration
46,7314,731,calibration
46,7315,731,calibration
46,7316,731,calibration
46,7317,731,calibration
46,7318,731,calibration
46,7319,731,calibration
46,7350,735,calibration
46,7351,735,calibration
46,7352,735,calibration
46,7353,735,calibration
46,7354,735,calibration
46,7355,735,calibration
46,7356,735,calibration
46,7357,735,calibration
46,7358,735,calibration
46,7359,735,calibration
46,7380,738,calibration
46,7381,738,calibration
46,7382,738,calibration
46,7383,738,calibration
46,7384,738,calibration
46,7385,738,calibration
46,7386,738,calibration
46,7387,738,calibration
46,7388,738,calibration
46,7389,738,calibration
46,7470,747,calibration
46,7471,747,calibration
46,7472,747,calibration
46,7473,747,calibration
46,7474,747,calibration
46,7475,747,calibration
46,7476,747,calibration
46,7477,747,calibration
46,7478,747,calibration
46,7479,747,calibration
46,7620,762,calibration
46,7621,762,calibration
46,7622,762,calibration
46,7623,762,calibration
46,7624,762,calibration
46,7625,762,calibration
46,7626,762,calibration
46,7627,762,calibration
46,7628,762,calibration
46,7629,762,calibration
46,7630,763,calibration
46,7631,763,calibration
46,7632,763,calibration
46,7633,763,calibration
46,7634,763,calibration
46,7635,763,calibration
46,7636,763,calibration
46,7637,763,calibration
46,7638,763,calibration
46,7639,763,calibration
46,7700,770,calibration
46,7701,770,calibration
46,7702,770,calibration
46,7703,770,calibration
46,7704,770,calibration
46,7705,770,calibration
46,7706,770,calibration
46,7707,770,calibration
46,7708,770,calibration
46,7709,770,calibration
46,7730,773,calibration
46,7731,773,calibration
46,7732,773,calibration
46,7733,773,calibration
46,7734,773,calibration
46,7735,773,calibration
46,7736,773,calibration
46,7737,773,calibration
46,7738,773,calibration
46,7739,773,calibration
46,7750,775,calibration
46,7751,775,calibration
46,7752,775,calibration
46,7753,775,calibration
46,7754,775,calibration
46,7755,775,calibration
46,7756,775,calibration
46,7757,775,calibration
46,7758,775,calibration
46,7759,775,calibration
46,7770,777,calibration
46,7771,777,calibration
46,7772,777,calibration
46,7773,777,calibration
46,7774,777,calibration
46,7775,777,calibration
46,7776,777,calibration
46,7777,777,calibration
46,7778,777,calibration
46,7779,777,calibration
46,7910,791,calibration
46,7911,791,calibration
46,7912,791,calibration
46,7913,791,calibration
46,7914,791,calibration
46,7915,791,calibration
46,7916,791,calibration
46,7917,791,calibration
46,7918,791,calibration
46,7919,791,calibration
46,7950,795,calibration
46,7951,795,calibration
46,7952,795,calibration
46,7953,795,calibration
46,7954,795,calibration
46,7955,795,calibration
46,7956,795,calibration
46,7957,795,calibration
46,7958,795,calibration
46,7959,795,calibration
46,7980,798,calibration
46,7981,798,calibration
46,7982,798,calibration
46,7983,798,calibration
46,7984,798,calibration
46,7985,798,calibration
46,7986,798,calibration
46,7987,798,calibration
46,7988,798,calibration
46,7989,798,calibration
46,8070,807,calibration
46,8071,807,calibration
46,8072,807,calibration
46,8073,807,calibration
46,8074,807,calibration
46,8075,807,calibration
46,8076,807,calibration
46,8077,807,calibration
46,8078,807,calibration
46,8079,807,calibration
46,8110,811,calibration
46,8111,811,calibration
46,8112,811,calibration
46,8113,811,calibration
46,8114,811,calibration
46,8115,811,calibration
46,8116,811,calibration
46,8117,811,calibration
46,8118,811,calibration
46,8119,811,calibration
46,8120,812,calibration
46,8121,812,calibration
46,8122,812,calibration
46,8123,812,calibration
46,8124,812,calibration
46,8125,812,calibration
46,8126,812,calibration
46,8127,812,calibration
46,8128,812,calibration
46,8129,812,calibration
46,8140,814,calibration
46,8141,814,calibration
46,8142,814,calibration
46,8143,814,calibration
46,8144,814,calibration
46,8145,814,calibration
46,8146,814,calibration
46,8147,814,calibration
46,8148,814,calibration
46,8149,814,calibration
46,8160,816,calibration
46,8161,816,calibration
46,8162,816,calibration
46,8163,816,calibration
46,8164,816,calibration
46,8165,816,calibration
46,8166,816,calibration
46,8167,816,calibration
46,8168,816,calibration
46,8169,816,calibration
46,8180,818,calibration
46,8181,818,calibration
46,8182,818,calibration
46,8183,818,calibration
46,8184,818,calibration
46,8185,818,calibration
46,8186,818,calibration
46,8187,818,calibration
46,8188,818,calibration
46,8189,818,calibration
46,8280,828,calibration
46,8281,828,calibration
46,8282,828,calibration
46,8283,828,calibration
46,8284,828,calibration
46,8285,828,calibration
46,8286,828,calibration
46,8287,828,calibration
46,8288,828,calibration
46,8289,828,calibration
46,8340,834,calibration
46,8341,834,calibration
46,8342,834,calibration
46,8343,834,calibration
46,8344,834,calibration
46,8345,834,calibration
46,8346,834,calibration
46,8347,834,calibration
46,8348,834,calibration
46,8349,834,calibration
46,8410,841,calibration
46,8411,841,calibration
46,8412,841,calibration
46,8413,841,calibration
46,8414,841,calibration
46,8415,841,calibration
46,8416,841,calibration
46,8417,841,calibration
46,8418,841,calibration
46,8419,841,calibration
46,8440,844,calibration
46,8441,844,calibration
46,8442,844,calibration
46,8443,844,calibration
46,8444,844,calibration
46,8445,844,calibration
46,8446,844,calibration
46,8447,844,calibration
46,8448,844,calibration
46,8449,844,calibration
46,8480,848,calibration
46,8481,848,calibration
46,8482,848,calibration
46,8483,848,calibration
46,8484,848,calibration
46,8485,848,calibration
46,8486,848,calibration
46,8487,848,calibration
46,8488,848,calibration
46,8489,848,calibration
46,8550,855,calibration
46,8551,855,calibration
46,8552,855,calibration
46,8553,855,calibration
46,8554,855,calibration
46,8555,855,calibration
46,8556,855,calibration
46,8557,855,calibration
46,8558,855,calibration
46,8559,855,calibration
46,8630,863,calibration
46,8631,863,calibration
46,8632,863,calibration
46,8633,863,calibration
46,8634,863,calibration
46,8635,863,calibration
46,8636,863,calibration
46,8637,863,calibration
46,8638,863,calibration
46,8639,863,calibration
46,8640,864,calibration
46,8641,864,calibration
46,8642,864,calibration
46,8643,864,calibration
46,8644,864,calibration
46,8645,864,calibration
46,8646,864,calibration
46,8647,864,calibration
46,8648,864,calibration
46,8649,864,calibration
46,8690,869,calibration
46,8691,869,calibration
46,8692,869,calibration
46,8693,869,calibration
46,8694,869,calibration
46,8695,869,calibration
46,8696,869,calibration
46,8697,869,calibration
46,8698,869,calibration
46,8699,869,calibration
46,8750,875,calibration
46,8751,875,calibration
46,8752,875,calibration
46,8753,875,calibration
46,8754,875,calibration
46,8755,875,calibration
46,8756,875,calibration
46,8757,875,calibration
46,8758,875,calibration
46,8759,875,calibration
46,8790,879,calibration
46,8791,879,calibration
46,8792,879,calibration
46,8793,879,calibration
46,8794,879,calibration
46,8795,879,calibration
46,8796,879,calibration
46,8797,879,calibration
46,8798,879,calibration
46,8799,879,calibration
46,8840,884,calibration
46,8841,884,calibration
46,8842,884,calibration
46,8843,884,calibration
46,8844,884,calibration
46,8845,884,calibration
46,8846,884,calibration
46,8847,884,calibration
46,8848,884,calibration
46,8849,884,calibration
46,8910,891,calibration
46,8911,891,calibration
46,8912,891,calibration
46,8913,891,calibration
46,8914,891,calibration
46,8915,891,calibration
46,8916,891,calibration
46,8917,891,calibration
46,8918,891,calibration
46,8919,891,calibration
46,9160,916,calibration
46,9161,916,calibration
46,9162,916,calibration
46,9163,916,calibration
46,9164,916,calibration
46,9165,916,calibration
46,9166,916,calibration
46,9167,916,calibration
46,9168,916,calibration
46,9169,916,calibration
46,9180,918,calibration
46,9181,918,calibration
46,9182,918,calibration
46,9183,918,calibration
46,9184,918,calibration
46,9185,918,calibration
46,9186,918,calibration
46,9187,918,calibration
46,9188,918,calibration
46,9189,918,calibration
46,9220,922,calibration
46,9221,922,calibration
46,9222,922,calibration
46,9223,922,calibration
46,9224,922,calibration
46,9225,922,calibration
46,9226,922,calibration
46,9227,922,calibration
46,9228,922,calibration
46,9229,922,calibration
46,9230,923,calibration
46,9231,923,calibration
46,9232,923,calibration
46,9233,923,calibration
46,9234,923,calibration
46,9235,923,calibration
46,9236,923,calibration
46,9237,923,calibration
46,9238,923,calibration
46,9239,923,calibration
46,9250,925,calibration
46,9251,925,calibration
46,9252,925,calibration
46,9253,925,calibration
46,9254,925,calibration
46,9255,925,calibration
46,9256,925,calibration
46,9257,925,calibration
46,9258,925,calibration
46,9259,925,calibration
46,9310,931,calibration
46,9311,931,calibration
46,9312,931,calibration
46,9313,931,calibration
46,9314,931,calibration
46,9315,931,calibration
46,9316,931,calibration
46,9317,931,calibration
46,9318,931,calibration
46,9319,931,calibration
46,9320,932,calibration
46,9321,932,calibration
46,9322,932,calibration
46,9323,932,calibration
46,9324,932,calibration
46,9325,932,calibration
46,9326,932,calibration
46,9327,932,calibration
46,9328,932,calibration
46,9329,932,calibration
46,9340,934,calibration
46,9341,934,calibration
46,9342,934,calibration
46,9343,934,calibration
46,9344,934,calibration
46,9345,934,calibration
46,9346,934,calibration
46,9347,934,calibration
46,9348,934,calibration
46,9349,934,calibration
46,9350,935,calibration
46,9351,935,calibration
46,9352,935,calibration
46,9353,935,calibration
46,9354,935,calibration
46,9355,935,calibration
46,9356,935,calibration
46,9357,935,calibration
46,9358,935,calibration
46,9359,935,calibration
46,9380,938,calibration
46,9381,938,calibration
46,9382,938,calibration
46,9383,938,calibration
46,9384,938,calibration
46,9385,938,calibration
46,9386,938,calibration
46,9387,938,calibration
46,9388,938,calibration
46,9389,938,calibration
46,9400,940,calibration
46,9401,940,calibration
46,9402,940,calibration
46,9403,940,calibration
46,9404,940,calibration
46,9405,940,calibration
46,9406,940,calibration
46,9407,940,calibration
46,9408,940,calibration
46,9409,940,calibration
46,9500,950,calibration
46,9501,950,calibration
46,9502,950,calibration
46,9503,950,calibration
46,9504,950,calibration
46,9505,950,calibration
46,9506,950,calibration
46,9507,950,calibration
46,9508,950,calibration
46,9509,950,calibration
46,9540,954,calibration
46,9541,954,calibration
46,9542,954,calibration
46,9543,954,calibration
46,9544,954,calibration
46,9545,954,calibration
46,9546,954,calibration
46,9547,954,calibration
46,9548,954,calibration
46,9549,954,calibration
46,9610,961,calibration
46,9611,961,calibration
46,9612,961,calibration
46,9613,961,calibration
46,9614,961,calibration
46,9615,961,calibration
46,9616,961,calibration
46,9617,961,calibration
46,9618,961,calibration
46,9619,961,calibration
46,9660,966,calibration
46,9661,966,calibration
46,9662,966,calibration
46,9663,966,calibration
46,9664,966,calibration
46,9665,966,calibration
46,9666,966,calibration
46,9667,966,calibration
46,9668,966,calibration
46,9669,966,calibration
46,9720,972,calibration
46,9721,972,calibration
46,9722,972,calibration
46,9723,972,calibration
46,9724,972,calibration
46,9725,972,calibration
46,9726,972,calibration
46,9727,972,calibration
46,9728,972,calibration
46,9729,972,calibration
46,9730,973,calibration
46,9731,973,calibration
46,9732,973,calibration
46,9733,973,calibration
46,9734,973,calibration
46,9735,973,calibration
46,9736,973,calibration
46,9737,973,calibration
46,9738,973,calibration
46,9739,973,calibration
46,9750,975,calibration
46,9751,975,calibration
46,9752,975,calibration
46,9753,975,calibration
46,9754,975,calibration
46,9755,975,calibration
46,9756,975,calibration
46,9757,975,calibration
46,9758,975,calibration
46,9759,975,calibration
46,9770,977,calibration
46,9771,977,calibration
46,9772,977,calibration
46,9773,977,calibration
46,9774,977,calibration
46,9775,977,calibration
46,9776,977,calibration
46,9777,977,calibration
46,9778,977,calibration
46,9779,977,calibration
46,9840,984,calibration
46,9841,984,calibration
46,9842,984,calibration
46,9843,984,calibration
46,9844,984,calibration
46,9845,984,calibration
46,9846,984,calibration
46,9847,984,calibration
46,9848,984,calibration
46,9849,984,calibration
46,9920,992,calibration
46,9921,992,calibration
46,9922,992,calibration
46,9923,992,calibration
46,9924,992,calibration
46,9925,992,calibration
46,9926,992,calibration
46,9927,992,calibration
46,9928,992,calibration
46,9929,992,calibration
46,9940,994,calibration
46,9941,994,calibration
46,9942,994,calibration
46,9943,994,calibration
46,9944,994,calibration
46,9945,994,calibration
46,9946,994,calibration
46,9947,994,calibration
46,9948,994,calibration
46,9949,994,calibration
46,90,9,test
46,91,9,test
46,92,9,test
46,93,9,test
46,94,9,test
46,95,9,test
46,96,9,test
46,97,9,test
46,98,9,test
46,99,9,test
46,110,11,test
46,111,11,test
46,112,11,test
46,113,11,test
46,114,11,test
46,115,11,test
46,116,11,test
46,117,11,test
46,118,11,test
46,119,11,test
46,140,14,test
46,141,14,test
46,142,14,test
46,143,14,test
46,144,14,test
46,145,14,test
46,146,14,test
46,147,14,test
46,148,14,test
46,149,14,test
46,190,19,test
46,191,19,test
46,192,19,test
46,193,19,test
46,194,19,test
46,195,19,test
46,196,19,test
46,197,19,test
46,198,19,test
46,199,19,test
46,330,33,test
46,331,33,test
46,332,33,test
46,333,33,test
46,334,33,test
46,335,33,test
46,336,33,test
46,337,33,test
46,338,33,test
46,339,33,test
46,380,38,test
46,381,38,test
46,382,38,test
46,383,38,test
46,384,38,test
46,385,38,test
46,386,38,test
46,387,38,test
46,388,38,test
46,389,38,test
46,390,39,test
46,391,39,test
46,392,39,test
46,393,39,test
46,394,39,test
46,395,39,test
46,396,39,test
46,397,39,test
46,398,39,test
46,399,39,test
46,450,45,test
46,451,45,test
46,452,45,test
46,453,45,test
46,454,45,test
46,455,45,test
46,456,45,test
46,457,45,test
46,458,45,test
46,459,45,test
46,490,49,test
46,491,49,test
46,492,49,test
46,493,49,test
46,494,49,test
46,495,49,test
46,496,49,test
46,497,49,test
46,498,49,test
46,499,49,test
46,650,65,test
46,651,65,test
46,652,65,test
46,653,65,test
46,654,65,test
46,655,65,test
46,656,65,test
46,657,65,test
46,658,65,test
46,659,65,test
46,680,68,test
46,681,68,test
46,682,68,test
46,683,68,test
46,684,68,test
46,685,68,test
46,686,68,test
46,687,68,test
46,688,68,test
46,689,68,test
46,700,70,test
46,701,70,test
46,702,70,test
46,703,70,test
46,704,70,test
46,705,70,test
46,706,70,test
46,707,70,test
46,708,70,test
46,709,70,test
46,710,71,test
46,711,71,test
46,712,71,test
46,713,71,test
46,714,71,test
46,715,71,test
46,716,71,test
46,717,71,test
46,718,71,test
46,719,71,test
46,790,79,test
46,791,79,test
46,792,79,test
46,793,79,test
46,794,79,test
46,795,79,test
46,796,79,test
46,797,79,test
46,798,79,test
46,799,79,test
46,800,80,test
46,801,80,test
46,802,80,test
46,803,80,test
46,804,80,test
46,805,80,test
46,806,80,test
46,807,80,test
46,808,80,test
46,809,80,test
46,810,81,test
46,811,81,test
46,812,81,test
46,813,81,test
46,814,81,test
46,815,81,test
46,816,81,test
46,817,81,test
46,818,81,test
46,819,81,test
46,880,88,test
46,881,88,test
46,882,88,test
46,883,88,test
46,884,88,test
46,885,88,test
46,886,88,test
46,887,88,test
46,888,88,test
46,889,88,test
46,900,90,test
46,901,90,test
46,902,90,test
46,903,90,test
46,904,90,test
46,905,90,test
46,906,90,test
46,907,90,test
46,908,90,test
46,909,90,test
46,930,93,test
46,931,93,test
46,932,93,test
46,933,93,test
46,934,93,test
46,935,93,test
46,936,93,test
46,937,93,test
46,938,93,test
46,939,93,test
46,970,97,test
46,971,97,test
46,972,97,test
46,973,97,test
46,974,97,test
46,975,97,test
46,976,97,test
46,977,97,test
46,978,97,test
46,979,97,test
46,1050,105,test
46,1051,105,test
46,1052,105,test
46,1053,105,test
46,1054,105,test
46,1055,105,test
46,1056,105,test
46,1057,105,test
46,1058,105,test
46,1059,105,test
46,1110,111,test
46,1111,111,test
46,1112,111,test
46,1113,111,test
46,1114,111,test
46,1115,111,test
46,1116,111,test
46,1117,111,test
46,1118,111,test
46,1119,111,test
46,1190,119,test
46,1191,119,test
46,1192,119,test
46,1193,119,test
46,1194,119,test
46,1195,119,test
46,1196,119,test
46,1197,119,test
46,1198,119,test
46,1199,119,test
46,1290,129,test
46,1291,129,test
46,1292,129,test
46,1293,129,test
46,1294,129,test
46,1295,129,test
46,1296,129,test
46,1297,129,test
46,1298,129,test
46,1299,129,test
46,1390,139,test
46,1391,139,test
46,1392,139,test
46,1393,139,test
46,1394,139,test
46,1395,139,test
46,1396,139,test
46,1397,139,test
46,1398,139,test
46,1399,139,test
46,1420,142,test
46,1421,142,test
46,1422,142,test
46,1423,142,test
46,1424,142,test
46,1425,142,test
46,1426,142,test
46,1427,142,test
46,1428,142,test
46,1429,142,test
46,1430,143,test
46,1431,143,test
46,1432,143,test
46,1433,143,test
46,1434,143,test
46,1435,143,test
46,1436,143,test
46,1437,143,test
46,1438,143,test
46,1439,143,test
46,1480,148,test
46,1481,148,test
46,1482,148,test
46,1483,148,test
46,1484,148,test
46,1485,148,test
46,1486,148,test
46,1487,148,test
46,1488,148,test
46,1489,148,test
46,1550,155,test
46,1551,155,test
46,1552,155,test
46,1553,155,test
46,1554,155,test
46,1555,155,test
46,1556,155,test
46,1557,155,test
46,1558,155,test
46,1559,155,test
46,1560,156,test
46,1561,156,test
46,1562,156,test
46,1563,156,test
46,1564,156,test
46,1565,156,test
46,1566,156,test
46,1567,156,test
46,1568,156,test
46,1569,156,test
46,1600,160,test
46,1601,160,test
46,1602,160,test
46,1603,160,test
46,1604,160,test
46,1605,160,test
46,1606,160,test
46,1607,160,test
46,1608,160,test
46,1609,160,test
46,1690,169,test
46,1691,169,test
46,1692,169,test
46,1693,169,test
46,1694,169,test
46,1695,169,test
46,1696,169,test
46,1697,169,test
46,1698,169,test
46,1699,169,test
46,1720,172,test
46,1721,172,test
46,1722,172,test
46,1723,172,test
46,1724,172,test
46,1725,172,test
46,1726,172,test
46,1727,172,test
46,1728,172,test
46,1729,172,test
46,1740,174,test
46,1741,174,test
46,1742,174,test
46,1743,174,test
46,1744,174,test
46,1745,174,test
46,1746,174,test
46,1747,174,test
46,1748,174,test
46,1749,174,test
46,1810,181,test
46,1811,181,test
46,1812,181,test
46,1813,181,test
46,1814,181,test
46,1815,181,test
46,1816,181,test
46,1817,181,test
46,1818,181,test
46,1819,181,test
46,1850,185,test
46,1851,185,test
46,1852,185,test
46,1853,185,test
46,1854,185,test
46,1855,185,test
46,1856,185,test
46,1857,185,test
46,1858,185,test
46,1859,185,test
46,1870,187,test
46,1871,187,test
46,1872,187,test
46,1873,187,test
46,1874,187,test
46,1875,187,test
46,1876,187,test
46,1877,187,test
46,1878,187,test
46,1879,187,test
46,1880,188,test
46,1881,188,test
46,1882,188,test
46,1883,188,test
46,1884,188,test
46,1885,188,test
46,1886,188,test
46,1887,188,test
46,1888,188,test
46,1889,188,test
46,1930,193,test
46,1931,193,test
46,1932,193,test
46,1933,193,test
46,1934,193,test
46,1935,193,test
46,1936,193,test
46,1937,193,test
46,1938,193,test
46,1939,193,test
46,2010,201,test
46,2011,201,test
46,2012,201,test
46,2013,201,test
46,2014,201,test
46,2015,201,test
46,2016,201,test
46,2017,201,test
46,2018,201,test
46,2019,201,test
46,2020,202,test
46,2021,202,test
46,2022,202,test
46,2023,202,test
46,2024,202,test
46,2025,202,test
46,2026,202,test
46,2027,202,test
46,2028,202,test
46,2029,202,test
46,2080,208,test
46,2081,208,test
46,2082,208,test
46,2083,208,test
46,2084,208,test
46,2085,208,test
46,2086,208,test
46,2087,208,test
46,2088,208,test
46,2089,208,test
46,2220,222,test
46,2221,222,test
46,2222,222,test
46,2223,222,test
46,2224,222,test
46,2225,222,test
46,2226,222,test
46,2227,222,test
46,2228,222,test
46,2229,222,test
46,2240,224,test
46,2241,224,test
46,2242,224,test
46,2243,224,test
46,2244,224,test
46,2245,224,test
46,2246,224,test
46,2247,224,test
46,2248,224,test
46,2249,224,test
46,2280,228,test
46,2281,228,test
46,2282,228,test
46,2283,228,test
46,2284,228,test
46,2285,228,test
46,2286,228,test
46,2287,228,test
46,2288,228,test
46,2289,228,test
46,2300,230,test
46,2301,230,test
46,2302,230,test
46,2303,230,test
46,2304,230,test
46,2305,230,test
46,2306,230,test
46,2307,230,test
46,2308,230,test
46,2309,230,test
46,2330,233,test
46,2331,233,test
46,2332,233,test
46,2333,233,test
46,2334,233,test
46,2335,233,test
46,2336,233,test
46,2337,233,test
46,2338,233,test
46,2339,233,test
46,2340,234,test
46,2341,234,test
46,2342,234,test
46,2343,234,test
46,2344,234,test
46,2345,234,test
46,2346,234,test
46,2347,234,test
46,2348,234,test
46,2349,234,test
46,2530,253,test
46,2531,253,test
46,2532,253,test
46,2533,253,test
46,2534,253,test
46,2535,253,test
46,2536,253,test
46,2537,253,test
46,2538,253,test
46,2539,253,test
46,2570,257,test
46,2571,257,test
46,2572,257,test
46,2573,257,test
46,2574,257,test
46,2575,257,test
46,2576,257,test
46,2577,257,test
46,2578,257,test
46,2579,257,test
46,2630,263,test
46,2631,263,test
46,2632,263,test
46,2633,263,test
46,2634,263,test
46,2635,263,test
46,2636,263,test
46,2637,263,test
46,2638,263,test
46,2639,263,test
46,2720,272,test
46,2721,272,test
46,2722,272,test
46,2723,272,test
46,2724,272,test
46,2725,272,test
46,2726,272,test
46,2727,272,test
46,2728,272,test
46,2729,272,test
46,2730,273,test
46,2731,273,test
46,2732,273,test
46,2733,273,test
46,2734,273,test
46,2735,273,test
46,2736,273,test
46,2737,273,test
46,2738,273,test
46,2739,273,test
46,2750,275,test
46,2751,275,test
46,2752,275,test
46,2753,275,test
46,2754,275,test
46,2755,275,test
46,2756,275,test
46,2757,275,test
46,2758,275,test
46,2759,275,test
46,2840,284,test
46,2841,284,test
46,2842,284,test
46,2843,284,test
46,2844,284,test
46,2845,284,test
46,2846,284,test
46,2847,284,test
46,2848,284,test
46,2849,284,test
46,2870,287,test
46,2871,287,test
46,2872,287,test
46,2873,287,test
46,2874,287,test
46,2875,287,test
46,2876,287,test
46,2877,287,test
46,2878,287,test
46,2879,287,test
46,2900,290,test
46,2901,290,test
46,2902,290,test
46,2903,290,test
46,2904,290,test
46,2905,290,test
46,2906,290,test
46,2907,290,test
46,2908,290,test
46,2909,290,test
46,3040,304,test
46,3041,304,test
46,3042,304,test
46,3043,304,test
46,3044,304,test
46,3045,304,test
46,3046,304,test
46,3047,304,test
46,3048,304,test
46,3049,304,test
46,3130,313,test
46,3131,313,test
46,3132,313,test
46,3133,313,test
46,3134,313,test
46,3135,313,test
46,3136,313,test
46,3137,313,test
46,3138,313,test
46,3139,313,test
46,3170,317,test
46,3171,317,test
46,3172,317,test
46,3173,317,test
46,3174,317,test
46,3175,317,test
46,3176,317,test
46,3177,317,test
46,3178,317,test
46,3179,317,test
46,3250,325,test
46,3251,325,test
46,3252,325,test
46,3253,325,test
46,3254,325,test
46,3255,325,test
46,3256,325,test
46,3257,325,test
46,3258,325,test
46,3259,325,test
46,3260,326,test
46,3261,326,test
46,3262,326,test
46,3263,326,test
46,3264,326,test
46,3265,326,test
46,3266,326,test
46,3267,326,test
46,3268,326,test
46,3269,326,test
46,3270,327,test
46,3271,327,test
46,3272,327,test
46,3273,327,test
46,3274,327,test
46,3275,327,test
46,3276,327,test
46,3277,327,test
46,3278,327,test
46,3279,327,test
46,3280,328,test
46,3281,328,test
46,3282,328,test
46,3283,328,test
46,3284,328,test
46,3285,328,test
46,3286,328,test
46,3287,328,test
46,3288,328,test
46,3289,328,test
46,3300,330,test
46,3301,330,test
46,3302,330,test
46,3303,330,test
46,3304,330,test
46,3305,330,test
46,3306,330,test
46,3307,330,test
46,3308,330,test
46,3309,330,test
46,3330,333,test
46,3331,333,test
46,3332,333,test
46,3333,333,test
46,3334,333,test
46,3335,333,test
46,3336,333,test
46,3337,333,test
46,3338,333,test
46,3339,333,test
46,3360,336,test
46,3361,336,test
46,3362,336,test
46,3363,336,test
46,3364,336,test
46,3365,336,test
46,3366,336,test
46,3367,336,test
46,3368,336,test
46,3369,336,test
46,3370,337,test
46,3371,337,test
46,3372,337,test
46,3373,337,test
46,3374,337,test
46,3375,337,test
46,3376,337,test
46,3377,337,test
46,3378,337,test
46,3379,337,test
46,3390,339,test
46,3391,339,test
46,3392,339,test
46,3393,339,test
46,3394,339,test
46,3395,339,test
46,3396,339,test
46,3397,339,test
46,3398,339,test
46,3399,339,test
46,3440,344,test
46,3441,344,test
46,3442,344,test
46,3443,344,test
46,3444,344,test
46,3445,344,test
46,3446,344,test
46,3447,344,test
46,3448,344,test
46,3449,344,test
46,3510,351,test
46,3511,351,test
46,3512,351,test
46,3513,351,test
46,3514,351,test
46,3515,351,test
46,3516,351,test
46,3517,351,test
46,3518,351,test
46,3519,351,test
46,3540,354,test
46,3541,354,test
46,3542,354,test
46,3543,354,test
46,3544,354,test
46,3545,354,test
46,3546,354,test
46,3547,354,test
46,3548,354,test
46,3549,354,test
46,3570,357,test
46,3571,357,test
46,3572,357,test
46,3573,357,test
46,3574,357,test
46,3575,357,test
46,3576,357,test
46,3577,357,test
46,3578,357,test
46,3579,357,test
46,3660,366,test
46,3661,366,test
46,3662,366,test
46,3663,366,test
46,3664,366,test
46,3665,366,test
46,3666,366,test
46,3667,366,test
46,3668,366,test
46,3669,366,test
46,3690,369,test
46,3691,369,test
46,3692,369,test
46,3693,369,test
46,3694,369,test
46,3695,369,test
46,3696,369,test
46,3697,369,test
46,3698,369,test
46,3699,369,test
46,3700,370,test
46,3701,370,test
46,3702,370,test
46,3703,370,test
46,3704,370,test
46,3705,370,test
46,3706,370,test
46,3707,370,test
46,3708,370,test
46,3709,370,test
46,3740,374,test
46,3741,374,test
46,3742,374,test
46,3743,374,test
46,3744,374,test
46,3745,374,test
46,3746,374,test
46,3747,374,test
46,3748,374,test
46,3749,374,test
46,3750,375,test
46,3751,375,test
46,3752,375,test
46,3753,375,test
46,3754,375,test
46,3755,375,test
46,3756,375,test
46,3757,375,test
46,3758,375,test
46,3759,375,test
46,3860,386,test
46,3861,386,test
46,3862,386,test
46,3863,386,test
46,3864,386,test
46,3865,386,test
46,3866,386,test
46,3867,386,test
46,3868,386,test
46,3869,386,test
46,3890,389,test
46,3891,389,test
46,3892,389,test
46,3893,389,test
46,3894,389,test
46,3895,389,test
46,3896,389,test
46,3897,389,test
46,3898,389,test
46,3899,389,test
46,3960,396,test
46,3961,396,test
46,3962,396,test
46,3963,396,test
46,3964,396,test
46,3965,396,test
46,3966,396,test
46,3967,396,test
46,3968,396,test
46,3969,396,test
46,4050,405,test
46,4051,405,test
46,4052,405,test
46,4053,405,test
46,4054,405,test
46,4055,405,test
46,4056,405,test
46,4057,405,test
46,4058,405,test
46,4059,405,test
46,4060,406,test
46,4061,406,test
46,4062,406,test
46,4063,406,test
46,4064,406,test
46,4065,406,test
46,4066,406,test
46,4067,406,test
46,4068,406,test
46,4069,406,test
46,4090,409,test
46,4091,409,test
46,4092,409,test
46,4093,409,test
46,4094,409,test
46,4095,409,test
46,4096,409,test
46,4097,409,test
46,4098,409,test
46,4099,409,test
46,4100,410,test
46,4101,410,test
46,4102,410,test
46,4103,410,test
46,4104,410,test
46,4105,410,test
46,4106,410,test
46,4107,410,test
46,4108,410,test
46,4109,410,test
46,4130,413,test
46,4131,413,test
46,4132,413,test
46,4133,413,test
46,4134,413,test
46,4135,413,test
46,4136,413,test
46,4137,413,test
46,4138,413,test
46,4139,413,test
46,4140,414,test
46,4141,414,test
46,4142,414,test
46,4143,414,test
46,4144,414,test
46,4145,414,test
46,4146,414,test
46,4147,414,test
46,4148,414,test
46,4149,414,test
46,4230,423,test
46,4231,423,test
46,4232,423,test
46,4233,423,test
46,4234,423,test
46,4235,423,test
46,4236,423,test
46,4237,423,test
46,4238,423,test
46,4239,423,test
46,4250,425,test
46,4251,425,test
46,4252,425,test
46,4253,425,test
46,4254,425,test
46,4255,425,test
46,4256,425,test
46,4257,425,test
46,4258,425,test
46,4259,425,test
46,4350,435,test
46,4351,435,test
46,4352,435,test
46,4353,435,test
46,4354,435,test
46,4355,435,test
46,4356,435,test
46,4357,435,test
46,4358,435,test
46,4359,435,test
46,4420,442,test
46,4421,442,test
46,4422,442,test
46,4423,442,test
46,4424,442,test
46,4425,442,test
46,4426,442,test
46,4427,442,test
46,4428,442,test
46,4429,442,test
46,4490,449,test
46,4491,449,test
46,4492,449,test
46,4493,449,test
46,4494,449,test
46,4495,449,test
46,4496,449,test
46,4497,449,test
46,4498,449,test
46,4499,449,test
46,4610,461,test
46,4611,461,test
46,4612,461,test
46,4613,461,test
46,4614,461,test
46,4615,461,test
46,4616,461,test
46,4617,461,test
46,4618,461,test
46,4619,461,test
46,4690,469,test
46,4691,469,test
46,4692,469,test
46,4693,469,test
46,4694,469,test
46,4695,469,test
46,4696,469,test
46,4697,469,test
46,4698,469,test
46,4699,469,test
46,4770,477,test
46,4771,477,test
46,4772,477,test
46,4773,477,test
46,4774,477,test
46,4775,477,test
46,4776,477,test
46,4777,477,test
46,4778,477,test
46,4779,477,test
46,4830,483,test
46,4831,483,test
46,4832,483,test
46,4833,483,test
46,4834,483,test
46,4835,483,test
46,4836,483,test
46,4837,483,test
46,4838,483,test
46,4839,483,test
46,4850,485,test
46,4851,485,test
46,4852,485,test
46,4853,485,test
46,4854,485,test
46,4855,485,test
46,4856,485,test
46,4857,485,test
46,4858,485,test
46,4859,485,test
46,4880,488,test
46,4881,488,test
46,4882,488,test
46,4883,488,test
46,4884,488,test
46,4885,488,test
46,4886,488,test
46,4887,488,test
46,4888,488,test
46,4889,488,test
46,4890,489,test
46,4891,489,test
46,4892,489,test
46,4893,489,test
46,4894,489,test
46,4895,489,test
46,4896,489,test
46,4897,489,test
46,4898,489,test
46,4899,489,test
46,4900,490,test
46,4901,490,test
46,4902,490,test
46,4903,490,test
46,4904,490,test
46,4905,490,test
46,4906,490,test
46,4907,490,test
46,4908,490,test
46,4909,490,test
46,4930,493,test
46,4931,493,test
46,4932,493,test
46,4933,493,test
46,4934,493,test
46,4935,493,test
46,4936,493,test
46,4937,493,test
46,4938,493,test
46,4939,493,test
46,4990,499,test
46,4991,499,test
46,4992,499,test
46,4993,499,test
46,4994,499,test
46,4995,499,test
46,4996,499,test
46,4997,499,test
46,4998,499,test
46,4999,499,test
46,5030,503,test
46,5031,503,test
46,5032,503,test
46,5033,503,test
46,5034,503,test
46,5035,503,test
46,5036,503,test
46,5037,503,test
46,5038,503,test
46,5039,503,test
46,5060,506,test
46,5061,506,test
46,5062,506,test
46,5063,506,test
46,5064,506,test
46,5065,506,test
46,5066,506,test
46,5067,506,test
46,5068,506,test
46,5069,506,test
46,5080,508,test
46,5081,508,test
46,5082,508,test
46,5083,508,test
46,5084,508,test
46,5085,508,test
46,5086,508,test
46,5087,508,test
46,5088,508,test
46,5089,508,test
46,5110,511,test
46,5111,511,test
46,5112,511,test
46,5113,511,test
46,5114,511,test
46,5115,511,test
46,5116,511,test
46,5117,511,test
46,5118,511,test
46,5119,511,test
46,5140,514,test
46,5141,514,test
46,5142,514,test
46,5143,514,test
46,5144,514,test
46,5145,514,test
46,5146,514,test
46,5147,514,test
46,5148,514,test
46,5149,514,test
46,5180,518,test
46,5181,518,test
46,5182,518,test
46,5183,518,test
46,5184,518,test
46,5185,518,test
46,5186,518,test
46,5187,518,test
46,5188,518,test
46,5189,518,test
46,5190,519,test
46,5191,519,test
46,5192,519,test
46,5193,519,test
46,5194,519,test
46,5195,519,test
46,5196,519,test
46,5197,519,test
46,5198,519,test
46,5199,519,test
46,5220,522,test
46,5221,522,test
46,5222,522,test
46,5223,522,test
46,5224,522,test
46,5225,522,test
46,5226,522,test
46,5227,522,test
46,5228,522,test
46,5229,522,test
46,5340,534,test
46,5341,534,test
46,5342,534,test
46,5343,534,test
46,5344,534,test
46,5345,534,test
46,5346,534,test
46,5347,534,test
46,5348,534,test
46,5349,534,test
46,5350,535,test
46,5351,535,test
46,5352,535,test
46,5353,535,test
46,5354,535,test
46,5355,535,test
46,5356,535,test
46,5357,535,test
46,5358,535,test
46,5359,535,test
46,5480,548,test
46,5481,548,test
46,5482,548,test
46,5483,548,test
46,5484,548,test
46,5485,548,test
46,5486,548,test
46,5487,548,test
46,5488,548,test
46,5489,548,test
46,5500,550,test
46,5501,550,test
46,5502,550,test
46,5503,550,test
46,5504,550,test
46,5505,550,test
46,5506,550,test
46,5507,550,test
46,5508,550,test
46,5509,550,test
46,5510,551,test
46,5511,551,test
46,5512,551,test
46,5513,551,test
46,5514,551,test
46,5515,551,test
46,5516,551,test
46,5517,551,test
46,5518,551,test
46,5519,551,test
46,5530,553,test
46,5531,553,test
46,5532,553,test
46,5533,553,test
46,5534,553,test
46,5535,553,test
46,5536,553,test
46,5537,553,test
46,5538,553,test
46,5539,553,test
46,5540,554,test
46,5541,554,test
46,5542,554,test
46,5543,554,test
46,5544,554,test
46,5545,554,test
46,5546,554,test
46,5547,554,test
46,5548,554,test
46,5549,554,test
46,5610,561,test
46,5611,561,test
46,5612,561,test
46,5613,561,test
46,5614,561,test
46,5615,561,test
46,5616,561,test
46,5617,561,test
46,5618,561,test
46,5619,561,test
46,5650,565,test
46,5651,565,test
46,5652,565,test
46,5653,565,test
46,5654,565,test
46,5655,565,test
46,5656,565,test
46,5657,565,test
46,5658,565,test
46,5659,565,test
46,5710,571,test
46,5711,571,test
46,5712,571,test
46,5713,571,test
46,5714,571,test
46,5715,571,test
46,5716,571,test
46,5717,571,test
46,5718,571,test
46,5719,571,test
46,5760,576,test
46,5761,576,test
46,5762,576,test
46,5763,576,test
46,5764,576,test
46,5765,576,test
46,5766,576,test
46,5767,576,test
46,5768,576,test
46,5769,576,test
46,5800,580,test
46,5801,580,test
46,5802,580,test
46,5803,580,test
46,5804,580,test
46,5805,580,test
46,5806,580,test
46,5807,580,test
46,5808,580,test
46,5809,580,test
46,5820,582,test
46,5821,582,test
46,5822,582,test
46,5823,582,test
46,5824,582,test
46,5825,582,test
46,5826,582,test
46,5827,582,test
46,5828,582,test
46,5829,582,test
46,5870,587,test
46,5871,587,test
46,5872,587,test
46,5873,587,test
46,5874,587,test
46,5875,587,test
46,5876,587,test
46,5877,587,test
46,5878,587,test
46,5879,587,test
46,5990,599,test
46,5991,599,test
46,5992,599,test
46,5993,599,test
46,5994,599,test
46,5995,599,test
46,5996,599,test
46,5997,599,test
46,5998,599,test
46,5999,599,test
46,6020,602,test
46,6021,602,test
46,6022,602,test
46,6023,602,test
46,6024,602,test
46,6025,602,test
46,6026,602,test
46,6027,602,test
46,6028,602,test
46,6029,602,test
46,6070,607,test
46,6071,607,test
46,6072,607,test
46,6073,607,test
46,6074,607,test
46,6075,607,test
46,6076,607,test
46,6077,607,test
46,6078,607,test
46,6079,607,test
46,6170,617,test
46,6171,617,test
46,6172,617,test
46,6173,617,test
46,6174,617,test
46,6175,617,test
46,6176,617,test
46,6177,617,test
46,6178,617,test
46,6179,617,test
46,6230,623,test
46,6231,623,test
46,6232,623,test
46,6233,623,test
46,6234,623,test
46,6235,623,test
46,6236,623,test
46,6237,623,test
46,6238,623,test
46,6239,623,test
46,6250,625,test
46,6251,625,test
46,6252,625,test
46,6253,625,test
46,6254,625,test
46,6255,625,test
46,6256,625,test
46,6257,625,test
46,6258,625,test
46,6259,625,test
46,6270,627,test
46,6271,627,test
46,6272,627,test
46,6273,627,test
46,6274,627,test
46,6275,627,test
46,6276,627,test
46,6277,627,test
46,6278,627,test
46,6279,627,test
46,6370,637,test
46,6371,637,test
46,6372,637,test
46,6373,637,test
46,6374,637,test
46,6375,637,test
46,6376,637,test
46,6377,637,test
46,6378,637,test
46,6379,637,test
46,6400,640,test
46,6401,640,test
46,6402,640,test
46,6403,640,test
46,6404,640,test
46,6405,640,test
46,6406,640,test
46,6407,640,test
46,6408,640,test
46,6409,640,test
46,6410,641,test
46,6411,641,test
46,6412,641,test
46,6413,641,test
46,6414,641,test
46,6415,641,test
46,6416,641,test
46,6417,641,test
46,6418,641,test
46,6419,641,test
46,6430,643,test
46,6431,643,test
46,6432,643,test
46,6433,643,test
46,6434,643,test
46,6435,643,test
46,6436,643,test
46,6437,643,test
46,6438,643,test
46,6439,643,test
46,6490,649,test
46,6491,649,test
46,6492,649,test
46,6493,649,test
46,6494,649,test
46,6495,649,test
46,6496,649,test
46,6497,649,test
46,6498,649,test
46,6499,649,test
46,6500,650,test
46,6501,650,test
46,6502,650,test
46,6503,650,test
46,6504,650,test
46,6505,650,test
46,6506,650,test
46,6507,650,test
46,6508,650,test
46,6509,650,test
46,6620,662,test
46,6621,662,test
46,6622,662,test
46,6623,662,test
46,6624,662,test
46,6625,662,test
46,6626,662,test
46,6627,662,test
46,6628,662,test
46,6629,662,test
46,6650,665,test
46,6651,665,test
46,6652,665,test
46,6653,665,test
46,6654,665,test
46,6655,665,test
46,6656,665,test
46,6657,665,test
46,6658,665,test
46,6659,665,test
46,6760,676,test
46,6761,676,test
46,6762,676,test
46,6763,676,test
46,6764,676,test
46,6765,676,test
46,6766,676,test
46,6767,676,test
46,6768,676,test
46,6769,676,test
46,6830,683,test
46,6831,683,test
46,6832,683,test
46,6833,683,test
46,6834,683,test
46,6835,683,test
46,6836,683,test
46,6837,683,test
46,6838,683,test
46,6839,683,test
46,6840,684,test
46,6841,684,test
46,6842,684,test
46,6843,684,test
46,6844,684,test
46,6845,684,test
46,6846,684,test
46,6847,684,test
46,6848,684,test
46,6849,684,test
46,6980,698,test
46,6981,698,test
46,6982,698,test
46,6983,698,test
46,6984,698,test
46,6985,698,test
46,6986,698,test
46,6987,698,test
46,6988,698,test
46,6989,698,test
46,7000,700,test
46,7001,700,test
46,7002,700,test
46,7003,700,test
46,7004,700,test
46,7005,700,test
46,7006,700,test
46,7007,700,test
46,7008,700,test
46,7009,700,test
46,7040,704,test
46,7041,704,test
46,7042,704,test
46,7043,704,test
46,7044,704,test
46,7045,704,test
46,7046,704,test
46,7047,704,test
46,7048,704,test
46,7049,704,test
46,7050,705,test
46,7051,705,test
46,7052,705,test
46,7053,705,test
46,7054,705,test
46,7055,705,test
46,7056,705,test
46,7057,705,test
46,7058,705,test
46,7059,705,test
46,7140,714,test
46,7141,714,test
46,7142,714,test
46,7143,714,test
46,7144,714,test
46,7145,714,test
46,7146,714,test
46,7147,714,test
46,7148,714,test
46,7149,714,test
46,7160,716,test
46,7161,716,test
46,7162,716,test
46,7163,716,test
46,7164,716,test
46,7165,716,test
46,7166,716,test
46,7167,716,test
46,7168,716,test
46,7169,716,test
46,7220,722,test
46,7221,722,test
46,7222,722,test
46,7223,722,test
46,7224,722,test
46,7225,722,test
46,7226,722,test
46,7227,722,test
46,7228,722,test
46,7229,722,test
46,7250,725,test
46,7251,725,test
46,7252,725,test
46,7253,725,test
46,7254,725,test
46,7255,725,test
46,7256,725,test
46,7257,725,test
46,7258,725,test
46,7259,725,test
46,7360,736,test
46,7361,736,test
46,7362,736,test
46,7363,736,test
46,7364,736,test
46,7365,736,test
46,7366,736,test
46,7367,736,test
46,7368,736,test
46,7369,736,test
46,7390,739,test
46,7391,739,test
46,7392,739,test
46,7393,739,test
46,7394,739,test
46,7395,739,test
46,7396,739,test
46,7397,739,test
46,7398,739,test
46,7399,739,test
46,7430,743,test
46,7431,743,test
46,7432,743,test
46,7433,743,test
46,7434,743,test
46,7435,743,test
46,7436,743,test
46,7437,743,test
46,7438,743,test
46,7439,743,test
46,7450,745,test
46,7451,745,test
46,7452,745,test
46,7453,745,test
46,7454,745,test
46,7455,745,test
46,7456,745,test
46,7457,745,test
46,7458,745,test
46,7459,745,test
46,7460,746,test
46,7461,746,test
46,7462,746,test
46,7463,746,test
46,7464,746,test
46,7465,746,test
46,7466,746,test
46,7467,746,test
46,7468,746,test
46,7469,746,test
46,7490,749,test
46,7491,749,test
46,7492,749,test
46,7493,749,test
46,7494,749,test
46,7495,749,test
46,7496,749,test
46,7497,749,test
46,7498,749,test
46,7499,749,test
46,7590,759,test
46,7591,759,test
46,7592,759,test
46,7593,759,test
46,7594,759,test
46,7595,759,test
46,7596,759,test
46,7597,759,test
46,7598,759,test
46,7599,759,test
46,7670,767,test
46,7671,767,test
46,7672,767,test
46,7673,767,test
46,7674,767,test
46,7675,767,test
46,7676,767,test
46,7677,767,test
46,7678,767,test
46,7679,767,test
46,7760,776,test
46,7761,776,test
46,7762,776,test
46,7763,776,test
46,7764,776,test
46,7765,776,test
46,7766,776,test
46,7767,776,test
46,7768,776,test
46,7769,776,test
46,7830,783,test
46,7831,783,test
46,7832,783,test
46,7833,783,test
46,7834,783,test
46,7835,783,test
46,7836,783,test
46,7837,783,test
46,7838,783,test
46,7839,783,test
46,7840,784,test
46,7841,784,test
46,7842,784,test
46,7843,784,test
46,7844,784,test
46,7845,784,test
46,7846,784,test
46,7847,784,test
46,7848,784,test
46,7849,784,test
46,7870,787,test
46,7871,787,test
46,7872,787,test
46,7873,787,test
46,7874,787,test
46,7875,787,test
46,7876,787,test
46,7877,787,test
46,7878,787,test
46,7879,787,test
46,7920,792,test
46,7921,792,test
46,7922,792,test
46,7923,792,test
46,7924,792,test
46,7925,792,test
46,7926,792,test
46,7927,792,test
46,7928,792,test
46,7929,792,test
46,7940,794,test
46,7941,794,test
46,7942,794,test
46,7943,794,test
46,7944,794,test
46,7945,794,test
46,7946,794,test
46,7947,794,test
46,7948,794,test
46,7949,794,test
46,7990,799,test
46,7991,799,test
46,7992,799,test
46,7993,799,test
46,7994,799,test
46,7995,799,test
46,7996,799,test
46,7997,799,test
46,7998,799,test
46,7999,799,test
46,8170,817,test
46,8171,817,test
46,8172,817,test
46,8173,817,test
46,8174,817,test
46,8175,817,test
46,8176,817,test
46,8177,817,test
46,8178,817,test
46,8179,817,test
46,8240,824,test
46,8241,824,test
46,8242,824,test
46,8243,824,test
46,8244,824,test
46,8245,824,test
46,8246,824,test
46,8247,824,test
46,8248,824,test
46,8249,824,test
46,8270,827,test
46,8271,827,test
46,8272,827,test
46,8273,827,test
46,8274,827,test
46,8275,827,test
46,8276,827,test
46,8277,827,test
46,8278,827,test
46,8279,827,test
46,8300,830,test
46,8301,830,test
46,8302,830,test
46,8303,830,test
46,8304,830,test
46,8305,830,test
46,8306,830,test
46,8307,830,test
46,8308,830,test
46,8309,830,test
46,8310,831,test
46,8311,831,test
46,8312,831,test
46,8313,831,test
46,8314,831,test
46,8315,831,test
46,8316,831,test
46,8317,831,test
46,8318,831,test
46,8319,831,test
46,8330,833,test
46,8331,833,test
46,8332,833,test
46,8333,833,test
46,8334,833,test
46,8335,833,test
46,8336,833,test
46,8337,833,test
46,8338,833,test
46,8339,833,test
46,8400,840,test
46,8401,840,test
46,8402,840,test
46,8403,840,test
46,8404,840,test
46,8405,840,test
46,8406,840,test
46,8407,840,test
46,8408,840,test
46,8409,840,test
46,8430,843,test
46,8431,843,test
46,8432,843,test
46,8433,843,test
46,8434,843,test
46,8435,843,test
46,8436,843,test
46,8437,843,test
46,8438,843,test
46,8439,843,test
46,8460,846,test
46,8461,846,test
46,8462,846,test
46,8463,846,test
46,8464,846,test
46,8465,846,test
46,8466,846,test
46,8467,846,test
46,8468,846,test
46,8469,846,test
46,8580,858,test
46,8581,858,test
46,8582,858,test
46,8583,858,test
46,8584,858,test
46,8585,858,test
46,8586,858,test
46,8587,858,test
46,8588,858,test
46,8589,858,test
46,8600,860,test
46,8601,860,test
46,8602,860,test
46,8603,860,test
46,8604,860,test
46,8605,860,test
46,8606,860,test
46,8607,860,test
46,8608,860,test
46,8609,860,test
46,8680,868,test
46,8681,868,test
46,8682,868,test
46,8683,868,test
46,8684,868,test
46,8685,868,test
46,8686,868,test
46,8687,868,test
46,8688,868,test
46,8689,868,test
46,8720,872,test
46,8721,872,test
46,8722,872,test
46,8723,872,test
46,8724,872,test
46,8725,872,test
46,8726,872,test
46,8727,872,test
46,8728,872,test
46,8729,872,test
46,8780,878,test
46,8781,878,test
46,8782,878,test
46,8783,878,test
46,8784,878,test
46,8785,878,test
46,8786,878,test
46,8787,878,test
46,8788,878,test
46,8789,878,test
46,8870,887,test
46,8871,887,test
46,8872,887,test
46,8873,887,test
46,8874,887,test
46,8875,887,test
46,8876,887,test
46,8877,887,test
46,8878,887,test
46,8879,887,test
46,8890,889,test
46,8891,889,test
46,8892,889,test
46,8893,889,test
46,8894,889,test
46,8895,889,test
46,8896,889,test
46,8897,889,test
46,8898,889,test
46,8899,889,test
46,8920,892,test
46,8921,892,test
46,8922,892,test
46,8923,892,test
46,8924,892,test
46,8925,892,test
46,8926,892,test
46,8927,892,test
46,8928,892,test
46,8929,892,test
46,9070,907,test
46,9071,907,test
46,9072,907,test
46,9073,907,test
46,9074,907,test
46,9075,907,test
46,9076,907,test
46,9077,907,test
46,9078,907,test
46,9079,907,test
46,9110,911,test
46,9111,911,test
46,9112,911,test
46,9113,911,test
46,9114,911,test
46,9115,911,test
46,9116,911,test
46,9117,911,test
46,9118,911,test
46,9119,911,test
46,9270,927,test
46,9271,927,test
46,9272,927,test
46,9273,927,test
46,9274,927,test
46,9275,927,test
46,9276,927,test
46,9277,927,test
46,9278,927,test
46,9279,927,test
46,9290,929,test
46,9291,929,test
46,9292,929,test
46,9293,929,test
46,9294,929,test
46,9295,929,test
46,9296,929,test
46,9297,929,test
46,9298,929,test
46,9299,929,test
46,9360,936,test
46,9361,936,test
46,9362,936,test
46,9363,936,test
46,9364,936,test
46,9365,936,test
46,9366,936,test
46,9367,936,test
46,9368,936,test
46,9369,936,test
46,9390,939,test
46,9391,939,test
46,9392,939,test
46,9393,939,test
46,9394,939,test
46,9395,939,test
46,9396,939,test
46,9397,939,test
46,9398,939,test
46,9399,939,test
46,9410,941,test
46,9411,941,test
46,9412,941,test
46,9413,941,test
46,9414,941,test
46,9415,941,test
46,9416,941,test
46,9417,941,test
46,9418,941,test
46,9419,941,test
46,9430,943,test
46,9431,943,test
46,9432,943,test
46,9433,943,test
46,9434,943,test
46,9435,943,test
46,9436,943,test
46,9437,943,test
46,9438,943,test
46,9439,943,test
46,9460,946,test
46,9461,946,test
46,9462,946,test
46,9463,946,test
46,9464,946,test
46,9465,946,test
46,9466,946,test
46,9467,946,test
46,9468,946,test
46,9469,946,test
46,9490,949,test
46,9491,949,test
46,9492,949,test
46,9493,949,test
46,9494,949,test
46,9495,949,test
46,9496,949,test
46,9497,949,test
46,9498,949,test
46,9499,949,test
46,9630,963,test
46,9631,963,test
46,9632,963,test
46,9633,963,test
46,9634,963,test
46,9635,963,test
46,9636,963,test
46,9637,963,test
46,9638,963,test
46,9639,963,test
46,9690,969,test
46,9691,969,test
46,9692,969,test
46,9693,969,test
46,9694,969,test
46,9695,969,test
46,9696,969,test
46,9697,969,test
46,9698,969,test
46,9699,969,test
46,9760,976,test
46,9761,976,test
46,9762,976,test
46,9763,976,test
46,9764,976,test
46,9765,976,test
46,9766,976,test
46,9767,976,test
46,9768,976,test
46,9769,976,test
46,9830,983,test
46,9831,983,test
46,9832,983,test
46,9833,983,test
46,9834,983,test
46,9835,983,test
46,9836,983,test
46,9837,983,test
46,9838,983,test
46,9839,983,test
46,9850,985,test
46,9851,985,test
46,9852,985,test
46,9853,985,test
46,9854,985,test
46,9855,985,test
46,9856,985,test
46,9857,985,test
46,9858,985,test
46,9859,985,test
46,9880,988,test
46,9881,988,test
46,9882,988,test
46,9883,988,test
46,9884,988,test
46,9885,988,test
46,9886,988,test
46,9887,988,test
46,9888,988,test
46,9889,988,test
46,9900,990,test
46,9901,990,test
46,9902,990,test
46,9903,990,test
46,9904,990,test
46,9905,990,test
46,9906,990,test
46,9907,990,test
46,9908,990,test
46,9909,990,test
46,9910,991,test
46,9911,991,test
46,9912,991,test
46,9913,991,test
46,9914,991,test
46,9915,991,test
46,9916,991,test
46,9917,991,test
46,9918,991,test
46,9919,991,test
